country_or_authority,register_page,link_text,feed_url
WMO Register of Alerting Authorities,https://alertingauthority.wmo.int/authorities.php?recId=1,,https://public.wmo.int/en
WMO Register of Alerting Authorities,https://alertingauthority.wmo.int/authorities.php?recId=1,HOME,https://public.wmo.int/en
WMO Register of Alerting Authorities,https://alertingauthority.wmo.int/authorities.php?recId=1,WORLDWEATHER,https://worldweather.wmo.int
WMO Register of Alerting Authorities,https://alertingauthority.wmo.int/authorities.php?recId=1,SEVERE WEATHER,https://severeweather.wmo.int
WMO Register of Alerting Authorities,https://alertingauthority.wmo.int/authorities.php?recId=1,Public Weather Services,https://public.wmo.int/en/programmes/public-weather-services-programme
WMO Register of Alerting Authorities,https://alertingauthority.wmo.int/authorities.php?recId=1,please contact us,https://public.wmo.int/en/about-us/contact-us
WMO Register of Alerting Authorities,https://alertingauthority.wmo.int/authorities.php?recId=1,https://cap-sources.s3.amazonaws.com/al-igewe-en/rss.xml,https://cap-sources.s3.amazonaws.com/al-igewe-en/rss.xml
WMO Register of Alerting Authorities,https://alertingauthority.wmo.int/authorities.php?recId=1,https://www.geo.edu.al/MonitoringForecast/Hydrologic_Meteorological_Forecast/Bulletin_on_Natural_Hazards/,https://www.geo.edu.al/MonitoringForecast/Hydrologic_Meteorological_Forecast/Bulletin_on_Natural_Hazards/
WMO Register of Alerting Authorities,https://alertingauthority.wmo.int/authorities.php?recId=1,© World Meteorological Organization,https://old.wmo.int/extranet/pages/documents/wmo.vcf
WMO Register of Alerting Authorities,https://alertingauthority.wmo.int/authorities.php?recId=1,Copyright,https://public.wmo.int/en/copyright
WMO Register of Alerting Authorities,https://alertingauthority.wmo.int/authorities.php?recId=1,Privacy Policy,https://public.wmo.int/en/privacy-policy
WMO Register of Alerting Authorities,https://alertingauthority.wmo.int/authorities.php?recId=1,Disclaimer,https://public.wmo.int/en/disclaimer
WMO Register of Alerting Authorities,https://alertingauthority.wmo.int/authorities.php?recId=1,Map disclaimer,https://public.wmo.int/en/disclaimer#mapdisclaimer
WMO Register of Alerting Authorities,https://alertingauthority.wmo.int/authorities.php?recId=2,,https://public.wmo.int/en
WMO Register of Alerting Authorities,https://alertingauthority.wmo.int/authorities.php?recId=2,HOME,https://public.wmo.int/en
WMO Register of Alerting Authorities,https://alertingauthority.wmo.int/authorities.php?recId=2,WORLDWEATHER,https://worldweather.wmo.int
WMO Register of Alerting Authorities,https://alertingauthority.wmo.int/authorities.php?recId=2,SEVERE WEATHER,https://severeweather.wmo.int
WMO Register of Alerting Authorities,https://alertingauthority.wmo.int/authorities.php?recId=2,Public Weather Services,https://public.wmo.int/en/programmes/public-weather-services-programme
WMO Register of Alerting Authorities,https://alertingauthority.wmo.int/authorities.php?recId=2,please contact us,https://public.wmo.int/en/about-us/contact-us
WMO Register of Alerting Authorities,https://alertingauthority.wmo.int/authorities.php?recId=2,https://ametvigilance.meteo.dz/rss/rss_meteo_dz.xml,https://ametvigilance.meteo.dz/rss/rss_meteo_dz.xml
WMO Register of Alerting Authorities,https://alertingauthority.wmo.int/authorities.php?recId=2,http://www.worldweather.org/122/m122.htm,http://www.worldweather.org/122/m122.htm
WMO Register of Alerting Authorities,https://alertingauthority.wmo.int/authorities.php?recId=2,© World Meteorological Organization,https://old.wmo.int/extranet/pages/documents/wmo.vcf
WMO Register of Alerting Authorities,https://alertingauthority.wmo.int/authorities.php?recId=2,Copyright,https://public.wmo.int/en/copyright
WMO Register of Alerting Authorities,https://alertingauthority.wmo.int/authorities.php?recId=2,Privacy Policy,https://public.wmo.int/en/privacy-policy
WMO Register of Alerting Authorities,https://alertingauthority.wmo.int/authorities.php?recId=2,Disclaimer,https://public.wmo.int/en/disclaimer
WMO Register of Alerting Authorities,https://alertingauthority.wmo.int/authorities.php?recId=2,Map disclaimer,https://public.wmo.int/en/disclaimer#mapdisclaimer
WMO Register of Alerting Authorities,https://alertingauthority.wmo.int/authorities.php?recId=3,,https://public.wmo.int/en
WMO Register of Alerting Authorities,https://alertingauthority.wmo.int/authorities.php?recId=3,HOME,https://public.wmo.int/en
WMO Register of Alerting Authorities,https://alertingauthority.wmo.int/authorities.php?recId=3,WORLDWEATHER,https://worldweather.wmo.int
WMO Register of Alerting Authorities,https://alertingauthority.wmo.int/authorities.php?recId=3,SEVERE WEATHER,https://severeweather.wmo.int
WMO Register of Alerting Authorities,https://alertingauthority.wmo.int/authorities.php?recId=3,Public Weather Services,https://public.wmo.int/en/programmes/public-weather-services-programme
WMO Register of Alerting Authorities,https://alertingauthority.wmo.int/authorities.php?recId=3,please contact us,https://public.wmo.int/en/about-us/contact-us
WMO Register of Alerting Authorities,https://alertingauthority.wmo.int/authorities.php?recId=3,http://www.ina.gov.ar/alerta/index.php,http://www.ina.gov.ar/alerta/index.php
WMO Register of Alerting Authorities,https://alertingauthority.wmo.int/authorities.php?recId=3,© World Meteorological Organization,https://old.wmo.int/extranet/pages/documents/wmo.vcf
WMO Register of Alerting Authorities,https://alertingauthority.wmo.int/authorities.php?recId=3,Copyright,https://public.wmo.int/en/copyright
WMO Register of Alerting Authorities,https://alertingauthority.wmo.int/authorities.php?recId=3,Privacy Policy,https://public.wmo.int/en/privacy-policy
WMO Register of Alerting Authorities,https://alertingauthority.wmo.int/authorities.php?recId=3,Disclaimer,https://public.wmo.int/en/disclaimer
WMO Register of Alerting Authorities,https://alertingauthority.wmo.int/authorities.php?recId=3,Map disclaimer,https://public.wmo.int/en/disclaimer#mapdisclaimer
WMO Register of Alerting Authorities,https://alertingauthority.wmo.int/authorities.php?recId=4,,https://public.wmo.int/en
WMO Register of Alerting Authorities,https://alertingauthority.wmo.int/authorities.php?recId=4,HOME,https://public.wmo.int/en
WMO Register of Alerting Authorities,https://alertingauthority.wmo.int/authorities.php?recId=4,WORLDWEATHER,https://worldweather.wmo.int
WMO Register of Alerting Authorities,https://alertingauthority.wmo.int/authorities.php?recId=4,SEVERE WEATHER,https://severeweather.wmo.int
WMO Register of Alerting Authorities,https://alertingauthority.wmo.int/authorities.php?recId=4,Public Weather Services,https://public.wmo.int/en/programmes/public-weather-services-programme
WMO Register of Alerting Authorities,https://alertingauthority.wmo.int/authorities.php?recId=4,please contact us,https://public.wmo.int/en/about-us/contact-us
WMO Register of Alerting Authorities,https://alertingauthority.wmo.int/authorities.php?recId=4,https://ssl.smn.gob.ar/CAP/AR.php,https://ssl.smn.gob.ar/CAP/AR.php
WMO Register of Alerting Authorities,https://alertingauthority.wmo.int/authorities.php?recId=4,http://www.smn.gob.ar,http://www.smn.gob.ar
WMO Register of Alerting Authorities,https://alertingauthority.wmo.int/authorities.php?recId=4,© World Meteorological Organization,https://old.wmo.int/extranet/pages/documents/wmo.vcf
WMO Register of Alerting Authorities,https://alertingauthority.wmo.int/authorities.php?recId=4,Copyright,https://public.wmo.int/en/copyright
WMO Register of Alerting Authorities,https://alertingauthority.wmo.int/authorities.php?recId=4,Privacy Policy,https://public.wmo.int/en/privacy-policy
WMO Register of Alerting Authorities,https://alertingauthority.wmo.int/authorities.php?recId=4,Disclaimer,https://public.wmo.int/en/disclaimer
WMO Register of Alerting Authorities,https://alertingauthority.wmo.int/authorities.php?recId=4,Map disclaimer,https://public.wmo.int/en/disclaimer#mapdisclaimer
WMO Register of Alerting Authorities,https://alertingauthority.wmo.int/authorities.php?recId=5,,https://public.wmo.int/en
WMO Register of Alerting Authorities,https://alertingauthority.wmo.int/authorities.php?recId=5,HOME,https://public.wmo.int/en
WMO Register of Alerting Authorities,https://alertingauthority.wmo.int/authorities.php?recId=5,WORLDWEATHER,https://worldweather.wmo.int
WMO Register of Alerting Authorities,https://alertingauthority.wmo.int/authorities.php?recId=5,SEVERE WEATHER,https://severeweather.wmo.int
WMO Register of Alerting Authorities,https://alertingauthority.wmo.int/authorities.php?recId=5,Public Weather Services,https://public.wmo.int/en/programmes/public-weather-services-programme
WMO Register of Alerting Authorities,https://alertingauthority.wmo.int/authorities.php?recId=5,please contact us,https://public.wmo.int/en/about-us/contact-us
WMO Register of Alerting Authorities,https://alertingauthority.wmo.int/authorities.php?recId=5,http://www.worldweather.org/018/m018.htm,http://www.worldweather.org/018/m018.htm
WMO Register of Alerting Authorities,https://alertingauthority.wmo.int/authorities.php?recId=5,© World Meteorological Organization,https://old.wmo.int/extranet/pages/documents/wmo.vcf
WMO Register of Alerting Authorities,https://alertingauthority.wmo.int/authorities.php?recId=5,Copyright,https://public.wmo.int/en/copyright
WMO Register of Alerting Authorities,https://alertingauthority.wmo.int/authorities.php?recId=5,Privacy Policy,https://public.wmo.int/en/privacy-policy
WMO Register of Alerting Authorities,https://alertingauthority.wmo.int/authorities.php?recId=5,Disclaimer,https://public.wmo.int/en/disclaimer
WMO Register of Alerting Authorities,https://alertingauthority.wmo.int/authorities.php?recId=5,Map disclaimer,https://public.wmo.int/en/disclaimer#mapdisclaimer
WMO Register of Alerting Authorities,https://alertingauthority.wmo.int/authorities.php?recId=6,,https://public.wmo.int/en
WMO Register of Alerting Authorities,https://alertingauthority.wmo.int/authorities.php?recId=6,HOME,https://public.wmo.int/en
WMO Register of Alerting Authorities,https://alertingauthority.wmo.int/authorities.php?recId=6,WORLDWEATHER,https://worldweather.wmo.int
WMO Register of Alerting Authorities,https://alertingauthority.wmo.int/authorities.php?recId=6,SEVERE WEATHER,https://severeweather.wmo.int
WMO Register of Alerting Authorities,https://alertingauthority.wmo.int/authorities.php?recId=6,Public Weather Services,https://public.wmo.int/en/programmes/public-weather-services-programme
WMO Register of Alerting Authorities,https://alertingauthority.wmo.int/authorities.php?recId=6,please contact us,https://public.wmo.int/en/about-us/contact-us
WMO Register of Alerting Authorities,https://alertingauthority.wmo.int/authorities.php?recId=6,https://severeweather.wmo.int/v2/cap-alerts/au-bom-en/rss.xml,https://severeweather.wmo.int/v2/cap-alerts/au-bom-en/rss.xml
WMO Register of Alerting Authorities,https://alertingauthority.wmo.int/authorities.php?recId=6,https://bom.gov.au/,https://bom.gov.au/
WMO Register of Alerting Authorities,https://alertingauthority.wmo.int/authorities.php?recId=6,© World Meteorological Organization,https://old.wmo.int/extranet/pages/documents/wmo.vcf
WMO Register of Alerting Authorities,https://alertingauthority.wmo.int/authorities.php?recId=6,Copyright,https://public.wmo.int/en/copyright
WMO Register of Alerting Authorities,https://alertingauthority.wmo.int/authorities.php?recId=6,Privacy Policy,https://public.wmo.int/en/privacy-policy
WMO Register of Alerting Authorities,https://alertingauthority.wmo.int/authorities.php?recId=6,Disclaimer,https://public.wmo.int/en/disclaimer
WMO Register of Alerting Authorities,https://alertingauthority.wmo.int/authorities.php?recId=6,Map disclaimer,https://public.wmo.int/en/disclaimer#mapdisclaimer
WMO Register of Alerting Authorities,https://alertingauthority.wmo.int/authorities.php?recId=7,,https://public.wmo.int/en
WMO Register of Alerting Authorities,https://alertingauthority.wmo.int/authorities.php?recId=7,HOME,https://public.wmo.int/en
WMO Register of Alerting Authorities,https://alertingauthority.wmo.int/authorities.php?recId=7,WORLDWEATHER,https://worldweather.wmo.int
WMO Register of Alerting Authorities,https://alertingauthority.wmo.int/authorities.php?recId=7,SEVERE WEATHER,https://severeweather.wmo.int
WMO Register of Alerting Authorities,https://alertingauthority.wmo.int/authorities.php?recId=7,Public Weather Services,https://public.wmo.int/en/programmes/public-weather-services-programme
WMO Register of Alerting Authorities,https://alertingauthority.wmo.int/authorities.php?recId=7,please contact us,https://public.wmo.int/en/about-us/contact-us
WMO Register of Alerting Authorities,https://alertingauthority.wmo.int/authorities.php?recId=7,© World Meteorological Organization,https://old.wmo.int/extranet/pages/documents/wmo.vcf
WMO Register of Alerting Authorities,https://alertingauthority.wmo.int/authorities.php?recId=7,Copyright,https://public.wmo.int/en/copyright
WMO Register of Alerting Authorities,https://alertingauthority.wmo.int/authorities.php?recId=7,Privacy Policy,https://public.wmo.int/en/privacy-policy
WMO Register of Alerting Authorities,https://alertingauthority.wmo.int/authorities.php?recId=7,Disclaimer,https://public.wmo.int/en/disclaimer
WMO Register of Alerting Authorities,https://alertingauthority.wmo.int/authorities.php?recId=7,Map disclaimer,https://public.wmo.int/en/disclaimer#mapdisclaimer
WMO Register of Alerting Authorities,https://alertingauthority.wmo.int/authorities.php?recId=8,,https://public.wmo.int/en
WMO Register of Alerting Authorities,https://alertingauthority.wmo.int/authorities.php?recId=8,HOME,https://public.wmo.int/en
WMO Register of Alerting Authorities,https://alertingauthority.wmo.int/authorities.php?recId=8,WORLDWEATHER,https://worldweather.wmo.int
WMO Register of Alerting Authorities,https://alertingauthority.wmo.int/authorities.php?recId=8,SEVERE WEATHER,https://severeweather.wmo.int
WMO Register of Alerting Authorities,https://alertingauthority.wmo.int/authorities.php?recId=8,Public Weather Services,https://public.wmo.int/en/programmes/public-weather-services-programme
WMO Register of Alerting Authorities,https://alertingauthority.wmo.int/authorities.php?recId=8,please contact us,https://public.wmo.int/en/about-us/contact-us
WMO Register of Alerting Authorities,https://alertingauthority.wmo.int/authorities.php?recId=8,© World Meteorological Organization,https://old.wmo.int/extranet/pages/documents/wmo.vcf
WMO Register of Alerting Authorities,https://alertingauthority.wmo.int/authorities.php?recId=8,Copyright,https://public.wmo.int/en/copyright
WMO Register of Alerting Authorities,https://alertingauthority.wmo.int/authorities.php?recId=8,Privacy Policy,https://public.wmo.int/en/privacy-policy
WMO Register of Alerting Authorities,https://alertingauthority.wmo.int/authorities.php?recId=8,Disclaimer,https://public.wmo.int/en/disclaimer
WMO Register of Alerting Authorities,https://alertingauthority.wmo.int/authorities.php?recId=8,Map disclaimer,https://public.wmo.int/en/disclaimer#mapdisclaimer
WMO Register of Alerting Authorities,https://alertingauthority.wmo.int/authorities.php?recId=9,,https://public.wmo.int/en
WMO Register of Alerting Authorities,https://alertingauthority.wmo.int/authorities.php?recId=9,HOME,https://public.wmo.int/en
WMO Register of Alerting Authorities,https://alertingauthority.wmo.int/authorities.php?recId=9,WORLDWEATHER,https://worldweather.wmo.int
WMO Register of Alerting Authorities,https://alertingauthority.wmo.int/authorities.php?recId=9,SEVERE WEATHER,https://severeweather.wmo.int
WMO Register of Alerting Authorities,https://alertingauthority.wmo.int/authorities.php?recId=9,Public Weather Services,https://public.wmo.int/en/programmes/public-weather-services-programme
WMO Register of Alerting Authorities,https://alertingauthority.wmo.int/authorities.php?recId=9,please contact us,https://public.wmo.int/en/about-us/contact-us
WMO Register of Alerting Authorities,https://alertingauthority.wmo.int/authorities.php?recId=9,https://feeds.meteoalarm.org/feeds/meteoalarm-legacy-atom-austria,https://feeds.meteoalarm.org/feeds/meteoalarm-legacy-atom-austria
WMO Register of Alerting Authorities,https://alertingauthority.wmo.int/authorities.php?recId=9,https://feeds.meteoalarm.org/feeds/meteoalarm-legacy-atom-austria,https://feeds.meteoalarm.org/feeds/meteoalarm-legacy-atom-austria
WMO Register of Alerting Authorities,https://alertingauthority.wmo.int/authorities.php?recId=9,http://worldweather.wmo.int/en/country.html?countryCode=6,http://worldweather.wmo.int/en/country.html?countryCode=6
WMO Register of Alerting Authorities,https://alertingauthority.wmo.int/authorities.php?recId=9,© World Meteorological Organization,https://old.wmo.int/extranet/pages/documents/wmo.vcf
WMO Register of Alerting Authorities,https://alertingauthority.wmo.int/authorities.php?recId=9,Copyright,https://public.wmo.int/en/copyright
WMO Register of Alerting Authorities,https://alertingauthority.wmo.int/authorities.php?recId=9,Privacy Policy,https://public.wmo.int/en/privacy-policy
WMO Register of Alerting Authorities,https://alertingauthority.wmo.int/authorities.php?recId=9,Disclaimer,https://public.wmo.int/en/disclaimer
WMO Register of Alerting Authorities,https://alertingauthority.wmo.int/authorities.php?recId=9,Map disclaimer,https://public.wmo.int/en/disclaimer#mapdisclaimer
WMO Register of Alerting Authorities,https://alertingauthority.wmo.int/authorities.php?recId=10,,https://public.wmo.int/en
WMO Register of Alerting Authorities,https://alertingauthority.wmo.int/authorities.php?recId=10,HOME,https://public.wmo.int/en
WMO Register of Alerting Authorities,https://alertingauthority.wmo.int/authorities.php?recId=10,WORLDWEATHER,https://worldweather.wmo.int
WMO Register of Alerting Authorities,https://alertingauthority.wmo.int/authorities.php?recId=10,SEVERE WEATHER,https://severeweather.wmo.int
WMO Register of Alerting Authorities,https://alertingauthority.wmo.int/authorities.php?recId=10,Public Weather Services,https://public.wmo.int/en/programmes/public-weather-services-programme
WMO Register of Alerting Authorities,https://alertingauthority.wmo.int/authorities.php?recId=10,please contact us,https://public.wmo.int/en/about-us/contact-us
WMO Register of Alerting Authorities,https://alertingauthority.wmo.int/authorities.php?recId=10,http://www.worldweather.org/025/c00097.htm,http://www.worldweather.org/025/c00097.htm
WMO Register of Alerting Authorities,https://alertingauthority.wmo.int/authorities.php?recId=10,© World Meteorological Organization,https://old.wmo.int/extranet/pages/documents/wmo.vcf
WMO Register of Alerting Authorities,https://alertingauthority.wmo.int/authorities.php?recId=10,Copyright,https://public.wmo.int/en/copyright
WMO Register of Alerting Authorities,https://alertingauthority.wmo.int/authorities.php?recId=10,Privacy Policy,https://public.wmo.int/en/privacy-policy
WMO Register of Alerting Authorities,https://alertingauthority.wmo.int/authorities.php?recId=10,Disclaimer,https://public.wmo.int/en/disclaimer
WMO Register of Alerting Authorities,https://alertingauthority.wmo.int/authorities.php?recId=10,Map disclaimer,https://public.wmo.int/en/disclaimer#mapdisclaimer
WMO Register of Alerting Authorities,https://alertingauthority.wmo.int/authorities.php?recId=11,,https://public.wmo.int/en
WMO Register of Alerting Authorities,https://alertingauthority.wmo.int/authorities.php?recId=11,HOME,https://public.wmo.int/en
WMO Register of Alerting Authorities,https://alertingauthority.wmo.int/authorities.php?recId=11,WORLDWEATHER,https://worldweather.wmo.int
WMO Register of Alerting Authorities,https://alertingauthority.wmo.int/authorities.php?recId=11,SEVERE WEATHER,https://severeweather.wmo.int
WMO Register of Alerting Authorities,https://alertingauthority.wmo.int/authorities.php?recId=11,Public Weather Services,https://public.wmo.int/en/programmes/public-weather-services-programme
WMO Register of Alerting Authorities,https://alertingauthority.wmo.int/authorities.php?recId=11,please contact us,https://public.wmo.int/en/about-us/contact-us
WMO Register of Alerting Authorities,https://alertingauthority.wmo.int/authorities.php?recId=11,https://cap-sources.s3.amazonaws.com/bh-meteo-ar/rss.xml,https://cap-sources.s3.amazonaws.com/bh-meteo-ar/rss.xml
WMO Register of Alerting Authorities,https://alertingauthority.wmo.int/authorities.php?recId=11,https://cap-sources.s3.amazonaws.com/bh-meteo-en/rss.xml,https://cap-sources.s3.amazonaws.com/bh-meteo-en/rss.xml
WMO Register of Alerting Authorities,https://alertingauthority.wmo.int/authorities.php?recId=11,© World Meteorological Organization,https://old.wmo.int/extranet/pages/documents/wmo.vcf
WMO Register of Alerting Authorities,https://alertingauthority.wmo.int/authorities.php?recId=11,Copyright,https://public.wmo.int/en/copyright
WMO Register of Alerting Authorities,https://alertingauthority.wmo.int/authorities.php?recId=11,Privacy Policy,https://public.wmo.int/en/privacy-policy
WMO Register of Alerting Authorities,https://alertingauthority.wmo.int/authorities.php?recId=11,Disclaimer,https://public.wmo.int/en/disclaimer
WMO Register of Alerting Authorities,https://alertingauthority.wmo.int/authorities.php?recId=11,Map disclaimer,https://public.wmo.int/en/disclaimer#mapdisclaimer
WMO Register of Alerting Authorities,https://alertingauthority.wmo.int/authorities.php?recId=12,,https://public.wmo.int/en
WMO Register of Alerting Authorities,https://alertingauthority.wmo.int/authorities.php?recId=12,HOME,https://public.wmo.int/en
WMO Register of Alerting Authorities,https://alertingauthority.wmo.int/authorities.php?recId=12,WORLDWEATHER,https://worldweather.wmo.int
WMO Register of Alerting Authorities,https://alertingauthority.wmo.int/authorities.php?recId=12,SEVERE WEATHER,https://severeweather.wmo.int
WMO Register of Alerting Authorities,https://alertingauthority.wmo.int/authorities.php?recId=12,Public Weather Services,https://public.wmo.int/en/programmes/public-weather-services-programme
WMO Register of Alerting Authorities,https://alertingauthority.wmo.int/authorities.php?recId=12,please contact us,https://public.wmo.int/en/about-us/contact-us
WMO Register of Alerting Authorities,https://alertingauthority.wmo.int/authorities.php?recId=12,http://www.worldweather.org/141/m141.htm,http://www.worldweather.org/141/m141.htm
WMO Register of Alerting Authorities,https://alertingauthority.wmo.int/authorities.php?recId=12,© World Meteorological Organization,https://old.wmo.int/extranet/pages/documents/wmo.vcf
WMO Register of Alerting Authorities,https://alertingauthority.wmo.int/authorities.php?recId=12,Copyright,https://public.wmo.int/en/copyright
WMO Register of Alerting Authorities,https://alertingauthority.wmo.int/authorities.php?recId=12,Privacy Policy,https://public.wmo.int/en/privacy-policy
WMO Register of Alerting Authorities,https://alertingauthority.wmo.int/authorities.php?recId=12,Disclaimer,https://public.wmo.int/en/disclaimer
WMO Register of Alerting Authorities,https://alertingauthority.wmo.int/authorities.php?recId=12,Map disclaimer,https://public.wmo.int/en/disclaimer#mapdisclaimer
WMO Register of Alerting Authorities,https://alertingauthority.wmo.int/authorities.php?recId=13,,https://public.wmo.int/en
WMO Register of Alerting Authorities,https://alertingauthority.wmo.int/authorities.php?recId=13,HOME,https://public.wmo.int/en
WMO Register of Alerting Authorities,https://alertingauthority.wmo.int/authorities.php?recId=13,WORLDWEATHER,https://worldweather.wmo.int
WMO Register of Alerting Authorities,https://alertingauthority.wmo.int/authorities.php?recId=13,SEVERE WEATHER,https://severeweather.wmo.int
WMO Register of Alerting Authorities,https://alertingauthority.wmo.int/authorities.php?recId=13,Public Weather Services,https://public.wmo.int/en/programmes/public-weather-services-programme
WMO Register of Alerting Authorities,https://alertingauthority.wmo.int/authorities.php?recId=13,please contact us,https://public.wmo.int/en/about-us/contact-us
WMO Register of Alerting Authorities,https://alertingauthority.wmo.int/authorities.php?recId=13,© World Meteorological Organization,https://old.wmo.int/extranet/pages/documents/wmo.vcf
WMO Register of Alerting Authorities,https://alertingauthority.wmo.int/authorities.php?recId=13,Copyright,https://public.wmo.int/en/copyright
WMO Register of Alerting Authorities,https://alertingauthority.wmo.int/authorities.php?recId=13,Privacy Policy,https://public.wmo.int/en/privacy-policy
WMO Register of Alerting Authorities,https://alertingauthority.wmo.int/authorities.php?recId=13,Disclaimer,https://public.wmo.int/en/disclaimer
WMO Register of Alerting Authorities,https://alertingauthority.wmo.int/authorities.php?recId=13,Map disclaimer,https://public.wmo.int/en/disclaimer#mapdisclaimer
WMO Register of Alerting Authorities,https://alertingauthority.wmo.int/authorities.php?recId=14,,https://public.wmo.int/en
WMO Register of Alerting Authorities,https://alertingauthority.wmo.int/authorities.php?recId=14,HOME,https://public.wmo.int/en
WMO Register of Alerting Authorities,https://alertingauthority.wmo.int/authorities.php?recId=14,WORLDWEATHER,https://worldweather.wmo.int
WMO Register of Alerting Authorities,https://alertingauthority.wmo.int/authorities.php?recId=14,SEVERE WEATHER,https://severeweather.wmo.int
WMO Register of Alerting Authorities,https://alertingauthority.wmo.int/authorities.php?recId=14,Public Weather Services,https://public.wmo.int/en/programmes/public-weather-services-programme
WMO Register of Alerting Authorities,https://alertingauthority.wmo.int/authorities.php?recId=14,please contact us,https://public.wmo.int/en/about-us/contact-us
WMO Register of Alerting Authorities,https://alertingauthority.wmo.int/authorities.php?recId=14,https://brb-primary.capews.com/capews/public/atom?type=cap,https://brb-primary.capews.com/capews/public/atom?type=cap
WMO Register of Alerting Authorities,https://alertingauthority.wmo.int/authorities.php?recId=14,http://www.barbadosweather.org,http://www.barbadosweather.org
WMO Register of Alerting Authorities,https://alertingauthority.wmo.int/authorities.php?recId=14,© World Meteorological Organization,https://old.wmo.int/extranet/pages/documents/wmo.vcf
WMO Register of Alerting Authorities,https://alertingauthority.wmo.int/authorities.php?recId=14,Copyright,https://public.wmo.int/en/copyright
WMO Register of Alerting Authorities,https://alertingauthority.wmo.int/authorities.php?recId=14,Privacy Policy,https://public.wmo.int/en/privacy-policy
WMO Register of Alerting Authorities,https://alertingauthority.wmo.int/authorities.php?recId=14,Disclaimer,https://public.wmo.int/en/disclaimer
WMO Register of Alerting Authorities,https://alertingauthority.wmo.int/authorities.php?recId=14,Map disclaimer,https://public.wmo.int/en/disclaimer#mapdisclaimer
WMO Register of Alerting Authorities,https://alertingauthority.wmo.int/authorities.php?recId=15,,https://public.wmo.int/en
WMO Register of Alerting Authorities,https://alertingauthority.wmo.int/authorities.php?recId=15,HOME,https://public.wmo.int/en
WMO Register of Alerting Authorities,https://alertingauthority.wmo.int/authorities.php?recId=15,WORLDWEATHER,https://worldweather.wmo.int
WMO Register of Alerting Authorities,https://alertingauthority.wmo.int/authorities.php?recId=15,SEVERE WEATHER,https://severeweather.wmo.int
WMO Register of Alerting Authorities,https://alertingauthority.wmo.int/authorities.php?recId=15,Public Weather Services,https://public.wmo.int/en/programmes/public-weather-services-programme
WMO Register of Alerting Authorities,https://alertingauthority.wmo.int/authorities.php?recId=15,please contact us,https://public.wmo.int/en/about-us/contact-us
WMO Register of Alerting Authorities,https://alertingauthority.wmo.int/authorities.php?recId=15,https://meteoalert.meteoinfo.ru/belarus/cap-feed/ru/atom.xml,https://meteoalert.meteoinfo.ru/belarus/cap-feed/ru/atom.xml
WMO Register of Alerting Authorities,https://alertingauthority.wmo.int/authorities.php?recId=15,https://meteoalert.meteoinfo.ru/belarus/cap-feed/en/atom.xml,https://meteoalert.meteoinfo.ru/belarus/cap-feed/en/atom.xml
WMO Register of Alerting Authorities,https://alertingauthority.wmo.int/authorities.php?recId=15,http://www.worldweather.org/106/c00205.htm,http://www.worldweather.org/106/c00205.htm
WMO Register of Alerting Authorities,https://alertingauthority.wmo.int/authorities.php?recId=15,© World Meteorological Organization,https://old.wmo.int/extranet/pages/documents/wmo.vcf
WMO Register of Alerting Authorities,https://alertingauthority.wmo.int/authorities.php?recId=15,Copyright,https://public.wmo.int/en/copyright
WMO Register of Alerting Authorities,https://alertingauthority.wmo.int/authorities.php?recId=15,Privacy Policy,https://public.wmo.int/en/privacy-policy
WMO Register of Alerting Authorities,https://alertingauthority.wmo.int/authorities.php?recId=15,Disclaimer,https://public.wmo.int/en/disclaimer
WMO Register of Alerting Authorities,https://alertingauthority.wmo.int/authorities.php?recId=15,Map disclaimer,https://public.wmo.int/en/disclaimer#mapdisclaimer
WMO Register of Alerting Authorities,https://alertingauthority.wmo.int/authorities.php?recId=16,,https://public.wmo.int/en
WMO Register of Alerting Authorities,https://alertingauthority.wmo.int/authorities.php?recId=16,HOME,https://public.wmo.int/en
WMO Register of Alerting Authorities,https://alertingauthority.wmo.int/authorities.php?recId=16,WORLDWEATHER,https://worldweather.wmo.int
WMO Register of Alerting Authorities,https://alertingauthority.wmo.int/authorities.php?recId=16,SEVERE WEATHER,https://severeweather.wmo.int
WMO Register of Alerting Authorities,https://alertingauthority.wmo.int/authorities.php?recId=16,Public Weather Services,https://public.wmo.int/en/programmes/public-weather-services-programme
WMO Register of Alerting Authorities,https://alertingauthority.wmo.int/authorities.php?recId=16,please contact us,https://public.wmo.int/en/about-us/contact-us
WMO Register of Alerting Authorities,https://alertingauthority.wmo.int/authorities.php?recId=16,© World Meteorological Organization,https://old.wmo.int/extranet/pages/documents/wmo.vcf
WMO Register of Alerting Authorities,https://alertingauthority.wmo.int/authorities.php?recId=16,Copyright,https://public.wmo.int/en/copyright
WMO Register of Alerting Authorities,https://alertingauthority.wmo.int/authorities.php?recId=16,Privacy Policy,https://public.wmo.int/en/privacy-policy
WMO Register of Alerting Authorities,https://alertingauthority.wmo.int/authorities.php?recId=16,Disclaimer,https://public.wmo.int/en/disclaimer
WMO Register of Alerting Authorities,https://alertingauthority.wmo.int/authorities.php?recId=16,Map disclaimer,https://public.wmo.int/en/disclaimer#mapdisclaimer
WMO Register of Alerting Authorities,https://alertingauthority.wmo.int/authorities.php?recId=17,,https://public.wmo.int/en
WMO Register of Alerting Authorities,https://alertingauthority.wmo.int/authorities.php?recId=17,HOME,https://public.wmo.int/en
WMO Register of Alerting Authorities,https://alertingauthority.wmo.int/authorities.php?recId=17,WORLDWEATHER,https://worldweather.wmo.int
WMO Register of Alerting Authorities,https://alertingauthority.wmo.int/authorities.php?recId=17,SEVERE WEATHER,https://severeweather.wmo.int
WMO Register of Alerting Authorities,https://alertingauthority.wmo.int/authorities.php?recId=17,Public Weather Services,https://public.wmo.int/en/programmes/public-weather-services-programme
WMO Register of Alerting Authorities,https://alertingauthority.wmo.int/authorities.php?recId=17,please contact us,https://public.wmo.int/en/about-us/contact-us
WMO Register of Alerting Authorities,https://alertingauthority.wmo.int/authorities.php?recId=17,http://www.worldweather.org/053/m053.htm,http://www.worldweather.org/053/m053.htm
WMO Register of Alerting Authorities,https://alertingauthority.wmo.int/authorities.php?recId=17,© World Meteorological Organization,https://old.wmo.int/extranet/pages/documents/wmo.vcf
WMO Register of Alerting Authorities,https://alertingauthority.wmo.int/authorities.php?recId=17,Copyright,https://public.wmo.int/en/copyright
WMO Register of Alerting Authorities,https://alertingauthority.wmo.int/authorities.php?recId=17,Privacy Policy,https://public.wmo.int/en/privacy-policy
WMO Register of Alerting Authorities,https://alertingauthority.wmo.int/authorities.php?recId=17,Disclaimer,https://public.wmo.int/en/disclaimer
WMO Register of Alerting Authorities,https://alertingauthority.wmo.int/authorities.php?recId=17,Map disclaimer,https://public.wmo.int/en/disclaimer#mapdisclaimer
WMO Register of Alerting Authorities,https://alertingauthority.wmo.int/authorities.php?recId=18,,https://public.wmo.int/en
WMO Register of Alerting Authorities,https://alertingauthority.wmo.int/authorities.php?recId=18,HOME,https://public.wmo.int/en
WMO Register of Alerting Authorities,https://alertingauthority.wmo.int/authorities.php?recId=18,WORLDWEATHER,https://worldweather.wmo.int
WMO Register of Alerting Authorities,https://alertingauthority.wmo.int/authorities.php?recId=18,SEVERE WEATHER,https://severeweather.wmo.int
WMO Register of Alerting Authorities,https://alertingauthority.wmo.int/authorities.php?recId=18,Public Weather Services,https://public.wmo.int/en/programmes/public-weather-services-programme
WMO Register of Alerting Authorities,https://alertingauthority.wmo.int/authorities.php?recId=18,please contact us,https://public.wmo.int/en/about-us/contact-us
WMO Register of Alerting Authorities,https://alertingauthority.wmo.int/authorities.php?recId=18,https://cap-sources.s3.amazonaws.com/bz-nms-en/rss.xml,https://cap-sources.s3.amazonaws.com/bz-nms-en/rss.xml
WMO Register of Alerting Authorities,https://alertingauthority.wmo.int/authorities.php?recId=18,http://www.nms.gov.bz,http://www.nms.gov.bz
WMO Register of Alerting Authorities,https://alertingauthority.wmo.int/authorities.php?recId=18,© World Meteorological Organization,https://old.wmo.int/extranet/pages/documents/wmo.vcf
WMO Register of Alerting Authorities,https://alertingauthority.wmo.int/authorities.php?recId=18,Copyright,https://public.wmo.int/en/copyright
WMO Register of Alerting Authorities,https://alertingauthority.wmo.int/authorities.php?recId=18,Privacy Policy,https://public.wmo.int/en/privacy-policy
WMO Register of Alerting Authorities,https://alertingauthority.wmo.int/authorities.php?recId=18,Disclaimer,https://public.wmo.int/en/disclaimer
WMO Register of Alerting Authorities,https://alertingauthority.wmo.int/authorities.php?recId=18,Map disclaimer,https://public.wmo.int/en/disclaimer#mapdisclaimer
WMO Register of Alerting Authorities,https://alertingauthority.wmo.int/authorities.php?recId=19,,https://public.wmo.int/en
WMO Register of Alerting Authorities,https://alertingauthority.wmo.int/authorities.php?recId=19,HOME,https://public.wmo.int/en
WMO Register of Alerting Authorities,https://alertingauthority.wmo.int/authorities.php?recId=19,WORLDWEATHER,https://worldweather.wmo.int
WMO Register of Alerting Authorities,https://alertingauthority.wmo.int/authorities.php?recId=19,SEVERE WEATHER,https://severeweather.wmo.int
WMO Register of Alerting Authorities,https://alertingauthority.wmo.int/authorities.php?recId=19,Public Weather Services,https://public.wmo.int/en/programmes/public-weather-services-programme
WMO Register of Alerting Authorities,https://alertingauthority.wmo.int/authorities.php?recId=19,please contact us,https://public.wmo.int/en/about-us/contact-us
WMO Register of Alerting Authorities,https://alertingauthority.wmo.int/authorities.php?recId=19,© World Meteorological Organization,https://old.wmo.int/extranet/pages/documents/wmo.vcf
WMO Register of Alerting Authorities,https://alertingauthority.wmo.int/authorities.php?recId=19,Copyright,https://public.wmo.int/en/copyright
WMO Register of Alerting Authorities,https://alertingauthority.wmo.int/authorities.php?recId=19,Privacy Policy,https://public.wmo.int/en/privacy-policy
WMO Register of Alerting Authorities,https://alertingauthority.wmo.int/authorities.php?recId=19,Disclaimer,https://public.wmo.int/en/disclaimer
WMO Register of Alerting Authorities,https://alertingauthority.wmo.int/authorities.php?recId=19,Map disclaimer,https://public.wmo.int/en/disclaimer#mapdisclaimer
WMO Register of Alerting Authorities,https://alertingauthority.wmo.int/authorities.php?recId=20,,https://public.wmo.int/en
WMO Register of Alerting Authorities,https://alertingauthority.wmo.int/authorities.php?recId=20,HOME,https://public.wmo.int/en
WMO Register of Alerting Authorities,https://alertingauthority.wmo.int/authorities.php?recId=20,WORLDWEATHER,https://worldweather.wmo.int
WMO Register of Alerting Authorities,https://alertingauthority.wmo.int/authorities.php?recId=20,SEVERE WEATHER,https://severeweather.wmo.int
WMO Register of Alerting Authorities,https://alertingauthority.wmo.int/authorities.php?recId=20,Public Weather Services,https://public.wmo.int/en/programmes/public-weather-services-programme
WMO Register of Alerting Authorities,https://alertingauthority.wmo.int/authorities.php?recId=20,please contact us,https://public.wmo.int/en/about-us/contact-us
WMO Register of Alerting Authorities,https://alertingauthority.wmo.int/authorities.php?recId=20,https://feeds.meteoalarm.org/feeds/meteoalarm-legacy-atom-bosnia-herzegovina,https://feeds.meteoalarm.org/feeds/meteoalarm-legacy-atom-bosnia-herzegovina
WMO Register of Alerting Authorities,https://alertingauthority.wmo.int/authorities.php?recId=20,https://feeds.meteoalarm.org/feeds/meteoalarm-legacy-atom-bosnia-herzegovina,https://feeds.meteoalarm.org/feeds/meteoalarm-legacy-atom-bosnia-herzegovina
WMO Register of Alerting Authorities,https://alertingauthority.wmo.int/authorities.php?recId=20,http://www.fhmzbih.gov.ba/,http://www.fhmzbih.gov.ba/
WMO Register of Alerting Authorities,https://alertingauthority.wmo.int/authorities.php?recId=20,© World Meteorological Organization,https://old.wmo.int/extranet/pages/documents/wmo.vcf
WMO Register of Alerting Authorities,https://alertingauthority.wmo.int/authorities.php?recId=20,Copyright,https://public.wmo.int/en/copyright
WMO Register of Alerting Authorities,https://alertingauthority.wmo.int/authorities.php?recId=20,Privacy Policy,https://public.wmo.int/en/privacy-policy
WMO Register of Alerting Authorities,https://alertingauthority.wmo.int/authorities.php?recId=20,Disclaimer,https://public.wmo.int/en/disclaimer
WMO Register of Alerting Authorities,https://alertingauthority.wmo.int/authorities.php?recId=20,Map disclaimer,https://public.wmo.int/en/disclaimer#mapdisclaimer
WMO Register of Alerting Authorities,https://alertingauthority.wmo.int/authorities.php?recId=21,,https://public.wmo.int/en
WMO Register of Alerting Authorities,https://alertingauthority.wmo.int/authorities.php?recId=21,HOME,https://public.wmo.int/en
WMO Register of Alerting Authorities,https://alertingauthority.wmo.int/authorities.php?recId=21,WORLDWEATHER,https://worldweather.wmo.int
WMO Register of Alerting Authorities,https://alertingauthority.wmo.int/authorities.php?recId=21,SEVERE WEATHER,https://severeweather.wmo.int
WMO Register of Alerting Authorities,https://alertingauthority.wmo.int/authorities.php?recId=21,Public Weather Services,https://public.wmo.int/en/programmes/public-weather-services-programme
WMO Register of Alerting Authorities,https://alertingauthority.wmo.int/authorities.php?recId=21,please contact us,https://public.wmo.int/en/about-us/contact-us
WMO Register of Alerting Authorities,https://alertingauthority.wmo.int/authorities.php?recId=21,https://cap-sources.s3.amazonaws.com/bw-met-en/rss.xml,https://cap-sources.s3.amazonaws.com/bw-met-en/rss.xml
WMO Register of Alerting Authorities,https://alertingauthority.wmo.int/authorities.php?recId=21,© World Meteorological Organization,https://old.wmo.int/extranet/pages/documents/wmo.vcf
WMO Register of Alerting Authorities,https://alertingauthority.wmo.int/authorities.php?recId=21,Copyright,https://public.wmo.int/en/copyright
WMO Register of Alerting Authorities,https://alertingauthority.wmo.int/authorities.php?recId=21,Privacy Policy,https://public.wmo.int/en/privacy-policy
WMO Register of Alerting Authorities,https://alertingauthority.wmo.int/authorities.php?recId=21,Disclaimer,https://public.wmo.int/en/disclaimer
WMO Register of Alerting Authorities,https://alertingauthority.wmo.int/authorities.php?recId=21,Map disclaimer,https://public.wmo.int/en/disclaimer#mapdisclaimer
WMO Register of Alerting Authorities,https://alertingauthority.wmo.int/authorities.php?recId=22,,https://public.wmo.int/en
WMO Register of Alerting Authorities,https://alertingauthority.wmo.int/authorities.php?recId=22,HOME,https://public.wmo.int/en
WMO Register of Alerting Authorities,https://alertingauthority.wmo.int/authorities.php?recId=22,WORLDWEATHER,https://worldweather.wmo.int
WMO Register of Alerting Authorities,https://alertingauthority.wmo.int/authorities.php?recId=22,SEVERE WEATHER,https://severeweather.wmo.int
WMO Register of Alerting Authorities,https://alertingauthority.wmo.int/authorities.php?recId=22,Public Weather Services,https://public.wmo.int/en/programmes/public-weather-services-programme
WMO Register of Alerting Authorities,https://alertingauthority.wmo.int/authorities.php?recId=22,please contact us,https://public.wmo.int/en/about-us/contact-us
WMO Register of Alerting Authorities,https://alertingauthority.wmo.int/authorities.php?recId=22,http://alert-as.inmet.gov.br/cap_12/rss/alert-as.rss,http://alert-as.inmet.gov.br/cap_12/rss/alert-as.rss
WMO Register of Alerting Authorities,https://alertingauthority.wmo.int/authorities.php?recId=22,http://www.worldweather.org/136/m136.htm,http://www.worldweather.org/136/m136.htm
WMO Register of Alerting Authorities,https://alertingauthority.wmo.int/authorities.php?recId=22,© World Meteorological Organization,https://old.wmo.int/extranet/pages/documents/wmo.vcf
WMO Register of Alerting Authorities,https://alertingauthority.wmo.int/authorities.php?recId=22,Copyright,https://public.wmo.int/en/copyright
WMO Register of Alerting Authorities,https://alertingauthority.wmo.int/authorities.php?recId=22,Privacy Policy,https://public.wmo.int/en/privacy-policy
WMO Register of Alerting Authorities,https://alertingauthority.wmo.int/authorities.php?recId=22,Disclaimer,https://public.wmo.int/en/disclaimer
WMO Register of Alerting Authorities,https://alertingauthority.wmo.int/authorities.php?recId=22,Map disclaimer,https://public.wmo.int/en/disclaimer#mapdisclaimer
WMO Register of Alerting Authorities,https://alertingauthority.wmo.int/authorities.php?recId=23,,https://public.wmo.int/en
WMO Register of Alerting Authorities,https://alertingauthority.wmo.int/authorities.php?recId=23,HOME,https://public.wmo.int/en
WMO Register of Alerting Authorities,https://alertingauthority.wmo.int/authorities.php?recId=23,WORLDWEATHER,https://worldweather.wmo.int
WMO Register of Alerting Authorities,https://alertingauthority.wmo.int/authorities.php?recId=23,SEVERE WEATHER,https://severeweather.wmo.int
WMO Register of Alerting Authorities,https://alertingauthority.wmo.int/authorities.php?recId=23,Public Weather Services,https://public.wmo.int/en/programmes/public-weather-services-programme
WMO Register of Alerting Authorities,https://alertingauthority.wmo.int/authorities.php?recId=23,please contact us,https://public.wmo.int/en/about-us/contact-us
WMO Register of Alerting Authorities,https://alertingauthority.wmo.int/authorities.php?recId=23,https://www.meteoburkina.bf/api/cap/rss.xml,https://www.meteoburkina.bf/api/cap/rss.xml
WMO Register of Alerting Authorities,https://alertingauthority.wmo.int/authorities.php?recId=23,https://www.meteoburkina.bf,https://www.meteoburkina.bf
WMO Register of Alerting Authorities,https://alertingauthority.wmo.int/authorities.php?recId=23,© World Meteorological Organization,https://old.wmo.int/extranet/pages/documents/wmo.vcf
WMO Register of Alerting Authorities,https://alertingauthority.wmo.int/authorities.php?recId=23,Copyright,https://public.wmo.int/en/copyright
WMO Register of Alerting Authorities,https://alertingauthority.wmo.int/authorities.php?recId=23,Privacy Policy,https://public.wmo.int/en/privacy-policy
WMO Register of Alerting Authorities,https://alertingauthority.wmo.int/authorities.php?recId=23,Disclaimer,https://public.wmo.int/en/disclaimer
WMO Register of Alerting Authorities,https://alertingauthority.wmo.int/authorities.php?recId=23,Map disclaimer,https://public.wmo.int/en/disclaimer#mapdisclaimer
WMO Register of Alerting Authorities,https://alertingauthority.wmo.int/authorities.php?recId=24,,https://public.wmo.int/en
WMO Register of Alerting Authorities,https://alertingauthority.wmo.int/authorities.php?recId=24,HOME,https://public.wmo.int/en
WMO Register of Alerting Authorities,https://alertingauthority.wmo.int/authorities.php?recId=24,WORLDWEATHER,https://worldweather.wmo.int
WMO Register of Alerting Authorities,https://alertingauthority.wmo.int/authorities.php?recId=24,SEVERE WEATHER,https://severeweather.wmo.int
WMO Register of Alerting Authorities,https://alertingauthority.wmo.int/authorities.php?recId=24,Public Weather Services,https://public.wmo.int/en/programmes/public-weather-services-programme
WMO Register of Alerting Authorities,https://alertingauthority.wmo.int/authorities.php?recId=24,please contact us,https://public.wmo.int/en/about-us/contact-us
WMO Register of Alerting Authorities,https://alertingauthority.wmo.int/authorities.php?recId=24,© World Meteorological Organization,https://old.wmo.int/extranet/pages/documents/wmo.vcf
WMO Register of Alerting Authorities,https://alertingauthority.wmo.int/authorities.php?recId=24,Copyright,https://public.wmo.int/en/copyright
WMO Register of Alerting Authorities,https://alertingauthority.wmo.int/authorities.php?recId=24,Privacy Policy,https://public.wmo.int/en/privacy-policy
WMO Register of Alerting Authorities,https://alertingauthority.wmo.int/authorities.php?recId=24,Disclaimer,https://public.wmo.int/en/disclaimer
WMO Register of Alerting Authorities,https://alertingauthority.wmo.int/authorities.php?recId=24,Map disclaimer,https://public.wmo.int/en/disclaimer#mapdisclaimer
WMO Register of Alerting Authorities,https://alertingauthority.wmo.int/authorities.php?recId=25,,https://public.wmo.int/en
WMO Register of Alerting Authorities,https://alertingauthority.wmo.int/authorities.php?recId=25,HOME,https://public.wmo.int/en
WMO Register of Alerting Authorities,https://alertingauthority.wmo.int/authorities.php?recId=25,WORLDWEATHER,https://worldweather.wmo.int
WMO Register of Alerting Authorities,https://alertingauthority.wmo.int/authorities.php?recId=25,SEVERE WEATHER,https://severeweather.wmo.int
WMO Register of Alerting Authorities,https://alertingauthority.wmo.int/authorities.php?recId=25,Public Weather Services,https://public.wmo.int/en/programmes/public-weather-services-programme
WMO Register of Alerting Authorities,https://alertingauthority.wmo.int/authorities.php?recId=25,please contact us,https://public.wmo.int/en/about-us/contact-us
WMO Register of Alerting Authorities,https://alertingauthority.wmo.int/authorities.php?recId=25,http://www.worldweather.org/145/m145.htm,http://www.worldweather.org/145/m145.htm
WMO Register of Alerting Authorities,https://alertingauthority.wmo.int/authorities.php?recId=25,© World Meteorological Organization,https://old.wmo.int/extranet/pages/documents/wmo.vcf
WMO Register of Alerting Authorities,https://alertingauthority.wmo.int/authorities.php?recId=25,Copyright,https://public.wmo.int/en/copyright
WMO Register of Alerting Authorities,https://alertingauthority.wmo.int/authorities.php?recId=25,Privacy Policy,https://public.wmo.int/en/privacy-policy
WMO Register of Alerting Authorities,https://alertingauthority.wmo.int/authorities.php?recId=25,Disclaimer,https://public.wmo.int/en/disclaimer
WMO Register of Alerting Authorities,https://alertingauthority.wmo.int/authorities.php?recId=25,Map disclaimer,https://public.wmo.int/en/disclaimer#mapdisclaimer
WMO Register of Alerting Authorities,https://alertingauthority.wmo.int/authorities.php?recId=26,,https://public.wmo.int/en
WMO Register of Alerting Authorities,https://alertingauthority.wmo.int/authorities.php?recId=26,HOME,https://public.wmo.int/en
WMO Register of Alerting Authorities,https://alertingauthority.wmo.int/authorities.php?recId=26,WORLDWEATHER,https://worldweather.wmo.int
WMO Register of Alerting Authorities,https://alertingauthority.wmo.int/authorities.php?recId=26,SEVERE WEATHER,https://severeweather.wmo.int
WMO Register of Alerting Authorities,https://alertingauthority.wmo.int/authorities.php?recId=26,Public Weather Services,https://public.wmo.int/en/programmes/public-weather-services-programme
WMO Register of Alerting Authorities,https://alertingauthority.wmo.int/authorities.php?recId=26,please contact us,https://public.wmo.int/en/about-us/contact-us
WMO Register of Alerting Authorities,https://alertingauthority.wmo.int/authorities.php?recId=26,© World Meteorological Organization,https://old.wmo.int/extranet/pages/documents/wmo.vcf
WMO Register of Alerting Authorities,https://alertingauthority.wmo.int/authorities.php?recId=26,Copyright,https://public.wmo.int/en/copyright
WMO Register of Alerting Authorities,https://alertingauthority.wmo.int/authorities.php?recId=26,Privacy Policy,https://public.wmo.int/en/privacy-policy
WMO Register of Alerting Authorities,https://alertingauthority.wmo.int/authorities.php?recId=26,Disclaimer,https://public.wmo.int/en/disclaimer
WMO Register of Alerting Authorities,https://alertingauthority.wmo.int/authorities.php?recId=26,Map disclaimer,https://public.wmo.int/en/disclaimer#mapdisclaimer
WMO Register of Alerting Authorities,https://alertingauthority.wmo.int/authorities.php?recId=27,,https://public.wmo.int/en
WMO Register of Alerting Authorities,https://alertingauthority.wmo.int/authorities.php?recId=27,HOME,https://public.wmo.int/en
WMO Register of Alerting Authorities,https://alertingauthority.wmo.int/authorities.php?recId=27,WORLDWEATHER,https://worldweather.wmo.int
WMO Register of Alerting Authorities,https://alertingauthority.wmo.int/authorities.php?recId=27,SEVERE WEATHER,https://severeweather.wmo.int
WMO Register of Alerting Authorities,https://alertingauthority.wmo.int/authorities.php?recId=27,Public Weather Services,https://public.wmo.int/en/programmes/public-weather-services-programme
WMO Register of Alerting Authorities,https://alertingauthority.wmo.int/authorities.php?recId=27,please contact us,https://public.wmo.int/en/about-us/contact-us
WMO Register of Alerting Authorities,https://alertingauthority.wmo.int/authorities.php?recId=27,http://rss.naad-adna.pelmorex.com/,http://rss.naad-adna.pelmorex.com/
WMO Register of Alerting Authorities,https://alertingauthority.wmo.int/authorities.php?recId=27,http://rss.naad-adna.pelmorex.com/,http://rss.naad-adna.pelmorex.com/
WMO Register of Alerting Authorities,https://alertingauthority.wmo.int/authorities.php?recId=27,https://worldweather.wmo.int/en/home.html,https://worldweather.wmo.int/en/home.html
WMO Register of Alerting Authorities,https://alertingauthority.wmo.int/authorities.php?recId=27,© World Meteorological Organization,https://old.wmo.int/extranet/pages/documents/wmo.vcf
WMO Register of Alerting Authorities,https://alertingauthority.wmo.int/authorities.php?recId=27,Copyright,https://public.wmo.int/en/copyright
WMO Register of Alerting Authorities,https://alertingauthority.wmo.int/authorities.php?recId=27,Privacy Policy,https://public.wmo.int/en/privacy-policy
WMO Register of Alerting Authorities,https://alertingauthority.wmo.int/authorities.php?recId=27,Disclaimer,https://public.wmo.int/en/disclaimer
WMO Register of Alerting Authorities,https://alertingauthority.wmo.int/authorities.php?recId=27,Map disclaimer,https://public.wmo.int/en/disclaimer#mapdisclaimer
WMO Register of Alerting Authorities,https://alertingauthority.wmo.int/authorities.php?recId=28,,https://public.wmo.int/en
WMO Register of Alerting Authorities,https://alertingauthority.wmo.int/authorities.php?recId=28,HOME,https://public.wmo.int/en
WMO Register of Alerting Authorities,https://alertingauthority.wmo.int/authorities.php?recId=28,WORLDWEATHER,https://worldweather.wmo.int
WMO Register of Alerting Authorities,https://alertingauthority.wmo.int/authorities.php?recId=28,SEVERE WEATHER,https://severeweather.wmo.int
WMO Register of Alerting Authorities,https://alertingauthority.wmo.int/authorities.php?recId=28,Public Weather Services,https://public.wmo.int/en/programmes/public-weather-services-programme
WMO Register of Alerting Authorities,https://alertingauthority.wmo.int/authorities.php?recId=28,please contact us,https://public.wmo.int/en/about-us/contact-us
WMO Register of Alerting Authorities,https://alertingauthority.wmo.int/authorities.php?recId=28,https://archivos.meteochile.gob.cl/portaldmc/rss/rss.php,https://archivos.meteochile.gob.cl/portaldmc/rss/rss.php
WMO Register of Alerting Authorities,https://alertingauthority.wmo.int/authorities.php?recId=28,https://www.meteochile.gob.cl/PortalDMC-web/index.xhtml,https://www.meteochile.gob.cl/PortalDMC-web/index.xhtml
WMO Register of Alerting Authorities,https://alertingauthority.wmo.int/authorities.php?recId=28,© World Meteorological Organization,https://old.wmo.int/extranet/pages/documents/wmo.vcf
WMO Register of Alerting Authorities,https://alertingauthority.wmo.int/authorities.php?recId=28,Copyright,https://public.wmo.int/en/copyright
WMO Register of Alerting Authorities,https://alertingauthority.wmo.int/authorities.php?recId=28,Privacy Policy,https://public.wmo.int/en/privacy-policy
WMO Register of Alerting Authorities,https://alertingauthority.wmo.int/authorities.php?recId=28,Disclaimer,https://public.wmo.int/en/disclaimer
WMO Register of Alerting Authorities,https://alertingauthority.wmo.int/authorities.php?recId=28,Map disclaimer,https://public.wmo.int/en/disclaimer#mapdisclaimer
WMO Register of Alerting Authorities,https://alertingauthority.wmo.int/authorities.php?recId=29,,https://public.wmo.int/en
WMO Register of Alerting Authorities,https://alertingauthority.wmo.int/authorities.php?recId=29,HOME,https://public.wmo.int/en
WMO Register of Alerting Authorities,https://alertingauthority.wmo.int/authorities.php?recId=29,WORLDWEATHER,https://worldweather.wmo.int
WMO Register of Alerting Authorities,https://alertingauthority.wmo.int/authorities.php?recId=29,SEVERE WEATHER,https://severeweather.wmo.int
WMO Register of Alerting Authorities,https://alertingauthority.wmo.int/authorities.php?recId=29,Public Weather Services,https://public.wmo.int/en/programmes/public-weather-services-programme
WMO Register of Alerting Authorities,https://alertingauthority.wmo.int/authorities.php?recId=29,please contact us,https://public.wmo.int/en/about-us/contact-us
WMO Register of Alerting Authorities,https://alertingauthority.wmo.int/authorities.php?recId=29,© World Meteorological Organization,https://old.wmo.int/extranet/pages/documents/wmo.vcf
WMO Register of Alerting Authorities,https://alertingauthority.wmo.int/authorities.php?recId=29,Copyright,https://public.wmo.int/en/copyright
WMO Register of Alerting Authorities,https://alertingauthority.wmo.int/authorities.php?recId=29,Privacy Policy,https://public.wmo.int/en/privacy-policy
WMO Register of Alerting Authorities,https://alertingauthority.wmo.int/authorities.php?recId=29,Disclaimer,https://public.wmo.int/en/disclaimer
WMO Register of Alerting Authorities,https://alertingauthority.wmo.int/authorities.php?recId=29,Map disclaimer,https://public.wmo.int/en/disclaimer#mapdisclaimer
WMO Register of Alerting Authorities,https://alertingauthority.wmo.int/authorities.php?recId=30,,https://public.wmo.int/en
WMO Register of Alerting Authorities,https://alertingauthority.wmo.int/authorities.php?recId=30,HOME,https://public.wmo.int/en
WMO Register of Alerting Authorities,https://alertingauthority.wmo.int/authorities.php?recId=30,WORLDWEATHER,https://worldweather.wmo.int
WMO Register of Alerting Authorities,https://alertingauthority.wmo.int/authorities.php?recId=30,SEVERE WEATHER,https://severeweather.wmo.int
WMO Register of Alerting Authorities,https://alertingauthority.wmo.int/authorities.php?recId=30,Public Weather Services,https://public.wmo.int/en/programmes/public-weather-services-programme
WMO Register of Alerting Authorities,https://alertingauthority.wmo.int/authorities.php?recId=30,please contact us,https://public.wmo.int/en/about-us/contact-us
WMO Register of Alerting Authorities,https://alertingauthority.wmo.int/authorities.php?recId=30,http://www.12379.cn/rss/china_rss.xml,http://www.12379.cn/rss/china_rss.xml
WMO Register of Alerting Authorities,https://alertingauthority.wmo.int/authorities.php?recId=30,http://www.worldweather.org/001/m001.htm,http://www.worldweather.org/001/m001.htm
WMO Register of Alerting Authorities,https://alertingauthority.wmo.int/authorities.php?recId=30,© World Meteorological Organization,https://old.wmo.int/extranet/pages/documents/wmo.vcf
WMO Register of Alerting Authorities,https://alertingauthority.wmo.int/authorities.php?recId=30,Copyright,https://public.wmo.int/en/copyright
WMO Register of Alerting Authorities,https://alertingauthority.wmo.int/authorities.php?recId=30,Privacy Policy,https://public.wmo.int/en/privacy-policy
WMO Register of Alerting Authorities,https://alertingauthority.wmo.int/authorities.php?recId=30,Disclaimer,https://public.wmo.int/en/disclaimer
WMO Register of Alerting Authorities,https://alertingauthority.wmo.int/authorities.php?recId=30,Map disclaimer,https://public.wmo.int/en/disclaimer#mapdisclaimer
WMO Register of Alerting Authorities,https://alertingauthority.wmo.int/authorities.php?recId=31,,https://public.wmo.int/en
WMO Register of Alerting Authorities,https://alertingauthority.wmo.int/authorities.php?recId=31,HOME,https://public.wmo.int/en
WMO Register of Alerting Authorities,https://alertingauthority.wmo.int/authorities.php?recId=31,WORLDWEATHER,https://worldweather.wmo.int
WMO Register of Alerting Authorities,https://alertingauthority.wmo.int/authorities.php?recId=31,SEVERE WEATHER,https://severeweather.wmo.int
WMO Register of Alerting Authorities,https://alertingauthority.wmo.int/authorities.php?recId=31,Public Weather Services,https://public.wmo.int/en/programmes/public-weather-services-programme
WMO Register of Alerting Authorities,https://alertingauthority.wmo.int/authorities.php?recId=31,please contact us,https://public.wmo.int/en/about-us/contact-us
WMO Register of Alerting Authorities,https://alertingauthority.wmo.int/authorities.php?recId=31,© World Meteorological Organization,https://old.wmo.int/extranet/pages/documents/wmo.vcf
WMO Register of Alerting Authorities,https://alertingauthority.wmo.int/authorities.php?recId=31,Copyright,https://public.wmo.int/en/copyright
WMO Register of Alerting Authorities,https://alertingauthority.wmo.int/authorities.php?recId=31,Privacy Policy,https://public.wmo.int/en/privacy-policy
WMO Register of Alerting Authorities,https://alertingauthority.wmo.int/authorities.php?recId=31,Disclaimer,https://public.wmo.int/en/disclaimer
WMO Register of Alerting Authorities,https://alertingauthority.wmo.int/authorities.php?recId=31,Map disclaimer,https://public.wmo.int/en/disclaimer#mapdisclaimer
WMO Register of Alerting Authorities,https://alertingauthority.wmo.int/authorities.php?recId=32,,https://public.wmo.int/en
WMO Register of Alerting Authorities,https://alertingauthority.wmo.int/authorities.php?recId=32,HOME,https://public.wmo.int/en
WMO Register of Alerting Authorities,https://alertingauthority.wmo.int/authorities.php?recId=32,WORLDWEATHER,https://worldweather.wmo.int
WMO Register of Alerting Authorities,https://alertingauthority.wmo.int/authorities.php?recId=32,SEVERE WEATHER,https://severeweather.wmo.int
WMO Register of Alerting Authorities,https://alertingauthority.wmo.int/authorities.php?recId=32,Public Weather Services,https://public.wmo.int/en/programmes/public-weather-services-programme
WMO Register of Alerting Authorities,https://alertingauthority.wmo.int/authorities.php?recId=32,please contact us,https://public.wmo.int/en/about-us/contact-us
WMO Register of Alerting Authorities,https://alertingauthority.wmo.int/authorities.php?recId=32,http://www.worldweather.org/057/m057.htm,http://www.worldweather.org/057/m057.htm
WMO Register of Alerting Authorities,https://alertingauthority.wmo.int/authorities.php?recId=32,© World Meteorological Organization,https://old.wmo.int/extranet/pages/documents/wmo.vcf
WMO Register of Alerting Authorities,https://alertingauthority.wmo.int/authorities.php?recId=32,Copyright,https://public.wmo.int/en/copyright
WMO Register of Alerting Authorities,https://alertingauthority.wmo.int/authorities.php?recId=32,Privacy Policy,https://public.wmo.int/en/privacy-policy
WMO Register of Alerting Authorities,https://alertingauthority.wmo.int/authorities.php?recId=32,Disclaimer,https://public.wmo.int/en/disclaimer
WMO Register of Alerting Authorities,https://alertingauthority.wmo.int/authorities.php?recId=32,Map disclaimer,https://public.wmo.int/en/disclaimer#mapdisclaimer
WMO Register of Alerting Authorities,https://alertingauthority.wmo.int/authorities.php?recId=33,,https://public.wmo.int/en
WMO Register of Alerting Authorities,https://alertingauthority.wmo.int/authorities.php?recId=33,HOME,https://public.wmo.int/en
WMO Register of Alerting Authorities,https://alertingauthority.wmo.int/authorities.php?recId=33,WORLDWEATHER,https://worldweather.wmo.int
WMO Register of Alerting Authorities,https://alertingauthority.wmo.int/authorities.php?recId=33,SEVERE WEATHER,https://severeweather.wmo.int
WMO Register of Alerting Authorities,https://alertingauthority.wmo.int/authorities.php?recId=33,Public Weather Services,https://public.wmo.int/en/programmes/public-weather-services-programme
WMO Register of Alerting Authorities,https://alertingauthority.wmo.int/authorities.php?recId=33,please contact us,https://public.wmo.int/en/about-us/contact-us
WMO Register of Alerting Authorities,https://alertingauthority.wmo.int/authorities.php?recId=33,https://dirmet.cg/api/cap/rss.xml,https://dirmet.cg/api/cap/rss.xml
WMO Register of Alerting Authorities,https://alertingauthority.wmo.int/authorities.php?recId=33,https://dirmet.cg,https://dirmet.cg
WMO Register of Alerting Authorities,https://alertingauthority.wmo.int/authorities.php?recId=33,© World Meteorological Organization,https://old.wmo.int/extranet/pages/documents/wmo.vcf
WMO Register of Alerting Authorities,https://alertingauthority.wmo.int/authorities.php?recId=33,Copyright,https://public.wmo.int/en/copyright
WMO Register of Alerting Authorities,https://alertingauthority.wmo.int/authorities.php?recId=33,Privacy Policy,https://public.wmo.int/en/privacy-policy
WMO Register of Alerting Authorities,https://alertingauthority.wmo.int/authorities.php?recId=33,Disclaimer,https://public.wmo.int/en/disclaimer
WMO Register of Alerting Authorities,https://alertingauthority.wmo.int/authorities.php?recId=33,Map disclaimer,https://public.wmo.int/en/disclaimer#mapdisclaimer
WMO Register of Alerting Authorities,https://alertingauthority.wmo.int/authorities.php?recId=34,,https://public.wmo.int/en
WMO Register of Alerting Authorities,https://alertingauthority.wmo.int/authorities.php?recId=34,HOME,https://public.wmo.int/en
WMO Register of Alerting Authorities,https://alertingauthority.wmo.int/authorities.php?recId=34,WORLDWEATHER,https://worldweather.wmo.int
WMO Register of Alerting Authorities,https://alertingauthority.wmo.int/authorities.php?recId=34,SEVERE WEATHER,https://severeweather.wmo.int
WMO Register of Alerting Authorities,https://alertingauthority.wmo.int/authorities.php?recId=34,Public Weather Services,https://public.wmo.int/en/programmes/public-weather-services-programme
WMO Register of Alerting Authorities,https://alertingauthority.wmo.int/authorities.php?recId=34,please contact us,https://public.wmo.int/en/about-us/contact-us
WMO Register of Alerting Authorities,https://alertingauthority.wmo.int/authorities.php?recId=34,© World Meteorological Organization,https://old.wmo.int/extranet/pages/documents/wmo.vcf
WMO Register of Alerting Authorities,https://alertingauthority.wmo.int/authorities.php?recId=34,Copyright,https://public.wmo.int/en/copyright
WMO Register of Alerting Authorities,https://alertingauthority.wmo.int/authorities.php?recId=34,Privacy Policy,https://public.wmo.int/en/privacy-policy
WMO Register of Alerting Authorities,https://alertingauthority.wmo.int/authorities.php?recId=34,Disclaimer,https://public.wmo.int/en/disclaimer
WMO Register of Alerting Authorities,https://alertingauthority.wmo.int/authorities.php?recId=34,Map disclaimer,https://public.wmo.int/en/disclaimer#mapdisclaimer
WMO Register of Alerting Authorities,https://alertingauthority.wmo.int/authorities.php?recId=35,,https://public.wmo.int/en
WMO Register of Alerting Authorities,https://alertingauthority.wmo.int/authorities.php?recId=35,HOME,https://public.wmo.int/en
WMO Register of Alerting Authorities,https://alertingauthority.wmo.int/authorities.php?recId=35,WORLDWEATHER,https://worldweather.wmo.int
WMO Register of Alerting Authorities,https://alertingauthority.wmo.int/authorities.php?recId=35,SEVERE WEATHER,https://severeweather.wmo.int
WMO Register of Alerting Authorities,https://alertingauthority.wmo.int/authorities.php?recId=35,Public Weather Services,https://public.wmo.int/en/programmes/public-weather-services-programme
WMO Register of Alerting Authorities,https://alertingauthority.wmo.int/authorities.php?recId=35,please contact us,https://public.wmo.int/en/about-us/contact-us
WMO Register of Alerting Authorities,https://alertingauthority.wmo.int/authorities.php?recId=35,© World Meteorological Organization,https://old.wmo.int/extranet/pages/documents/wmo.vcf
WMO Register of Alerting Authorities,https://alertingauthority.wmo.int/authorities.php?recId=35,Copyright,https://public.wmo.int/en/copyright
WMO Register of Alerting Authorities,https://alertingauthority.wmo.int/authorities.php?recId=35,Privacy Policy,https://public.wmo.int/en/privacy-policy
WMO Register of Alerting Authorities,https://alertingauthority.wmo.int/authorities.php?recId=35,Disclaimer,https://public.wmo.int/en/disclaimer
WMO Register of Alerting Authorities,https://alertingauthority.wmo.int/authorities.php?recId=35,Map disclaimer,https://public.wmo.int/en/disclaimer#mapdisclaimer
WMO Register of Alerting Authorities,https://alertingauthority.wmo.int/authorities.php?recId=36,,https://public.wmo.int/en
WMO Register of Alerting Authorities,https://alertingauthority.wmo.int/authorities.php?recId=36,HOME,https://public.wmo.int/en
WMO Register of Alerting Authorities,https://alertingauthority.wmo.int/authorities.php?recId=36,WORLDWEATHER,https://worldweather.wmo.int
WMO Register of Alerting Authorities,https://alertingauthority.wmo.int/authorities.php?recId=36,SEVERE WEATHER,https://severeweather.wmo.int
WMO Register of Alerting Authorities,https://alertingauthority.wmo.int/authorities.php?recId=36,Public Weather Services,https://public.wmo.int/en/programmes/public-weather-services-programme
WMO Register of Alerting Authorities,https://alertingauthority.wmo.int/authorities.php?recId=36,please contact us,https://public.wmo.int/en/about-us/contact-us
WMO Register of Alerting Authorities,https://alertingauthority.wmo.int/authorities.php?recId=36,https://cap-sources.s3.amazonaws.com/cr-imn-es/rss.xml,https://cap-sources.s3.amazonaws.com/cr-imn-es/rss.xml 
WMO Register of Alerting Authorities,https://alertingauthority.wmo.int/authorities.php?recId=36,https://cap-sources.s3.amazonaws.com/cr-imn-en/rss.xml,https://cap-sources.s3.amazonaws.com/cr-imn-en/rss.xml 
WMO Register of Alerting Authorities,https://alertingauthority.wmo.int/authorities.php?recId=36,http://www.worldweather.org/171/m171.htm,http://www.worldweather.org/171/m171.htm
WMO Register of Alerting Authorities,https://alertingauthority.wmo.int/authorities.php?recId=36,© World Meteorological Organization,https://old.wmo.int/extranet/pages/documents/wmo.vcf
WMO Register of Alerting Authorities,https://alertingauthority.wmo.int/authorities.php?recId=36,Copyright,https://public.wmo.int/en/copyright
WMO Register of Alerting Authorities,https://alertingauthority.wmo.int/authorities.php?recId=36,Privacy Policy,https://public.wmo.int/en/privacy-policy
WMO Register of Alerting Authorities,https://alertingauthority.wmo.int/authorities.php?recId=36,Disclaimer,https://public.wmo.int/en/disclaimer
WMO Register of Alerting Authorities,https://alertingauthority.wmo.int/authorities.php?recId=36,Map disclaimer,https://public.wmo.int/en/disclaimer#mapdisclaimer
WMO Register of Alerting Authorities,https://alertingauthority.wmo.int/authorities.php?recId=37,,https://public.wmo.int/en
WMO Register of Alerting Authorities,https://alertingauthority.wmo.int/authorities.php?recId=37,HOME,https://public.wmo.int/en
WMO Register of Alerting Authorities,https://alertingauthority.wmo.int/authorities.php?recId=37,WORLDWEATHER,https://worldweather.wmo.int
WMO Register of Alerting Authorities,https://alertingauthority.wmo.int/authorities.php?recId=37,SEVERE WEATHER,https://severeweather.wmo.int
WMO Register of Alerting Authorities,https://alertingauthority.wmo.int/authorities.php?recId=37,Public Weather Services,https://public.wmo.int/en/programmes/public-weather-services-programme
WMO Register of Alerting Authorities,https://alertingauthority.wmo.int/authorities.php?recId=37,please contact us,https://public.wmo.int/en/about-us/contact-us
WMO Register of Alerting Authorities,https://alertingauthority.wmo.int/authorities.php?recId=37,© World Meteorological Organization,https://old.wmo.int/extranet/pages/documents/wmo.vcf
WMO Register of Alerting Authorities,https://alertingauthority.wmo.int/authorities.php?recId=37,Copyright,https://public.wmo.int/en/copyright
WMO Register of Alerting Authorities,https://alertingauthority.wmo.int/authorities.php?recId=37,Privacy Policy,https://public.wmo.int/en/privacy-policy
WMO Register of Alerting Authorities,https://alertingauthority.wmo.int/authorities.php?recId=37,Disclaimer,https://public.wmo.int/en/disclaimer
WMO Register of Alerting Authorities,https://alertingauthority.wmo.int/authorities.php?recId=37,Map disclaimer,https://public.wmo.int/en/disclaimer#mapdisclaimer
WMO Register of Alerting Authorities,https://alertingauthority.wmo.int/authorities.php?recId=38,,https://public.wmo.int/en
WMO Register of Alerting Authorities,https://alertingauthority.wmo.int/authorities.php?recId=38,HOME,https://public.wmo.int/en
WMO Register of Alerting Authorities,https://alertingauthority.wmo.int/authorities.php?recId=38,WORLDWEATHER,https://worldweather.wmo.int
WMO Register of Alerting Authorities,https://alertingauthority.wmo.int/authorities.php?recId=38,SEVERE WEATHER,https://severeweather.wmo.int
WMO Register of Alerting Authorities,https://alertingauthority.wmo.int/authorities.php?recId=38,Public Weather Services,https://public.wmo.int/en/programmes/public-weather-services-programme
WMO Register of Alerting Authorities,https://alertingauthority.wmo.int/authorities.php?recId=38,please contact us,https://public.wmo.int/en/about-us/contact-us
WMO Register of Alerting Authorities,https://alertingauthority.wmo.int/authorities.php?recId=38,https://cap-sources.s3.amazonaws.com/ci-sodexam-fr/rss.xml,https://cap-sources.s3.amazonaws.com/ci-sodexam-fr/rss.xml
WMO Register of Alerting Authorities,https://alertingauthority.wmo.int/authorities.php?recId=38,© World Meteorological Organization,https://old.wmo.int/extranet/pages/documents/wmo.vcf
WMO Register of Alerting Authorities,https://alertingauthority.wmo.int/authorities.php?recId=38,Copyright,https://public.wmo.int/en/copyright
WMO Register of Alerting Authorities,https://alertingauthority.wmo.int/authorities.php?recId=38,Privacy Policy,https://public.wmo.int/en/privacy-policy
WMO Register of Alerting Authorities,https://alertingauthority.wmo.int/authorities.php?recId=38,Disclaimer,https://public.wmo.int/en/disclaimer
WMO Register of Alerting Authorities,https://alertingauthority.wmo.int/authorities.php?recId=38,Map disclaimer,https://public.wmo.int/en/disclaimer#mapdisclaimer
WMO Register of Alerting Authorities,https://alertingauthority.wmo.int/authorities.php?recId=39,,https://public.wmo.int/en
WMO Register of Alerting Authorities,https://alertingauthority.wmo.int/authorities.php?recId=39,HOME,https://public.wmo.int/en
WMO Register of Alerting Authorities,https://alertingauthority.wmo.int/authorities.php?recId=39,WORLDWEATHER,https://worldweather.wmo.int
WMO Register of Alerting Authorities,https://alertingauthority.wmo.int/authorities.php?recId=39,SEVERE WEATHER,https://severeweather.wmo.int
WMO Register of Alerting Authorities,https://alertingauthority.wmo.int/authorities.php?recId=39,Public Weather Services,https://public.wmo.int/en/programmes/public-weather-services-programme
WMO Register of Alerting Authorities,https://alertingauthority.wmo.int/authorities.php?recId=39,please contact us,https://public.wmo.int/en/about-us/contact-us
WMO Register of Alerting Authorities,https://alertingauthority.wmo.int/authorities.php?recId=39,https://feeds.meteoalarm.org/feeds/meteoalarm-legacy-atom-croatia,https://feeds.meteoalarm.org/feeds/meteoalarm-legacy-atom-croatia
WMO Register of Alerting Authorities,https://alertingauthority.wmo.int/authorities.php?recId=39,https://feeds.meteoalarm.org/feeds/meteoalarm-legacy-rss-croatia,https://feeds.meteoalarm.org/feeds/meteoalarm-legacy-rss-croatia
WMO Register of Alerting Authorities,https://alertingauthority.wmo.int/authorities.php?recId=39,https://meteo.hr/index.php,https://meteo.hr/index.php
WMO Register of Alerting Authorities,https://alertingauthority.wmo.int/authorities.php?recId=39,© World Meteorological Organization,https://old.wmo.int/extranet/pages/documents/wmo.vcf
WMO Register of Alerting Authorities,https://alertingauthority.wmo.int/authorities.php?recId=39,Copyright,https://public.wmo.int/en/copyright
WMO Register of Alerting Authorities,https://alertingauthority.wmo.int/authorities.php?recId=39,Privacy Policy,https://public.wmo.int/en/privacy-policy
WMO Register of Alerting Authorities,https://alertingauthority.wmo.int/authorities.php?recId=39,Disclaimer,https://public.wmo.int/en/disclaimer
WMO Register of Alerting Authorities,https://alertingauthority.wmo.int/authorities.php?recId=39,Map disclaimer,https://public.wmo.int/en/disclaimer#mapdisclaimer
WMO Register of Alerting Authorities,https://alertingauthority.wmo.int/authorities.php?recId=40,,https://public.wmo.int/en
WMO Register of Alerting Authorities,https://alertingauthority.wmo.int/authorities.php?recId=40,HOME,https://public.wmo.int/en
WMO Register of Alerting Authorities,https://alertingauthority.wmo.int/authorities.php?recId=40,WORLDWEATHER,https://worldweather.wmo.int
WMO Register of Alerting Authorities,https://alertingauthority.wmo.int/authorities.php?recId=40,SEVERE WEATHER,https://severeweather.wmo.int
WMO Register of Alerting Authorities,https://alertingauthority.wmo.int/authorities.php?recId=40,Public Weather Services,https://public.wmo.int/en/programmes/public-weather-services-programme
WMO Register of Alerting Authorities,https://alertingauthority.wmo.int/authorities.php?recId=40,please contact us,https://public.wmo.int/en/about-us/contact-us
WMO Register of Alerting Authorities,https://alertingauthority.wmo.int/authorities.php?recId=40,http://www.worldweather.org/104/m104.htm,http://www.worldweather.org/104/m104.htm
WMO Register of Alerting Authorities,https://alertingauthority.wmo.int/authorities.php?recId=40,© World Meteorological Organization,https://old.wmo.int/extranet/pages/documents/wmo.vcf
WMO Register of Alerting Authorities,https://alertingauthority.wmo.int/authorities.php?recId=40,Copyright,https://public.wmo.int/en/copyright
WMO Register of Alerting Authorities,https://alertingauthority.wmo.int/authorities.php?recId=40,Privacy Policy,https://public.wmo.int/en/privacy-policy
WMO Register of Alerting Authorities,https://alertingauthority.wmo.int/authorities.php?recId=40,Disclaimer,https://public.wmo.int/en/disclaimer
WMO Register of Alerting Authorities,https://alertingauthority.wmo.int/authorities.php?recId=40,Map disclaimer,https://public.wmo.int/en/disclaimer#mapdisclaimer
WMO Register of Alerting Authorities,https://alertingauthority.wmo.int/authorities.php?recId=41,,https://public.wmo.int/en
WMO Register of Alerting Authorities,https://alertingauthority.wmo.int/authorities.php?recId=41,HOME,https://public.wmo.int/en
WMO Register of Alerting Authorities,https://alertingauthority.wmo.int/authorities.php?recId=41,WORLDWEATHER,https://worldweather.wmo.int
WMO Register of Alerting Authorities,https://alertingauthority.wmo.int/authorities.php?recId=41,SEVERE WEATHER,https://severeweather.wmo.int
WMO Register of Alerting Authorities,https://alertingauthority.wmo.int/authorities.php?recId=41,Public Weather Services,https://public.wmo.int/en/programmes/public-weather-services-programme
WMO Register of Alerting Authorities,https://alertingauthority.wmo.int/authorities.php?recId=41,please contact us,https://public.wmo.int/en/about-us/contact-us
WMO Register of Alerting Authorities,https://alertingauthority.wmo.int/authorities.php?recId=41,http://portal.chmi.cz/files/portal/docs/meteo/om/bulletiny/XOCZ50_OKPR.xml,http://portal.chmi.cz/files/portal/docs/meteo/om/bulletiny/XOCZ50_OKPR.xml
WMO Register of Alerting Authorities,https://alertingauthority.wmo.int/authorities.php?recId=41,http://www.worldweather.org/172/m172.htm,http://www.worldweather.org/172/m172.htm
WMO Register of Alerting Authorities,https://alertingauthority.wmo.int/authorities.php?recId=41,© World Meteorological Organization,https://old.wmo.int/extranet/pages/documents/wmo.vcf
WMO Register of Alerting Authorities,https://alertingauthority.wmo.int/authorities.php?recId=41,Copyright,https://public.wmo.int/en/copyright
WMO Register of Alerting Authorities,https://alertingauthority.wmo.int/authorities.php?recId=41,Privacy Policy,https://public.wmo.int/en/privacy-policy
WMO Register of Alerting Authorities,https://alertingauthority.wmo.int/authorities.php?recId=41,Disclaimer,https://public.wmo.int/en/disclaimer
WMO Register of Alerting Authorities,https://alertingauthority.wmo.int/authorities.php?recId=41,Map disclaimer,https://public.wmo.int/en/disclaimer#mapdisclaimer
WMO Register of Alerting Authorities,https://alertingauthority.wmo.int/authorities.php?recId=42,,https://public.wmo.int/en
WMO Register of Alerting Authorities,https://alertingauthority.wmo.int/authorities.php?recId=42,HOME,https://public.wmo.int/en
WMO Register of Alerting Authorities,https://alertingauthority.wmo.int/authorities.php?recId=42,WORLDWEATHER,https://worldweather.wmo.int
WMO Register of Alerting Authorities,https://alertingauthority.wmo.int/authorities.php?recId=42,SEVERE WEATHER,https://severeweather.wmo.int
WMO Register of Alerting Authorities,https://alertingauthority.wmo.int/authorities.php?recId=42,Public Weather Services,https://public.wmo.int/en/programmes/public-weather-services-programme
WMO Register of Alerting Authorities,https://alertingauthority.wmo.int/authorities.php?recId=42,please contact us,https://public.wmo.int/en/about-us/contact-us
WMO Register of Alerting Authorities,https://alertingauthority.wmo.int/authorities.php?recId=42,https://feeds.meteoalarm.org/feeds/meteoalarm-legacy-atom-denmark,https://feeds.meteoalarm.org/feeds/meteoalarm-legacy-atom-denmark
WMO Register of Alerting Authorities,https://alertingauthority.wmo.int/authorities.php?recId=42,http://www.worldweather.org/173/m173.htm,http://www.worldweather.org/173/m173.htm
WMO Register of Alerting Authorities,https://alertingauthority.wmo.int/authorities.php?recId=42,© World Meteorological Organization,https://old.wmo.int/extranet/pages/documents/wmo.vcf
WMO Register of Alerting Authorities,https://alertingauthority.wmo.int/authorities.php?recId=42,Copyright,https://public.wmo.int/en/copyright
WMO Register of Alerting Authorities,https://alertingauthority.wmo.int/authorities.php?recId=42,Privacy Policy,https://public.wmo.int/en/privacy-policy
WMO Register of Alerting Authorities,https://alertingauthority.wmo.int/authorities.php?recId=42,Disclaimer,https://public.wmo.int/en/disclaimer
WMO Register of Alerting Authorities,https://alertingauthority.wmo.int/authorities.php?recId=42,Map disclaimer,https://public.wmo.int/en/disclaimer#mapdisclaimer
WMO Register of Alerting Authorities,https://alertingauthority.wmo.int/authorities.php?recId=43,,https://public.wmo.int/en
WMO Register of Alerting Authorities,https://alertingauthority.wmo.int/authorities.php?recId=43,HOME,https://public.wmo.int/en
WMO Register of Alerting Authorities,https://alertingauthority.wmo.int/authorities.php?recId=43,WORLDWEATHER,https://worldweather.wmo.int
WMO Register of Alerting Authorities,https://alertingauthority.wmo.int/authorities.php?recId=43,SEVERE WEATHER,https://severeweather.wmo.int
WMO Register of Alerting Authorities,https://alertingauthority.wmo.int/authorities.php?recId=43,Public Weather Services,https://public.wmo.int/en/programmes/public-weather-services-programme
WMO Register of Alerting Authorities,https://alertingauthority.wmo.int/authorities.php?recId=43,please contact us,https://public.wmo.int/en/about-us/contact-us
WMO Register of Alerting Authorities,https://alertingauthority.wmo.int/authorities.php?recId=43,https://cap-sources.s3.amazonaws.com/do-indomet-es/rss.xml,https://cap-sources.s3.amazonaws.com/do-indomet-es/rss.xml
WMO Register of Alerting Authorities,https://alertingauthority.wmo.int/authorities.php?recId=43,http://www.worldweather.org/132/m132.htm,http://www.worldweather.org/132/m132.htm
WMO Register of Alerting Authorities,https://alertingauthority.wmo.int/authorities.php?recId=43,© World Meteorological Organization,https://old.wmo.int/extranet/pages/documents/wmo.vcf
WMO Register of Alerting Authorities,https://alertingauthority.wmo.int/authorities.php?recId=43,Copyright,https://public.wmo.int/en/copyright
WMO Register of Alerting Authorities,https://alertingauthority.wmo.int/authorities.php?recId=43,Privacy Policy,https://public.wmo.int/en/privacy-policy
WMO Register of Alerting Authorities,https://alertingauthority.wmo.int/authorities.php?recId=43,Disclaimer,https://public.wmo.int/en/disclaimer
WMO Register of Alerting Authorities,https://alertingauthority.wmo.int/authorities.php?recId=43,Map disclaimer,https://public.wmo.int/en/disclaimer#mapdisclaimer
WMO Register of Alerting Authorities,https://alertingauthority.wmo.int/authorities.php?recId=44,,https://public.wmo.int/en
WMO Register of Alerting Authorities,https://alertingauthority.wmo.int/authorities.php?recId=44,HOME,https://public.wmo.int/en
WMO Register of Alerting Authorities,https://alertingauthority.wmo.int/authorities.php?recId=44,WORLDWEATHER,https://worldweather.wmo.int
WMO Register of Alerting Authorities,https://alertingauthority.wmo.int/authorities.php?recId=44,SEVERE WEATHER,https://severeweather.wmo.int
WMO Register of Alerting Authorities,https://alertingauthority.wmo.int/authorities.php?recId=44,Public Weather Services,https://public.wmo.int/en/programmes/public-weather-services-programme
WMO Register of Alerting Authorities,https://alertingauthority.wmo.int/authorities.php?recId=44,please contact us,https://public.wmo.int/en/about-us/contact-us
WMO Register of Alerting Authorities,https://alertingauthority.wmo.int/authorities.php?recId=44,https://cap-sources.s3.amazonaws.com/ec-inamhi-es/rss.xml,https://cap-sources.s3.amazonaws.com/ec-inamhi-es/rss.xml
WMO Register of Alerting Authorities,https://alertingauthority.wmo.int/authorities.php?recId=44,http://www.worldweather.org/137/c00291.htm,http://www.worldweather.org/137/c00291.htm
WMO Register of Alerting Authorities,https://alertingauthority.wmo.int/authorities.php?recId=44,© World Meteorological Organization,https://old.wmo.int/extranet/pages/documents/wmo.vcf
WMO Register of Alerting Authorities,https://alertingauthority.wmo.int/authorities.php?recId=44,Copyright,https://public.wmo.int/en/copyright
WMO Register of Alerting Authorities,https://alertingauthority.wmo.int/authorities.php?recId=44,Privacy Policy,https://public.wmo.int/en/privacy-policy
WMO Register of Alerting Authorities,https://alertingauthority.wmo.int/authorities.php?recId=44,Disclaimer,https://public.wmo.int/en/disclaimer
WMO Register of Alerting Authorities,https://alertingauthority.wmo.int/authorities.php?recId=44,Map disclaimer,https://public.wmo.int/en/disclaimer#mapdisclaimer
WMO Register of Alerting Authorities,https://alertingauthority.wmo.int/authorities.php?recId=45,,https://public.wmo.int/en
WMO Register of Alerting Authorities,https://alertingauthority.wmo.int/authorities.php?recId=45,HOME,https://public.wmo.int/en
WMO Register of Alerting Authorities,https://alertingauthority.wmo.int/authorities.php?recId=45,WORLDWEATHER,https://worldweather.wmo.int
WMO Register of Alerting Authorities,https://alertingauthority.wmo.int/authorities.php?recId=45,SEVERE WEATHER,https://severeweather.wmo.int
WMO Register of Alerting Authorities,https://alertingauthority.wmo.int/authorities.php?recId=45,Public Weather Services,https://public.wmo.int/en/programmes/public-weather-services-programme
WMO Register of Alerting Authorities,https://alertingauthority.wmo.int/authorities.php?recId=45,please contact us,https://public.wmo.int/en/about-us/contact-us
WMO Register of Alerting Authorities,https://alertingauthority.wmo.int/authorities.php?recId=45,https://cap-sources.s3.amazonaws.com/eg-ema-ar/rss.xml,https://cap-sources.s3.amazonaws.com/eg-ema-ar/rss.xml
WMO Register of Alerting Authorities,https://alertingauthority.wmo.int/authorities.php?recId=45,https://cap-sources.s3.amazonaws.com/eg-ema-en/rss.xml,https://cap-sources.s3.amazonaws.com/eg-ema-en/rss.xml
WMO Register of Alerting Authorities,https://alertingauthority.wmo.int/authorities.php?recId=45,http://www.ema.gov.eg,http://www.ema.gov.eg
WMO Register of Alerting Authorities,https://alertingauthority.wmo.int/authorities.php?recId=45,© World Meteorological Organization,https://old.wmo.int/extranet/pages/documents/wmo.vcf
WMO Register of Alerting Authorities,https://alertingauthority.wmo.int/authorities.php?recId=45,Copyright,https://public.wmo.int/en/copyright
WMO Register of Alerting Authorities,https://alertingauthority.wmo.int/authorities.php?recId=45,Privacy Policy,https://public.wmo.int/en/privacy-policy
WMO Register of Alerting Authorities,https://alertingauthority.wmo.int/authorities.php?recId=45,Disclaimer,https://public.wmo.int/en/disclaimer
WMO Register of Alerting Authorities,https://alertingauthority.wmo.int/authorities.php?recId=45,Map disclaimer,https://public.wmo.int/en/disclaimer#mapdisclaimer
WMO Register of Alerting Authorities,https://alertingauthority.wmo.int/authorities.php?recId=46,,https://public.wmo.int/en
WMO Register of Alerting Authorities,https://alertingauthority.wmo.int/authorities.php?recId=46,HOME,https://public.wmo.int/en
WMO Register of Alerting Authorities,https://alertingauthority.wmo.int/authorities.php?recId=46,WORLDWEATHER,https://worldweather.wmo.int
WMO Register of Alerting Authorities,https://alertingauthority.wmo.int/authorities.php?recId=46,SEVERE WEATHER,https://severeweather.wmo.int
WMO Register of Alerting Authorities,https://alertingauthority.wmo.int/authorities.php?recId=46,Public Weather Services,https://public.wmo.int/en/programmes/public-weather-services-programme
WMO Register of Alerting Authorities,https://alertingauthority.wmo.int/authorities.php?recId=46,please contact us,https://public.wmo.int/en/about-us/contact-us
WMO Register of Alerting Authorities,https://alertingauthority.wmo.int/authorities.php?recId=46,http://www.worldweather.org/174/m174.htm,http://www.worldweather.org/174/m174.htm
WMO Register of Alerting Authorities,https://alertingauthority.wmo.int/authorities.php?recId=46,© World Meteorological Organization,https://old.wmo.int/extranet/pages/documents/wmo.vcf
WMO Register of Alerting Authorities,https://alertingauthority.wmo.int/authorities.php?recId=46,Copyright,https://public.wmo.int/en/copyright
WMO Register of Alerting Authorities,https://alertingauthority.wmo.int/authorities.php?recId=46,Privacy Policy,https://public.wmo.int/en/privacy-policy
WMO Register of Alerting Authorities,https://alertingauthority.wmo.int/authorities.php?recId=46,Disclaimer,https://public.wmo.int/en/disclaimer
WMO Register of Alerting Authorities,https://alertingauthority.wmo.int/authorities.php?recId=46,Map disclaimer,https://public.wmo.int/en/disclaimer#mapdisclaimer
WMO Register of Alerting Authorities,https://alertingauthority.wmo.int/authorities.php?recId=47,,https://public.wmo.int/en
WMO Register of Alerting Authorities,https://alertingauthority.wmo.int/authorities.php?recId=47,HOME,https://public.wmo.int/en
WMO Register of Alerting Authorities,https://alertingauthority.wmo.int/authorities.php?recId=47,WORLDWEATHER,https://worldweather.wmo.int
WMO Register of Alerting Authorities,https://alertingauthority.wmo.int/authorities.php?recId=47,SEVERE WEATHER,https://severeweather.wmo.int
WMO Register of Alerting Authorities,https://alertingauthority.wmo.int/authorities.php?recId=47,Public Weather Services,https://public.wmo.int/en/programmes/public-weather-services-programme
WMO Register of Alerting Authorities,https://alertingauthority.wmo.int/authorities.php?recId=47,please contact us,https://public.wmo.int/en/about-us/contact-us
WMO Register of Alerting Authorities,https://alertingauthority.wmo.int/authorities.php?recId=47,http://www.worldweather.org/039/c00149.htm,http://www.worldweather.org/039/c00149.htm
WMO Register of Alerting Authorities,https://alertingauthority.wmo.int/authorities.php?recId=47,© World Meteorological Organization,https://old.wmo.int/extranet/pages/documents/wmo.vcf
WMO Register of Alerting Authorities,https://alertingauthority.wmo.int/authorities.php?recId=47,Copyright,https://public.wmo.int/en/copyright
WMO Register of Alerting Authorities,https://alertingauthority.wmo.int/authorities.php?recId=47,Privacy Policy,https://public.wmo.int/en/privacy-policy
WMO Register of Alerting Authorities,https://alertingauthority.wmo.int/authorities.php?recId=47,Disclaimer,https://public.wmo.int/en/disclaimer
WMO Register of Alerting Authorities,https://alertingauthority.wmo.int/authorities.php?recId=47,Map disclaimer,https://public.wmo.int/en/disclaimer#mapdisclaimer
WMO Register of Alerting Authorities,https://alertingauthority.wmo.int/authorities.php?recId=48,,https://public.wmo.int/en
WMO Register of Alerting Authorities,https://alertingauthority.wmo.int/authorities.php?recId=48,HOME,https://public.wmo.int/en
WMO Register of Alerting Authorities,https://alertingauthority.wmo.int/authorities.php?recId=48,WORLDWEATHER,https://worldweather.wmo.int
WMO Register of Alerting Authorities,https://alertingauthority.wmo.int/authorities.php?recId=48,SEVERE WEATHER,https://severeweather.wmo.int
WMO Register of Alerting Authorities,https://alertingauthority.wmo.int/authorities.php?recId=48,Public Weather Services,https://public.wmo.int/en/programmes/public-weather-services-programme
WMO Register of Alerting Authorities,https://alertingauthority.wmo.int/authorities.php?recId=48,please contact us,https://public.wmo.int/en/about-us/contact-us
WMO Register of Alerting Authorities,https://alertingauthority.wmo.int/authorities.php?recId=48,https://www.ethiomet.gov.et/api/cap/rss.xml,https://www.ethiomet.gov.et/api/cap/rss.xml
WMO Register of Alerting Authorities,https://alertingauthority.wmo.int/authorities.php?recId=48,https://www.ethiomet.gov.et/,https://www.ethiomet.gov.et/
WMO Register of Alerting Authorities,https://alertingauthority.wmo.int/authorities.php?recId=48,© World Meteorological Organization,https://old.wmo.int/extranet/pages/documents/wmo.vcf
WMO Register of Alerting Authorities,https://alertingauthority.wmo.int/authorities.php?recId=48,Copyright,https://public.wmo.int/en/copyright
WMO Register of Alerting Authorities,https://alertingauthority.wmo.int/authorities.php?recId=48,Privacy Policy,https://public.wmo.int/en/privacy-policy
WMO Register of Alerting Authorities,https://alertingauthority.wmo.int/authorities.php?recId=48,Disclaimer,https://public.wmo.int/en/disclaimer
WMO Register of Alerting Authorities,https://alertingauthority.wmo.int/authorities.php?recId=48,Map disclaimer,https://public.wmo.int/en/disclaimer#mapdisclaimer
WMO Register of Alerting Authorities,https://alertingauthority.wmo.int/authorities.php?recId=49,,https://public.wmo.int/en
WMO Register of Alerting Authorities,https://alertingauthority.wmo.int/authorities.php?recId=49,HOME,https://public.wmo.int/en
WMO Register of Alerting Authorities,https://alertingauthority.wmo.int/authorities.php?recId=49,WORLDWEATHER,https://worldweather.wmo.int
WMO Register of Alerting Authorities,https://alertingauthority.wmo.int/authorities.php?recId=49,SEVERE WEATHER,https://severeweather.wmo.int
WMO Register of Alerting Authorities,https://alertingauthority.wmo.int/authorities.php?recId=49,Public Weather Services,https://public.wmo.int/en/programmes/public-weather-services-programme
WMO Register of Alerting Authorities,https://alertingauthority.wmo.int/authorities.php?recId=49,please contact us,https://public.wmo.int/en/about-us/contact-us
WMO Register of Alerting Authorities,https://alertingauthority.wmo.int/authorities.php?recId=49,http://www.worldweather.org/022/m022.htm,http://www.worldweather.org/022/m022.htm
WMO Register of Alerting Authorities,https://alertingauthority.wmo.int/authorities.php?recId=49,© World Meteorological Organization,https://old.wmo.int/extranet/pages/documents/wmo.vcf
WMO Register of Alerting Authorities,https://alertingauthority.wmo.int/authorities.php?recId=49,Copyright,https://public.wmo.int/en/copyright
WMO Register of Alerting Authorities,https://alertingauthority.wmo.int/authorities.php?recId=49,Privacy Policy,https://public.wmo.int/en/privacy-policy
WMO Register of Alerting Authorities,https://alertingauthority.wmo.int/authorities.php?recId=49,Disclaimer,https://public.wmo.int/en/disclaimer
WMO Register of Alerting Authorities,https://alertingauthority.wmo.int/authorities.php?recId=49,Map disclaimer,https://public.wmo.int/en/disclaimer#mapdisclaimer
WMO Register of Alerting Authorities,https://alertingauthority.wmo.int/authorities.php?recId=50,,https://public.wmo.int/en
WMO Register of Alerting Authorities,https://alertingauthority.wmo.int/authorities.php?recId=50,HOME,https://public.wmo.int/en
WMO Register of Alerting Authorities,https://alertingauthority.wmo.int/authorities.php?recId=50,WORLDWEATHER,https://worldweather.wmo.int
WMO Register of Alerting Authorities,https://alertingauthority.wmo.int/authorities.php?recId=50,SEVERE WEATHER,https://severeweather.wmo.int
WMO Register of Alerting Authorities,https://alertingauthority.wmo.int/authorities.php?recId=50,Public Weather Services,https://public.wmo.int/en/programmes/public-weather-services-programme
WMO Register of Alerting Authorities,https://alertingauthority.wmo.int/authorities.php?recId=50,please contact us,https://public.wmo.int/en/about-us/contact-us
WMO Register of Alerting Authorities,https://alertingauthority.wmo.int/authorities.php?recId=50,http://www.worldweather.org/061/m061.htm,http://www.worldweather.org/061/m061.htm
WMO Register of Alerting Authorities,https://alertingauthority.wmo.int/authorities.php?recId=50,© World Meteorological Organization,https://old.wmo.int/extranet/pages/documents/wmo.vcf
WMO Register of Alerting Authorities,https://alertingauthority.wmo.int/authorities.php?recId=50,Copyright,https://public.wmo.int/en/copyright
WMO Register of Alerting Authorities,https://alertingauthority.wmo.int/authorities.php?recId=50,Privacy Policy,https://public.wmo.int/en/privacy-policy
WMO Register of Alerting Authorities,https://alertingauthority.wmo.int/authorities.php?recId=50,Disclaimer,https://public.wmo.int/en/disclaimer
WMO Register of Alerting Authorities,https://alertingauthority.wmo.int/authorities.php?recId=50,Map disclaimer,https://public.wmo.int/en/disclaimer#mapdisclaimer
WMO Register of Alerting Authorities,https://alertingauthority.wmo.int/authorities.php?recId=51,,https://public.wmo.int/en
WMO Register of Alerting Authorities,https://alertingauthority.wmo.int/authorities.php?recId=51,HOME,https://public.wmo.int/en
WMO Register of Alerting Authorities,https://alertingauthority.wmo.int/authorities.php?recId=51,WORLDWEATHER,https://worldweather.wmo.int
WMO Register of Alerting Authorities,https://alertingauthority.wmo.int/authorities.php?recId=51,SEVERE WEATHER,https://severeweather.wmo.int
WMO Register of Alerting Authorities,https://alertingauthority.wmo.int/authorities.php?recId=51,Public Weather Services,https://public.wmo.int/en/programmes/public-weather-services-programme
WMO Register of Alerting Authorities,https://alertingauthority.wmo.int/authorities.php?recId=51,please contact us,https://public.wmo.int/en/about-us/contact-us
WMO Register of Alerting Authorities,https://alertingauthority.wmo.int/authorities.php?recId=51,https://alerts.fmi.fi/cap/feed/rss_fi-FI.rss,https://alerts.fmi.fi/cap/feed/rss_fi-FI.rss
WMO Register of Alerting Authorities,https://alertingauthority.wmo.int/authorities.php?recId=51,https://alerts.fmi.fi/cap/feed/rss_sv-FI.rss,https://alerts.fmi.fi/cap/feed/rss_sv-FI.rss
WMO Register of Alerting Authorities,https://alertingauthority.wmo.int/authorities.php?recId=51,https://alerts.fmi.fi/cap/feed/rss_en-GB.rss,https://alerts.fmi.fi/cap/feed/rss_en-GB.rss
WMO Register of Alerting Authorities,https://alertingauthority.wmo.int/authorities.php?recId=51,http://www.worldweather.org/061/m061.htm,http://www.worldweather.org/061/m061.htm
WMO Register of Alerting Authorities,https://alertingauthority.wmo.int/authorities.php?recId=51,© World Meteorological Organization,https://old.wmo.int/extranet/pages/documents/wmo.vcf
WMO Register of Alerting Authorities,https://alertingauthority.wmo.int/authorities.php?recId=51,Copyright,https://public.wmo.int/en/copyright
WMO Register of Alerting Authorities,https://alertingauthority.wmo.int/authorities.php?recId=51,Privacy Policy,https://public.wmo.int/en/privacy-policy
WMO Register of Alerting Authorities,https://alertingauthority.wmo.int/authorities.php?recId=51,Disclaimer,https://public.wmo.int/en/disclaimer
WMO Register of Alerting Authorities,https://alertingauthority.wmo.int/authorities.php?recId=51,Map disclaimer,https://public.wmo.int/en/disclaimer#mapdisclaimer
WMO Register of Alerting Authorities,https://alertingauthority.wmo.int/authorities.php?recId=52,,https://public.wmo.int/en
WMO Register of Alerting Authorities,https://alertingauthority.wmo.int/authorities.php?recId=52,HOME,https://public.wmo.int/en
WMO Register of Alerting Authorities,https://alertingauthority.wmo.int/authorities.php?recId=52,WORLDWEATHER,https://worldweather.wmo.int
WMO Register of Alerting Authorities,https://alertingauthority.wmo.int/authorities.php?recId=52,SEVERE WEATHER,https://severeweather.wmo.int
WMO Register of Alerting Authorities,https://alertingauthority.wmo.int/authorities.php?recId=52,Public Weather Services,https://public.wmo.int/en/programmes/public-weather-services-programme
WMO Register of Alerting Authorities,https://alertingauthority.wmo.int/authorities.php?recId=52,please contact us,https://public.wmo.int/en/about-us/contact-us
WMO Register of Alerting Authorities,https://alertingauthority.wmo.int/authorities.php?recId=52,http://www.worldweather.org/062/m062.htm,http://www.worldweather.org/062/m062.htm
WMO Register of Alerting Authorities,https://alertingauthority.wmo.int/authorities.php?recId=52,© World Meteorological Organization,https://old.wmo.int/extranet/pages/documents/wmo.vcf
WMO Register of Alerting Authorities,https://alertingauthority.wmo.int/authorities.php?recId=52,Copyright,https://public.wmo.int/en/copyright
WMO Register of Alerting Authorities,https://alertingauthority.wmo.int/authorities.php?recId=52,Privacy Policy,https://public.wmo.int/en/privacy-policy
WMO Register of Alerting Authorities,https://alertingauthority.wmo.int/authorities.php?recId=52,Disclaimer,https://public.wmo.int/en/disclaimer
WMO Register of Alerting Authorities,https://alertingauthority.wmo.int/authorities.php?recId=52,Map disclaimer,https://public.wmo.int/en/disclaimer#mapdisclaimer
WMO Register of Alerting Authorities,https://alertingauthority.wmo.int/authorities.php?recId=53,,https://public.wmo.int/en
WMO Register of Alerting Authorities,https://alertingauthority.wmo.int/authorities.php?recId=53,HOME,https://public.wmo.int/en
WMO Register of Alerting Authorities,https://alertingauthority.wmo.int/authorities.php?recId=53,WORLDWEATHER,https://worldweather.wmo.int
WMO Register of Alerting Authorities,https://alertingauthority.wmo.int/authorities.php?recId=53,SEVERE WEATHER,https://severeweather.wmo.int
WMO Register of Alerting Authorities,https://alertingauthority.wmo.int/authorities.php?recId=53,Public Weather Services,https://public.wmo.int/en/programmes/public-weather-services-programme
WMO Register of Alerting Authorities,https://alertingauthority.wmo.int/authorities.php?recId=53,please contact us,https://public.wmo.int/en/about-us/contact-us
WMO Register of Alerting Authorities,https://alertingauthority.wmo.int/authorities.php?recId=53,https://feeds.meteoalarm.org/feeds/meteoalarm-legacy-atom-france/,https://feeds.meteoalarm.org/feeds/meteoalarm-legacy-atom-france/
WMO Register of Alerting Authorities,https://alertingauthority.wmo.int/authorities.php?recId=53,http://france.meteofrance.com/vigilance/Accueil,http://france.meteofrance.com/vigilance/Accueil
WMO Register of Alerting Authorities,https://alertingauthority.wmo.int/authorities.php?recId=53,© World Meteorological Organization,https://old.wmo.int/extranet/pages/documents/wmo.vcf
WMO Register of Alerting Authorities,https://alertingauthority.wmo.int/authorities.php?recId=53,Copyright,https://public.wmo.int/en/copyright
WMO Register of Alerting Authorities,https://alertingauthority.wmo.int/authorities.php?recId=53,Privacy Policy,https://public.wmo.int/en/privacy-policy
WMO Register of Alerting Authorities,https://alertingauthority.wmo.int/authorities.php?recId=53,Disclaimer,https://public.wmo.int/en/disclaimer
WMO Register of Alerting Authorities,https://alertingauthority.wmo.int/authorities.php?recId=53,Map disclaimer,https://public.wmo.int/en/disclaimer#mapdisclaimer
WMO Register of Alerting Authorities,https://alertingauthority.wmo.int/authorities.php?recId=54,,https://public.wmo.int/en
WMO Register of Alerting Authorities,https://alertingauthority.wmo.int/authorities.php?recId=54,HOME,https://public.wmo.int/en
WMO Register of Alerting Authorities,https://alertingauthority.wmo.int/authorities.php?recId=54,WORLDWEATHER,https://worldweather.wmo.int
WMO Register of Alerting Authorities,https://alertingauthority.wmo.int/authorities.php?recId=54,SEVERE WEATHER,https://severeweather.wmo.int
WMO Register of Alerting Authorities,https://alertingauthority.wmo.int/authorities.php?recId=54,Public Weather Services,https://public.wmo.int/en/programmes/public-weather-services-programme
WMO Register of Alerting Authorities,https://alertingauthority.wmo.int/authorities.php?recId=54,please contact us,https://public.wmo.int/en/about-us/contact-us
WMO Register of Alerting Authorities,https://alertingauthority.wmo.int/authorities.php?recId=54,© World Meteorological Organization,https://old.wmo.int/extranet/pages/documents/wmo.vcf
WMO Register of Alerting Authorities,https://alertingauthority.wmo.int/authorities.php?recId=54,Copyright,https://public.wmo.int/en/copyright
WMO Register of Alerting Authorities,https://alertingauthority.wmo.int/authorities.php?recId=54,Privacy Policy,https://public.wmo.int/en/privacy-policy
WMO Register of Alerting Authorities,https://alertingauthority.wmo.int/authorities.php?recId=54,Disclaimer,https://public.wmo.int/en/disclaimer
WMO Register of Alerting Authorities,https://alertingauthority.wmo.int/authorities.php?recId=54,Map disclaimer,https://public.wmo.int/en/disclaimer#mapdisclaimer
WMO Register of Alerting Authorities,https://alertingauthority.wmo.int/authorities.php?recId=55,,https://public.wmo.int/en
WMO Register of Alerting Authorities,https://alertingauthority.wmo.int/authorities.php?recId=55,HOME,https://public.wmo.int/en
WMO Register of Alerting Authorities,https://alertingauthority.wmo.int/authorities.php?recId=55,WORLDWEATHER,https://worldweather.wmo.int
WMO Register of Alerting Authorities,https://alertingauthority.wmo.int/authorities.php?recId=55,SEVERE WEATHER,https://severeweather.wmo.int
WMO Register of Alerting Authorities,https://alertingauthority.wmo.int/authorities.php?recId=55,Public Weather Services,https://public.wmo.int/en/programmes/public-weather-services-programme
WMO Register of Alerting Authorities,https://alertingauthority.wmo.int/authorities.php?recId=55,please contact us,https://public.wmo.int/en/about-us/contact-us
WMO Register of Alerting Authorities,https://alertingauthority.wmo.int/authorities.php?recId=55,http://www.worldweather.org/175/c00297.htm,http://www.worldweather.org/175/c00297.htm
WMO Register of Alerting Authorities,https://alertingauthority.wmo.int/authorities.php?recId=55,© World Meteorological Organization,https://old.wmo.int/extranet/pages/documents/wmo.vcf
WMO Register of Alerting Authorities,https://alertingauthority.wmo.int/authorities.php?recId=55,Copyright,https://public.wmo.int/en/copyright
WMO Register of Alerting Authorities,https://alertingauthority.wmo.int/authorities.php?recId=55,Privacy Policy,https://public.wmo.int/en/privacy-policy
WMO Register of Alerting Authorities,https://alertingauthority.wmo.int/authorities.php?recId=55,Disclaimer,https://public.wmo.int/en/disclaimer
WMO Register of Alerting Authorities,https://alertingauthority.wmo.int/authorities.php?recId=55,Map disclaimer,https://public.wmo.int/en/disclaimer#mapdisclaimer
WMO Register of Alerting Authorities,https://alertingauthority.wmo.int/authorities.php?recId=56,,https://public.wmo.int/en
WMO Register of Alerting Authorities,https://alertingauthority.wmo.int/authorities.php?recId=56,HOME,https://public.wmo.int/en
WMO Register of Alerting Authorities,https://alertingauthority.wmo.int/authorities.php?recId=56,WORLDWEATHER,https://worldweather.wmo.int
WMO Register of Alerting Authorities,https://alertingauthority.wmo.int/authorities.php?recId=56,SEVERE WEATHER,https://severeweather.wmo.int
WMO Register of Alerting Authorities,https://alertingauthority.wmo.int/authorities.php?recId=56,Public Weather Services,https://public.wmo.int/en/programmes/public-weather-services-programme
WMO Register of Alerting Authorities,https://alertingauthority.wmo.int/authorities.php?recId=56,please contact us,https://public.wmo.int/en/about-us/contact-us
WMO Register of Alerting Authorities,https://alertingauthority.wmo.int/authorities.php?recId=56,https://cap-sources.s3.amazonaws.com/ga-dgm-fr/rss.xml,https://cap-sources.s3.amazonaws.com/ga-dgm-fr/rss.xml
WMO Register of Alerting Authorities,https://alertingauthority.wmo.int/authorities.php?recId=56,http://www.worldweather.org/128/c00255.htm,http://www.worldweather.org/128/c00255.htm
WMO Register of Alerting Authorities,https://alertingauthority.wmo.int/authorities.php?recId=56,© World Meteorological Organization,https://old.wmo.int/extranet/pages/documents/wmo.vcf
WMO Register of Alerting Authorities,https://alertingauthority.wmo.int/authorities.php?recId=56,Copyright,https://public.wmo.int/en/copyright
WMO Register of Alerting Authorities,https://alertingauthority.wmo.int/authorities.php?recId=56,Privacy Policy,https://public.wmo.int/en/privacy-policy
WMO Register of Alerting Authorities,https://alertingauthority.wmo.int/authorities.php?recId=56,Disclaimer,https://public.wmo.int/en/disclaimer
WMO Register of Alerting Authorities,https://alertingauthority.wmo.int/authorities.php?recId=56,Map disclaimer,https://public.wmo.int/en/disclaimer#mapdisclaimer
WMO Register of Alerting Authorities,https://alertingauthority.wmo.int/authorities.php?recId=57,,https://public.wmo.int/en
WMO Register of Alerting Authorities,https://alertingauthority.wmo.int/authorities.php?recId=57,HOME,https://public.wmo.int/en
WMO Register of Alerting Authorities,https://alertingauthority.wmo.int/authorities.php?recId=57,WORLDWEATHER,https://worldweather.wmo.int
WMO Register of Alerting Authorities,https://alertingauthority.wmo.int/authorities.php?recId=57,SEVERE WEATHER,https://severeweather.wmo.int
WMO Register of Alerting Authorities,https://alertingauthority.wmo.int/authorities.php?recId=57,Public Weather Services,https://public.wmo.int/en/programmes/public-weather-services-programme
WMO Register of Alerting Authorities,https://alertingauthority.wmo.int/authorities.php?recId=57,please contact us,https://public.wmo.int/en/about-us/contact-us
WMO Register of Alerting Authorities,https://alertingauthority.wmo.int/authorities.php?recId=57,http://www.worldweather.org/109/c00209.htm,http://www.worldweather.org/109/c00209.htm
WMO Register of Alerting Authorities,https://alertingauthority.wmo.int/authorities.php?recId=57,© World Meteorological Organization,https://old.wmo.int/extranet/pages/documents/wmo.vcf
WMO Register of Alerting Authorities,https://alertingauthority.wmo.int/authorities.php?recId=57,Copyright,https://public.wmo.int/en/copyright
WMO Register of Alerting Authorities,https://alertingauthority.wmo.int/authorities.php?recId=57,Privacy Policy,https://public.wmo.int/en/privacy-policy
WMO Register of Alerting Authorities,https://alertingauthority.wmo.int/authorities.php?recId=57,Disclaimer,https://public.wmo.int/en/disclaimer
WMO Register of Alerting Authorities,https://alertingauthority.wmo.int/authorities.php?recId=57,Map disclaimer,https://public.wmo.int/en/disclaimer#mapdisclaimer
WMO Register of Alerting Authorities,https://alertingauthority.wmo.int/authorities.php?recId=58,,https://public.wmo.int/en
WMO Register of Alerting Authorities,https://alertingauthority.wmo.int/authorities.php?recId=58,HOME,https://public.wmo.int/en
WMO Register of Alerting Authorities,https://alertingauthority.wmo.int/authorities.php?recId=58,WORLDWEATHER,https://worldweather.wmo.int
WMO Register of Alerting Authorities,https://alertingauthority.wmo.int/authorities.php?recId=58,SEVERE WEATHER,https://severeweather.wmo.int
WMO Register of Alerting Authorities,https://alertingauthority.wmo.int/authorities.php?recId=58,Public Weather Services,https://public.wmo.int/en/programmes/public-weather-services-programme
WMO Register of Alerting Authorities,https://alertingauthority.wmo.int/authorities.php?recId=58,please contact us,https://public.wmo.int/en/about-us/contact-us
WMO Register of Alerting Authorities,https://alertingauthority.wmo.int/authorities.php?recId=58,https://www.dwd.de/DWD/warnungen/cap-feed/en/rss.xml,https://www.dwd.de/DWD/warnungen/cap-feed/en/rss.xml
WMO Register of Alerting Authorities,https://alertingauthority.wmo.int/authorities.php?recId=58,https://www.dwd.de/DWD/warnungen/cap-feed/en/atom.xml,https://www.dwd.de/DWD/warnungen/cap-feed/en/atom.xml
WMO Register of Alerting Authorities,https://alertingauthority.wmo.int/authorities.php?recId=58,https://www.dwd.de/DWD/warnungen/cap-feed/de/rss.xml,https://www.dwd.de/DWD/warnungen/cap-feed/de/rss.xml
WMO Register of Alerting Authorities,https://alertingauthority.wmo.int/authorities.php?recId=58,https://www.dwd.de/DWD/warnungen/cap-feed/de/atom.xml,https://www.dwd.de/DWD/warnungen/cap-feed/de/atom.xml
WMO Register of Alerting Authorities,https://alertingauthority.wmo.int/authorities.php?recId=58,http://www.worldweather.org/016/m016.htm,http://www.worldweather.org/016/m016.htm
WMO Register of Alerting Authorities,https://alertingauthority.wmo.int/authorities.php?recId=58,© World Meteorological Organization,https://old.wmo.int/extranet/pages/documents/wmo.vcf
WMO Register of Alerting Authorities,https://alertingauthority.wmo.int/authorities.php?recId=58,Copyright,https://public.wmo.int/en/copyright
WMO Register of Alerting Authorities,https://alertingauthority.wmo.int/authorities.php?recId=58,Privacy Policy,https://public.wmo.int/en/privacy-policy
WMO Register of Alerting Authorities,https://alertingauthority.wmo.int/authorities.php?recId=58,Disclaimer,https://public.wmo.int/en/disclaimer
WMO Register of Alerting Authorities,https://alertingauthority.wmo.int/authorities.php?recId=58,Map disclaimer,https://public.wmo.int/en/disclaimer#mapdisclaimer
WMO Register of Alerting Authorities,https://alertingauthority.wmo.int/authorities.php?recId=59,,https://public.wmo.int/en
WMO Register of Alerting Authorities,https://alertingauthority.wmo.int/authorities.php?recId=59,HOME,https://public.wmo.int/en
WMO Register of Alerting Authorities,https://alertingauthority.wmo.int/authorities.php?recId=59,WORLDWEATHER,https://worldweather.wmo.int
WMO Register of Alerting Authorities,https://alertingauthority.wmo.int/authorities.php?recId=59,SEVERE WEATHER,https://severeweather.wmo.int
WMO Register of Alerting Authorities,https://alertingauthority.wmo.int/authorities.php?recId=59,Public Weather Services,https://public.wmo.int/en/programmes/public-weather-services-programme
WMO Register of Alerting Authorities,https://alertingauthority.wmo.int/authorities.php?recId=59,please contact us,https://public.wmo.int/en/about-us/contact-us
WMO Register of Alerting Authorities,https://alertingauthority.wmo.int/authorities.php?recId=59,https://www.hochwasserzentralen.de/rss,https://www.hochwasserzentralen.de/rss
WMO Register of Alerting Authorities,https://alertingauthority.wmo.int/authorities.php?recId=59,https://www.hochwasserzentralen.de/warnungen,https://www.hochwasserzentralen.de/warnungen
WMO Register of Alerting Authorities,https://alertingauthority.wmo.int/authorities.php?recId=59,© World Meteorological Organization,https://old.wmo.int/extranet/pages/documents/wmo.vcf
WMO Register of Alerting Authorities,https://alertingauthority.wmo.int/authorities.php?recId=59,Copyright,https://public.wmo.int/en/copyright
WMO Register of Alerting Authorities,https://alertingauthority.wmo.int/authorities.php?recId=59,Privacy Policy,https://public.wmo.int/en/privacy-policy
WMO Register of Alerting Authorities,https://alertingauthority.wmo.int/authorities.php?recId=59,Disclaimer,https://public.wmo.int/en/disclaimer
WMO Register of Alerting Authorities,https://alertingauthority.wmo.int/authorities.php?recId=59,Map disclaimer,https://public.wmo.int/en/disclaimer#mapdisclaimer
WMO Register of Alerting Authorities,https://alertingauthority.wmo.int/authorities.php?recId=60,,https://public.wmo.int/en
WMO Register of Alerting Authorities,https://alertingauthority.wmo.int/authorities.php?recId=60,HOME,https://public.wmo.int/en
WMO Register of Alerting Authorities,https://alertingauthority.wmo.int/authorities.php?recId=60,WORLDWEATHER,https://worldweather.wmo.int
WMO Register of Alerting Authorities,https://alertingauthority.wmo.int/authorities.php?recId=60,SEVERE WEATHER,https://severeweather.wmo.int
WMO Register of Alerting Authorities,https://alertingauthority.wmo.int/authorities.php?recId=60,Public Weather Services,https://public.wmo.int/en/programmes/public-weather-services-programme
WMO Register of Alerting Authorities,https://alertingauthority.wmo.int/authorities.php?recId=60,please contact us,https://public.wmo.int/en/about-us/contact-us
WMO Register of Alerting Authorities,https://alertingauthority.wmo.int/authorities.php?recId=60,© World Meteorological Organization,https://old.wmo.int/extranet/pages/documents/wmo.vcf
WMO Register of Alerting Authorities,https://alertingauthority.wmo.int/authorities.php?recId=60,Copyright,https://public.wmo.int/en/copyright
WMO Register of Alerting Authorities,https://alertingauthority.wmo.int/authorities.php?recId=60,Privacy Policy,https://public.wmo.int/en/privacy-policy
WMO Register of Alerting Authorities,https://alertingauthority.wmo.int/authorities.php?recId=60,Disclaimer,https://public.wmo.int/en/disclaimer
WMO Register of Alerting Authorities,https://alertingauthority.wmo.int/authorities.php?recId=60,Map disclaimer,https://public.wmo.int/en/disclaimer#mapdisclaimer
WMO Register of Alerting Authorities,https://alertingauthority.wmo.int/authorities.php?recId=61,,https://public.wmo.int/en
WMO Register of Alerting Authorities,https://alertingauthority.wmo.int/authorities.php?recId=61,HOME,https://public.wmo.int/en
WMO Register of Alerting Authorities,https://alertingauthority.wmo.int/authorities.php?recId=61,WORLDWEATHER,https://worldweather.wmo.int
WMO Register of Alerting Authorities,https://alertingauthority.wmo.int/authorities.php?recId=61,SEVERE WEATHER,https://severeweather.wmo.int
WMO Register of Alerting Authorities,https://alertingauthority.wmo.int/authorities.php?recId=61,Public Weather Services,https://public.wmo.int/en/programmes/public-weather-services-programme
WMO Register of Alerting Authorities,https://alertingauthority.wmo.int/authorities.php?recId=61,please contact us,https://public.wmo.int/en/about-us/contact-us
WMO Register of Alerting Authorities,https://alertingauthority.wmo.int/authorities.php?recId=61,http://www.worldweather.org/063/m063.htm,http://www.worldweather.org/063/m063.htm
WMO Register of Alerting Authorities,https://alertingauthority.wmo.int/authorities.php?recId=61,© World Meteorological Organization,https://old.wmo.int/extranet/pages/documents/wmo.vcf
WMO Register of Alerting Authorities,https://alertingauthority.wmo.int/authorities.php?recId=61,Copyright,https://public.wmo.int/en/copyright
WMO Register of Alerting Authorities,https://alertingauthority.wmo.int/authorities.php?recId=61,Privacy Policy,https://public.wmo.int/en/privacy-policy
WMO Register of Alerting Authorities,https://alertingauthority.wmo.int/authorities.php?recId=61,Disclaimer,https://public.wmo.int/en/disclaimer
WMO Register of Alerting Authorities,https://alertingauthority.wmo.int/authorities.php?recId=61,Map disclaimer,https://public.wmo.int/en/disclaimer#mapdisclaimer
WMO Register of Alerting Authorities,https://alertingauthority.wmo.int/authorities.php?recId=62,,https://public.wmo.int/en
WMO Register of Alerting Authorities,https://alertingauthority.wmo.int/authorities.php?recId=62,HOME,https://public.wmo.int/en
WMO Register of Alerting Authorities,https://alertingauthority.wmo.int/authorities.php?recId=62,WORLDWEATHER,https://worldweather.wmo.int
WMO Register of Alerting Authorities,https://alertingauthority.wmo.int/authorities.php?recId=62,SEVERE WEATHER,https://severeweather.wmo.int
WMO Register of Alerting Authorities,https://alertingauthority.wmo.int/authorities.php?recId=62,Public Weather Services,https://public.wmo.int/en/programmes/public-weather-services-programme
WMO Register of Alerting Authorities,https://alertingauthority.wmo.int/authorities.php?recId=62,please contact us,https://public.wmo.int/en/about-us/contact-us
WMO Register of Alerting Authorities,https://alertingauthority.wmo.int/authorities.php?recId=62,http://www.worldweather.org/152/c00906.htm,http://www.worldweather.org/152/c00906.htm
WMO Register of Alerting Authorities,https://alertingauthority.wmo.int/authorities.php?recId=62,© World Meteorological Organization,https://old.wmo.int/extranet/pages/documents/wmo.vcf
WMO Register of Alerting Authorities,https://alertingauthority.wmo.int/authorities.php?recId=62,Copyright,https://public.wmo.int/en/copyright
WMO Register of Alerting Authorities,https://alertingauthority.wmo.int/authorities.php?recId=62,Privacy Policy,https://public.wmo.int/en/privacy-policy
WMO Register of Alerting Authorities,https://alertingauthority.wmo.int/authorities.php?recId=62,Disclaimer,https://public.wmo.int/en/disclaimer
WMO Register of Alerting Authorities,https://alertingauthority.wmo.int/authorities.php?recId=62,Map disclaimer,https://public.wmo.int/en/disclaimer#mapdisclaimer
WMO Register of Alerting Authorities,https://alertingauthority.wmo.int/authorities.php?recId=63,,https://public.wmo.int/en
WMO Register of Alerting Authorities,https://alertingauthority.wmo.int/authorities.php?recId=63,HOME,https://public.wmo.int/en
WMO Register of Alerting Authorities,https://alertingauthority.wmo.int/authorities.php?recId=63,WORLDWEATHER,https://worldweather.wmo.int
WMO Register of Alerting Authorities,https://alertingauthority.wmo.int/authorities.php?recId=63,SEVERE WEATHER,https://severeweather.wmo.int
WMO Register of Alerting Authorities,https://alertingauthority.wmo.int/authorities.php?recId=63,Public Weather Services,https://public.wmo.int/en/programmes/public-weather-services-programme
WMO Register of Alerting Authorities,https://alertingauthority.wmo.int/authorities.php?recId=63,please contact us,https://public.wmo.int/en/about-us/contact-us
WMO Register of Alerting Authorities,https://alertingauthority.wmo.int/authorities.php?recId=63,https://meteoguinebissau.gw/api/cap/rss.xml,https://meteoguinebissau.gw/api/cap/rss.xml
WMO Register of Alerting Authorities,https://alertingauthority.wmo.int/authorities.php?recId=63,https://meteoguinebissau.gw/,https://meteoguinebissau.gw/
WMO Register of Alerting Authorities,https://alertingauthority.wmo.int/authorities.php?recId=63,© World Meteorological Organization,https://old.wmo.int/extranet/pages/documents/wmo.vcf
WMO Register of Alerting Authorities,https://alertingauthority.wmo.int/authorities.php?recId=63,Copyright,https://public.wmo.int/en/copyright
WMO Register of Alerting Authorities,https://alertingauthority.wmo.int/authorities.php?recId=63,Privacy Policy,https://public.wmo.int/en/privacy-policy
WMO Register of Alerting Authorities,https://alertingauthority.wmo.int/authorities.php?recId=63,Disclaimer,https://public.wmo.int/en/disclaimer
WMO Register of Alerting Authorities,https://alertingauthority.wmo.int/authorities.php?recId=63,Map disclaimer,https://public.wmo.int/en/disclaimer#mapdisclaimer
WMO Register of Alerting Authorities,https://alertingauthority.wmo.int/authorities.php?recId=64,,https://public.wmo.int/en
WMO Register of Alerting Authorities,https://alertingauthority.wmo.int/authorities.php?recId=64,HOME,https://public.wmo.int/en
WMO Register of Alerting Authorities,https://alertingauthority.wmo.int/authorities.php?recId=64,WORLDWEATHER,https://worldweather.wmo.int
WMO Register of Alerting Authorities,https://alertingauthority.wmo.int/authorities.php?recId=64,SEVERE WEATHER,https://severeweather.wmo.int
WMO Register of Alerting Authorities,https://alertingauthority.wmo.int/authorities.php?recId=64,Public Weather Services,https://public.wmo.int/en/programmes/public-weather-services-programme
WMO Register of Alerting Authorities,https://alertingauthority.wmo.int/authorities.php?recId=64,please contact us,https://public.wmo.int/en/about-us/contact-us
WMO Register of Alerting Authorities,https://alertingauthority.wmo.int/authorities.php?recId=64,© World Meteorological Organization,https://old.wmo.int/extranet/pages/documents/wmo.vcf
WMO Register of Alerting Authorities,https://alertingauthority.wmo.int/authorities.php?recId=64,Copyright,https://public.wmo.int/en/copyright
WMO Register of Alerting Authorities,https://alertingauthority.wmo.int/authorities.php?recId=64,Privacy Policy,https://public.wmo.int/en/privacy-policy
WMO Register of Alerting Authorities,https://alertingauthority.wmo.int/authorities.php?recId=64,Disclaimer,https://public.wmo.int/en/disclaimer
WMO Register of Alerting Authorities,https://alertingauthority.wmo.int/authorities.php?recId=64,Map disclaimer,https://public.wmo.int/en/disclaimer#mapdisclaimer
WMO Register of Alerting Authorities,https://alertingauthority.wmo.int/authorities.php?recId=65,,https://public.wmo.int/en
WMO Register of Alerting Authorities,https://alertingauthority.wmo.int/authorities.php?recId=65,HOME,https://public.wmo.int/en
WMO Register of Alerting Authorities,https://alertingauthority.wmo.int/authorities.php?recId=65,WORLDWEATHER,https://worldweather.wmo.int
WMO Register of Alerting Authorities,https://alertingauthority.wmo.int/authorities.php?recId=65,SEVERE WEATHER,https://severeweather.wmo.int
WMO Register of Alerting Authorities,https://alertingauthority.wmo.int/authorities.php?recId=65,Public Weather Services,https://public.wmo.int/en/programmes/public-weather-services-programme
WMO Register of Alerting Authorities,https://alertingauthority.wmo.int/authorities.php?recId=65,please contact us,https://public.wmo.int/en/about-us/contact-us
WMO Register of Alerting Authorities,https://alertingauthority.wmo.int/authorities.php?recId=65,© World Meteorological Organization,https://old.wmo.int/extranet/pages/documents/wmo.vcf
WMO Register of Alerting Authorities,https://alertingauthority.wmo.int/authorities.php?recId=65,Copyright,https://public.wmo.int/en/copyright
WMO Register of Alerting Authorities,https://alertingauthority.wmo.int/authorities.php?recId=65,Privacy Policy,https://public.wmo.int/en/privacy-policy
WMO Register of Alerting Authorities,https://alertingauthority.wmo.int/authorities.php?recId=65,Disclaimer,https://public.wmo.int/en/disclaimer
WMO Register of Alerting Authorities,https://alertingauthority.wmo.int/authorities.php?recId=65,Map disclaimer,https://public.wmo.int/en/disclaimer#mapdisclaimer
WMO Register of Alerting Authorities,https://alertingauthority.wmo.int/authorities.php?recId=66,,https://public.wmo.int/en
WMO Register of Alerting Authorities,https://alertingauthority.wmo.int/authorities.php?recId=66,HOME,https://public.wmo.int/en
WMO Register of Alerting Authorities,https://alertingauthority.wmo.int/authorities.php?recId=66,WORLDWEATHER,https://worldweather.wmo.int
WMO Register of Alerting Authorities,https://alertingauthority.wmo.int/authorities.php?recId=66,SEVERE WEATHER,https://severeweather.wmo.int
WMO Register of Alerting Authorities,https://alertingauthority.wmo.int/authorities.php?recId=66,Public Weather Services,https://public.wmo.int/en/programmes/public-weather-services-programme
WMO Register of Alerting Authorities,https://alertingauthority.wmo.int/authorities.php?recId=66,please contact us,https://public.wmo.int/en/about-us/contact-us
WMO Register of Alerting Authorities,https://alertingauthority.wmo.int/authorities.php?recId=66,http://www.worldweather.org/133/c00283.htm,http://www.worldweather.org/133/c00283.htm
WMO Register of Alerting Authorities,https://alertingauthority.wmo.int/authorities.php?recId=66,© World Meteorological Organization,https://old.wmo.int/extranet/pages/documents/wmo.vcf
WMO Register of Alerting Authorities,https://alertingauthority.wmo.int/authorities.php?recId=66,Copyright,https://public.wmo.int/en/copyright
WMO Register of Alerting Authorities,https://alertingauthority.wmo.int/authorities.php?recId=66,Privacy Policy,https://public.wmo.int/en/privacy-policy
WMO Register of Alerting Authorities,https://alertingauthority.wmo.int/authorities.php?recId=66,Disclaimer,https://public.wmo.int/en/disclaimer
WMO Register of Alerting Authorities,https://alertingauthority.wmo.int/authorities.php?recId=66,Map disclaimer,https://public.wmo.int/en/disclaimer#mapdisclaimer
WMO Register of Alerting Authorities,https://alertingauthority.wmo.int/authorities.php?recId=67,,https://public.wmo.int/en
WMO Register of Alerting Authorities,https://alertingauthority.wmo.int/authorities.php?recId=67,HOME,https://public.wmo.int/en
WMO Register of Alerting Authorities,https://alertingauthority.wmo.int/authorities.php?recId=67,WORLDWEATHER,https://worldweather.wmo.int
WMO Register of Alerting Authorities,https://alertingauthority.wmo.int/authorities.php?recId=67,SEVERE WEATHER,https://severeweather.wmo.int
WMO Register of Alerting Authorities,https://alertingauthority.wmo.int/authorities.php?recId=67,Public Weather Services,https://public.wmo.int/en/programmes/public-weather-services-programme
WMO Register of Alerting Authorities,https://alertingauthority.wmo.int/authorities.php?recId=67,please contact us,https://public.wmo.int/en/about-us/contact-us
WMO Register of Alerting Authorities,https://alertingauthority.wmo.int/authorities.php?recId=67,https://alerts.weather.gov.hk/V1/cap_atom.xml,https://alerts.weather.gov.hk/V1/cap_atom.xml
WMO Register of Alerting Authorities,https://alertingauthority.wmo.int/authorities.php?recId=67,https://worldweather.wmo.int/en/city.html?cityId=1,https://worldweather.wmo.int/en/city.html?cityId=1
WMO Register of Alerting Authorities,https://alertingauthority.wmo.int/authorities.php?recId=67,© World Meteorological Organization,https://old.wmo.int/extranet/pages/documents/wmo.vcf
WMO Register of Alerting Authorities,https://alertingauthority.wmo.int/authorities.php?recId=67,Copyright,https://public.wmo.int/en/copyright
WMO Register of Alerting Authorities,https://alertingauthority.wmo.int/authorities.php?recId=67,Privacy Policy,https://public.wmo.int/en/privacy-policy
WMO Register of Alerting Authorities,https://alertingauthority.wmo.int/authorities.php?recId=67,Disclaimer,https://public.wmo.int/en/disclaimer
WMO Register of Alerting Authorities,https://alertingauthority.wmo.int/authorities.php?recId=67,Map disclaimer,https://public.wmo.int/en/disclaimer#mapdisclaimer
WMO Register of Alerting Authorities,https://alertingauthority.wmo.int/authorities.php?recId=68,,https://public.wmo.int/en
WMO Register of Alerting Authorities,https://alertingauthority.wmo.int/authorities.php?recId=68,HOME,https://public.wmo.int/en
WMO Register of Alerting Authorities,https://alertingauthority.wmo.int/authorities.php?recId=68,WORLDWEATHER,https://worldweather.wmo.int
WMO Register of Alerting Authorities,https://alertingauthority.wmo.int/authorities.php?recId=68,SEVERE WEATHER,https://severeweather.wmo.int
WMO Register of Alerting Authorities,https://alertingauthority.wmo.int/authorities.php?recId=68,Public Weather Services,https://public.wmo.int/en/programmes/public-weather-services-programme
WMO Register of Alerting Authorities,https://alertingauthority.wmo.int/authorities.php?recId=68,please contact us,https://public.wmo.int/en/about-us/contact-us
WMO Register of Alerting Authorities,https://alertingauthority.wmo.int/authorities.php?recId=68,© World Meteorological Organization,https://old.wmo.int/extranet/pages/documents/wmo.vcf
WMO Register of Alerting Authorities,https://alertingauthority.wmo.int/authorities.php?recId=68,Copyright,https://public.wmo.int/en/copyright
WMO Register of Alerting Authorities,https://alertingauthority.wmo.int/authorities.php?recId=68,Privacy Policy,https://public.wmo.int/en/privacy-policy
WMO Register of Alerting Authorities,https://alertingauthority.wmo.int/authorities.php?recId=68,Disclaimer,https://public.wmo.int/en/disclaimer
WMO Register of Alerting Authorities,https://alertingauthority.wmo.int/authorities.php?recId=68,Map disclaimer,https://public.wmo.int/en/disclaimer#mapdisclaimer
WMO Register of Alerting Authorities,https://alertingauthority.wmo.int/authorities.php?recId=69,,https://public.wmo.int/en
WMO Register of Alerting Authorities,https://alertingauthority.wmo.int/authorities.php?recId=69,HOME,https://public.wmo.int/en
WMO Register of Alerting Authorities,https://alertingauthority.wmo.int/authorities.php?recId=69,WORLDWEATHER,https://worldweather.wmo.int
WMO Register of Alerting Authorities,https://alertingauthority.wmo.int/authorities.php?recId=69,SEVERE WEATHER,https://severeweather.wmo.int
WMO Register of Alerting Authorities,https://alertingauthority.wmo.int/authorities.php?recId=69,Public Weather Services,https://public.wmo.int/en/programmes/public-weather-services-programme
WMO Register of Alerting Authorities,https://alertingauthority.wmo.int/authorities.php?recId=69,please contact us,https://public.wmo.int/en/about-us/contact-us
WMO Register of Alerting Authorities,https://alertingauthority.wmo.int/authorities.php?recId=69,http://met.hu/en/idojaras/elorejelzes/,http://met.hu/en/idojaras/elorejelzes/
WMO Register of Alerting Authorities,https://alertingauthority.wmo.int/authorities.php?recId=69,© World Meteorological Organization,https://old.wmo.int/extranet/pages/documents/wmo.vcf
WMO Register of Alerting Authorities,https://alertingauthority.wmo.int/authorities.php?recId=69,Copyright,https://public.wmo.int/en/copyright
WMO Register of Alerting Authorities,https://alertingauthority.wmo.int/authorities.php?recId=69,Privacy Policy,https://public.wmo.int/en/privacy-policy
WMO Register of Alerting Authorities,https://alertingauthority.wmo.int/authorities.php?recId=69,Disclaimer,https://public.wmo.int/en/disclaimer
WMO Register of Alerting Authorities,https://alertingauthority.wmo.int/authorities.php?recId=69,Map disclaimer,https://public.wmo.int/en/disclaimer#mapdisclaimer
WMO Register of Alerting Authorities,https://alertingauthority.wmo.int/authorities.php?recId=70,,https://public.wmo.int/en
WMO Register of Alerting Authorities,https://alertingauthority.wmo.int/authorities.php?recId=70,HOME,https://public.wmo.int/en
WMO Register of Alerting Authorities,https://alertingauthority.wmo.int/authorities.php?recId=70,WORLDWEATHER,https://worldweather.wmo.int
WMO Register of Alerting Authorities,https://alertingauthority.wmo.int/authorities.php?recId=70,SEVERE WEATHER,https://severeweather.wmo.int
WMO Register of Alerting Authorities,https://alertingauthority.wmo.int/authorities.php?recId=70,Public Weather Services,https://public.wmo.int/en/programmes/public-weather-services-programme
WMO Register of Alerting Authorities,https://alertingauthority.wmo.int/authorities.php?recId=70,please contact us,https://public.wmo.int/en/about-us/contact-us
WMO Register of Alerting Authorities,https://alertingauthority.wmo.int/authorities.php?recId=70,http://www.worldweather.org/017/m017.htm,http://www.worldweather.org/017/m017.htm
WMO Register of Alerting Authorities,https://alertingauthority.wmo.int/authorities.php?recId=70,© World Meteorological Organization,https://old.wmo.int/extranet/pages/documents/wmo.vcf
WMO Register of Alerting Authorities,https://alertingauthority.wmo.int/authorities.php?recId=70,Copyright,https://public.wmo.int/en/copyright
WMO Register of Alerting Authorities,https://alertingauthority.wmo.int/authorities.php?recId=70,Privacy Policy,https://public.wmo.int/en/privacy-policy
WMO Register of Alerting Authorities,https://alertingauthority.wmo.int/authorities.php?recId=70,Disclaimer,https://public.wmo.int/en/disclaimer
WMO Register of Alerting Authorities,https://alertingauthority.wmo.int/authorities.php?recId=70,Map disclaimer,https://public.wmo.int/en/disclaimer#mapdisclaimer
WMO Register of Alerting Authorities,https://alertingauthority.wmo.int/authorities.php?recId=71,,https://public.wmo.int/en
WMO Register of Alerting Authorities,https://alertingauthority.wmo.int/authorities.php?recId=71,HOME,https://public.wmo.int/en
WMO Register of Alerting Authorities,https://alertingauthority.wmo.int/authorities.php?recId=71,WORLDWEATHER,https://worldweather.wmo.int
WMO Register of Alerting Authorities,https://alertingauthority.wmo.int/authorities.php?recId=71,SEVERE WEATHER,https://severeweather.wmo.int
WMO Register of Alerting Authorities,https://alertingauthority.wmo.int/authorities.php?recId=71,Public Weather Services,https://public.wmo.int/en/programmes/public-weather-services-programme
WMO Register of Alerting Authorities,https://alertingauthority.wmo.int/authorities.php?recId=71,please contact us,https://public.wmo.int/en/about-us/contact-us
WMO Register of Alerting Authorities,https://alertingauthority.wmo.int/authorities.php?recId=71,https://api.vedur.is/cap/v1/capbroker/active/feed/met,https://api.vedur.is/cap/v1/capbroker/active/feed/met
WMO Register of Alerting Authorities,https://alertingauthority.wmo.int/authorities.php?recId=71,http://www.worldweather.org/097/c00189.htm,http://www.worldweather.org/097/c00189.htm
WMO Register of Alerting Authorities,https://alertingauthority.wmo.int/authorities.php?recId=71,© World Meteorological Organization,https://old.wmo.int/extranet/pages/documents/wmo.vcf
WMO Register of Alerting Authorities,https://alertingauthority.wmo.int/authorities.php?recId=71,Copyright,https://public.wmo.int/en/copyright
WMO Register of Alerting Authorities,https://alertingauthority.wmo.int/authorities.php?recId=71,Privacy Policy,https://public.wmo.int/en/privacy-policy
WMO Register of Alerting Authorities,https://alertingauthority.wmo.int/authorities.php?recId=71,Disclaimer,https://public.wmo.int/en/disclaimer
WMO Register of Alerting Authorities,https://alertingauthority.wmo.int/authorities.php?recId=71,Map disclaimer,https://public.wmo.int/en/disclaimer#mapdisclaimer
WMO Register of Alerting Authorities,https://alertingauthority.wmo.int/authorities.php?recId=72,,https://public.wmo.int/en
WMO Register of Alerting Authorities,https://alertingauthority.wmo.int/authorities.php?recId=72,HOME,https://public.wmo.int/en
WMO Register of Alerting Authorities,https://alertingauthority.wmo.int/authorities.php?recId=72,WORLDWEATHER,https://worldweather.wmo.int
WMO Register of Alerting Authorities,https://alertingauthority.wmo.int/authorities.php?recId=72,SEVERE WEATHER,https://severeweather.wmo.int
WMO Register of Alerting Authorities,https://alertingauthority.wmo.int/authorities.php?recId=72,Public Weather Services,https://public.wmo.int/en/programmes/public-weather-services-programme
WMO Register of Alerting Authorities,https://alertingauthority.wmo.int/authorities.php?recId=72,please contact us,https://public.wmo.int/en/about-us/contact-us
WMO Register of Alerting Authorities,https://alertingauthority.wmo.int/authorities.php?recId=72,http://www.worldweather.org/114/m114.htm,http://www.worldweather.org/114/m114.htm
WMO Register of Alerting Authorities,https://alertingauthority.wmo.int/authorities.php?recId=72,© World Meteorological Organization,https://old.wmo.int/extranet/pages/documents/wmo.vcf
WMO Register of Alerting Authorities,https://alertingauthority.wmo.int/authorities.php?recId=72,Copyright,https://public.wmo.int/en/copyright
WMO Register of Alerting Authorities,https://alertingauthority.wmo.int/authorities.php?recId=72,Privacy Policy,https://public.wmo.int/en/privacy-policy
WMO Register of Alerting Authorities,https://alertingauthority.wmo.int/authorities.php?recId=72,Disclaimer,https://public.wmo.int/en/disclaimer
WMO Register of Alerting Authorities,https://alertingauthority.wmo.int/authorities.php?recId=72,Map disclaimer,https://public.wmo.int/en/disclaimer#mapdisclaimer
WMO Register of Alerting Authorities,https://alertingauthority.wmo.int/authorities.php?recId=73,,https://public.wmo.int/en
WMO Register of Alerting Authorities,https://alertingauthority.wmo.int/authorities.php?recId=73,HOME,https://public.wmo.int/en
WMO Register of Alerting Authorities,https://alertingauthority.wmo.int/authorities.php?recId=73,WORLDWEATHER,https://worldweather.wmo.int
WMO Register of Alerting Authorities,https://alertingauthority.wmo.int/authorities.php?recId=73,SEVERE WEATHER,https://severeweather.wmo.int
WMO Register of Alerting Authorities,https://alertingauthority.wmo.int/authorities.php?recId=73,Public Weather Services,https://public.wmo.int/en/programmes/public-weather-services-programme
WMO Register of Alerting Authorities,https://alertingauthority.wmo.int/authorities.php?recId=73,please contact us,https://public.wmo.int/en/about-us/contact-us
WMO Register of Alerting Authorities,https://alertingauthority.wmo.int/authorities.php?recId=73,https://www.met.ie/warningsxml/rss.xml,https://www.met.ie/warningsxml/rss.xml 
WMO Register of Alerting Authorities,https://alertingauthority.wmo.int/authorities.php?recId=73,http://www.met.ie,http://www.met.ie
WMO Register of Alerting Authorities,https://alertingauthority.wmo.int/authorities.php?recId=73,© World Meteorological Organization,https://old.wmo.int/extranet/pages/documents/wmo.vcf
WMO Register of Alerting Authorities,https://alertingauthority.wmo.int/authorities.php?recId=73,Copyright,https://public.wmo.int/en/copyright
WMO Register of Alerting Authorities,https://alertingauthority.wmo.int/authorities.php?recId=73,Privacy Policy,https://public.wmo.int/en/privacy-policy
WMO Register of Alerting Authorities,https://alertingauthority.wmo.int/authorities.php?recId=73,Disclaimer,https://public.wmo.int/en/disclaimer
WMO Register of Alerting Authorities,https://alertingauthority.wmo.int/authorities.php?recId=73,Map disclaimer,https://public.wmo.int/en/disclaimer#mapdisclaimer
WMO Register of Alerting Authorities,https://alertingauthority.wmo.int/authorities.php?recId=74,,https://public.wmo.int/en
WMO Register of Alerting Authorities,https://alertingauthority.wmo.int/authorities.php?recId=74,HOME,https://public.wmo.int/en
WMO Register of Alerting Authorities,https://alertingauthority.wmo.int/authorities.php?recId=74,WORLDWEATHER,https://worldweather.wmo.int
WMO Register of Alerting Authorities,https://alertingauthority.wmo.int/authorities.php?recId=74,SEVERE WEATHER,https://severeweather.wmo.int
WMO Register of Alerting Authorities,https://alertingauthority.wmo.int/authorities.php?recId=74,Public Weather Services,https://public.wmo.int/en/programmes/public-weather-services-programme
WMO Register of Alerting Authorities,https://alertingauthority.wmo.int/authorities.php?recId=74,please contact us,https://public.wmo.int/en/about-us/contact-us
WMO Register of Alerting Authorities,https://alertingauthority.wmo.int/authorities.php?recId=74,http://www.worldweather.org/013/m013.htm,http://www.worldweather.org/013/m013.htm
WMO Register of Alerting Authorities,https://alertingauthority.wmo.int/authorities.php?recId=74,© World Meteorological Organization,https://old.wmo.int/extranet/pages/documents/wmo.vcf
WMO Register of Alerting Authorities,https://alertingauthority.wmo.int/authorities.php?recId=74,Copyright,https://public.wmo.int/en/copyright
WMO Register of Alerting Authorities,https://alertingauthority.wmo.int/authorities.php?recId=74,Privacy Policy,https://public.wmo.int/en/privacy-policy
WMO Register of Alerting Authorities,https://alertingauthority.wmo.int/authorities.php?recId=74,Disclaimer,https://public.wmo.int/en/disclaimer
WMO Register of Alerting Authorities,https://alertingauthority.wmo.int/authorities.php?recId=74,Map disclaimer,https://public.wmo.int/en/disclaimer#mapdisclaimer
WMO Register of Alerting Authorities,https://alertingauthority.wmo.int/authorities.php?recId=75,,https://public.wmo.int/en
WMO Register of Alerting Authorities,https://alertingauthority.wmo.int/authorities.php?recId=75,HOME,https://public.wmo.int/en
WMO Register of Alerting Authorities,https://alertingauthority.wmo.int/authorities.php?recId=75,WORLDWEATHER,https://worldweather.wmo.int
WMO Register of Alerting Authorities,https://alertingauthority.wmo.int/authorities.php?recId=75,SEVERE WEATHER,https://severeweather.wmo.int
WMO Register of Alerting Authorities,https://alertingauthority.wmo.int/authorities.php?recId=75,Public Weather Services,https://public.wmo.int/en/programmes/public-weather-services-programme
WMO Register of Alerting Authorities,https://alertingauthority.wmo.int/authorities.php?recId=75,please contact us,https://public.wmo.int/en/about-us/contact-us
WMO Register of Alerting Authorities,https://alertingauthority.wmo.int/authorities.php?recId=75,© World Meteorological Organization,https://old.wmo.int/extranet/pages/documents/wmo.vcf
WMO Register of Alerting Authorities,https://alertingauthority.wmo.int/authorities.php?recId=75,Copyright,https://public.wmo.int/en/copyright
WMO Register of Alerting Authorities,https://alertingauthority.wmo.int/authorities.php?recId=75,Privacy Policy,https://public.wmo.int/en/privacy-policy
WMO Register of Alerting Authorities,https://alertingauthority.wmo.int/authorities.php?recId=75,Disclaimer,https://public.wmo.int/en/disclaimer
WMO Register of Alerting Authorities,https://alertingauthority.wmo.int/authorities.php?recId=75,Map disclaimer,https://public.wmo.int/en/disclaimer#mapdisclaimer
WMO Register of Alerting Authorities,https://alertingauthority.wmo.int/authorities.php?recId=76,,https://public.wmo.int/en
WMO Register of Alerting Authorities,https://alertingauthority.wmo.int/authorities.php?recId=76,HOME,https://public.wmo.int/en
WMO Register of Alerting Authorities,https://alertingauthority.wmo.int/authorities.php?recId=76,WORLDWEATHER,https://worldweather.wmo.int
WMO Register of Alerting Authorities,https://alertingauthority.wmo.int/authorities.php?recId=76,SEVERE WEATHER,https://severeweather.wmo.int
WMO Register of Alerting Authorities,https://alertingauthority.wmo.int/authorities.php?recId=76,Public Weather Services,https://public.wmo.int/en/programmes/public-weather-services-programme
WMO Register of Alerting Authorities,https://alertingauthority.wmo.int/authorities.php?recId=76,please contact us,https://public.wmo.int/en/about-us/contact-us
WMO Register of Alerting Authorities,https://alertingauthority.wmo.int/authorities.php?recId=76,https://alert.metservice.gov.jm/capfeed.php,https://alert.metservice.gov.jm/capfeed.php
WMO Register of Alerting Authorities,https://alertingauthority.wmo.int/authorities.php?recId=76,http://www.worldweather.org/026/m026.htm,http://www.worldweather.org/026/m026.htm
WMO Register of Alerting Authorities,https://alertingauthority.wmo.int/authorities.php?recId=76,© World Meteorological Organization,https://old.wmo.int/extranet/pages/documents/wmo.vcf
WMO Register of Alerting Authorities,https://alertingauthority.wmo.int/authorities.php?recId=76,Copyright,https://public.wmo.int/en/copyright
WMO Register of Alerting Authorities,https://alertingauthority.wmo.int/authorities.php?recId=76,Privacy Policy,https://public.wmo.int/en/privacy-policy
WMO Register of Alerting Authorities,https://alertingauthority.wmo.int/authorities.php?recId=76,Disclaimer,https://public.wmo.int/en/disclaimer
WMO Register of Alerting Authorities,https://alertingauthority.wmo.int/authorities.php?recId=76,Map disclaimer,https://public.wmo.int/en/disclaimer#mapdisclaimer
WMO Register of Alerting Authorities,https://alertingauthority.wmo.int/authorities.php?recId=77,,https://public.wmo.int/en
WMO Register of Alerting Authorities,https://alertingauthority.wmo.int/authorities.php?recId=77,HOME,https://public.wmo.int/en
WMO Register of Alerting Authorities,https://alertingauthority.wmo.int/authorities.php?recId=77,WORLDWEATHER,https://worldweather.wmo.int
WMO Register of Alerting Authorities,https://alertingauthority.wmo.int/authorities.php?recId=77,SEVERE WEATHER,https://severeweather.wmo.int
WMO Register of Alerting Authorities,https://alertingauthority.wmo.int/authorities.php?recId=77,Public Weather Services,https://public.wmo.int/en/programmes/public-weather-services-programme
WMO Register of Alerting Authorities,https://alertingauthority.wmo.int/authorities.php?recId=77,please contact us,https://public.wmo.int/en/about-us/contact-us
WMO Register of Alerting Authorities,https://alertingauthority.wmo.int/authorities.php?recId=77,http://www.jma.go.jp/en/warn/,http://www.jma.go.jp/en/warn/
WMO Register of Alerting Authorities,https://alertingauthority.wmo.int/authorities.php?recId=77,© World Meteorological Organization,https://old.wmo.int/extranet/pages/documents/wmo.vcf
WMO Register of Alerting Authorities,https://alertingauthority.wmo.int/authorities.php?recId=77,Copyright,https://public.wmo.int/en/copyright
WMO Register of Alerting Authorities,https://alertingauthority.wmo.int/authorities.php?recId=77,Privacy Policy,https://public.wmo.int/en/privacy-policy
WMO Register of Alerting Authorities,https://alertingauthority.wmo.int/authorities.php?recId=77,Disclaimer,https://public.wmo.int/en/disclaimer
WMO Register of Alerting Authorities,https://alertingauthority.wmo.int/authorities.php?recId=77,Map disclaimer,https://public.wmo.int/en/disclaimer#mapdisclaimer
WMO Register of Alerting Authorities,https://alertingauthority.wmo.int/authorities.php?recId=78,,https://public.wmo.int/en
WMO Register of Alerting Authorities,https://alertingauthority.wmo.int/authorities.php?recId=78,HOME,https://public.wmo.int/en
WMO Register of Alerting Authorities,https://alertingauthority.wmo.int/authorities.php?recId=78,WORLDWEATHER,https://worldweather.wmo.int
WMO Register of Alerting Authorities,https://alertingauthority.wmo.int/authorities.php?recId=78,SEVERE WEATHER,https://severeweather.wmo.int
WMO Register of Alerting Authorities,https://alertingauthority.wmo.int/authorities.php?recId=78,Public Weather Services,https://public.wmo.int/en/programmes/public-weather-services-programme
WMO Register of Alerting Authorities,https://alertingauthority.wmo.int/authorities.php?recId=78,please contact us,https://public.wmo.int/en/about-us/contact-us
WMO Register of Alerting Authorities,https://alertingauthority.wmo.int/authorities.php?recId=78,https://cap-sources.s3.amazonaws.com/jo-meteo-en/rss.xml,https://cap-sources.s3.amazonaws.com/jo-meteo-en/rss.xml
WMO Register of Alerting Authorities,https://alertingauthority.wmo.int/authorities.php?recId=78,https://cap-sources.s3.amazonaws.com/jo-meteo-ar/rss.xml,https://cap-sources.s3.amazonaws.com/jo-meteo-ar/rss.xml
WMO Register of Alerting Authorities,https://alertingauthority.wmo.int/authorities.php?recId=78,http://jmd.gov.jo/,http://jmd.gov.jo/
WMO Register of Alerting Authorities,https://alertingauthority.wmo.int/authorities.php?recId=78,© World Meteorological Organization,https://old.wmo.int/extranet/pages/documents/wmo.vcf
WMO Register of Alerting Authorities,https://alertingauthority.wmo.int/authorities.php?recId=78,Copyright,https://public.wmo.int/en/copyright
WMO Register of Alerting Authorities,https://alertingauthority.wmo.int/authorities.php?recId=78,Privacy Policy,https://public.wmo.int/en/privacy-policy
WMO Register of Alerting Authorities,https://alertingauthority.wmo.int/authorities.php?recId=78,Disclaimer,https://public.wmo.int/en/disclaimer
WMO Register of Alerting Authorities,https://alertingauthority.wmo.int/authorities.php?recId=78,Map disclaimer,https://public.wmo.int/en/disclaimer#mapdisclaimer
WMO Register of Alerting Authorities,https://alertingauthority.wmo.int/authorities.php?recId=79,,https://public.wmo.int/en
WMO Register of Alerting Authorities,https://alertingauthority.wmo.int/authorities.php?recId=79,HOME,https://public.wmo.int/en
WMO Register of Alerting Authorities,https://alertingauthority.wmo.int/authorities.php?recId=79,WORLDWEATHER,https://worldweather.wmo.int
WMO Register of Alerting Authorities,https://alertingauthority.wmo.int/authorities.php?recId=79,SEVERE WEATHER,https://severeweather.wmo.int
WMO Register of Alerting Authorities,https://alertingauthority.wmo.int/authorities.php?recId=79,Public Weather Services,https://public.wmo.int/en/programmes/public-weather-services-programme
WMO Register of Alerting Authorities,https://alertingauthority.wmo.int/authorities.php?recId=79,please contact us,https://public.wmo.int/en/about-us/contact-us
WMO Register of Alerting Authorities,https://alertingauthority.wmo.int/authorities.php?recId=79,https://meteoalert.meteoinfo.ru/kazakhstan/cap-feed/ru/atom.xml,https://meteoalert.meteoinfo.ru/kazakhstan/cap-feed/ru/atom.xml 
WMO Register of Alerting Authorities,https://alertingauthority.wmo.int/authorities.php?recId=79,https://meteoalert.meteoinfo.ru/kazakhstan/cap-feed/en/atom.xml,https://meteoalert.meteoinfo.ru/kazakhstan/cap-feed/en/atom.xml
WMO Register of Alerting Authorities,https://alertingauthority.wmo.int/authorities.php?recId=79,http://www.worldweather.org/070/m070.htm,http://www.worldweather.org/070/m070.htm
WMO Register of Alerting Authorities,https://alertingauthority.wmo.int/authorities.php?recId=79,© World Meteorological Organization,https://old.wmo.int/extranet/pages/documents/wmo.vcf
WMO Register of Alerting Authorities,https://alertingauthority.wmo.int/authorities.php?recId=79,Copyright,https://public.wmo.int/en/copyright
WMO Register of Alerting Authorities,https://alertingauthority.wmo.int/authorities.php?recId=79,Privacy Policy,https://public.wmo.int/en/privacy-policy
WMO Register of Alerting Authorities,https://alertingauthority.wmo.int/authorities.php?recId=79,Disclaimer,https://public.wmo.int/en/disclaimer
WMO Register of Alerting Authorities,https://alertingauthority.wmo.int/authorities.php?recId=79,Map disclaimer,https://public.wmo.int/en/disclaimer#mapdisclaimer
WMO Register of Alerting Authorities,https://alertingauthority.wmo.int/authorities.php?recId=80,,https://public.wmo.int/en
WMO Register of Alerting Authorities,https://alertingauthority.wmo.int/authorities.php?recId=80,HOME,https://public.wmo.int/en
WMO Register of Alerting Authorities,https://alertingauthority.wmo.int/authorities.php?recId=80,WORLDWEATHER,https://worldweather.wmo.int
WMO Register of Alerting Authorities,https://alertingauthority.wmo.int/authorities.php?recId=80,SEVERE WEATHER,https://severeweather.wmo.int
WMO Register of Alerting Authorities,https://alertingauthority.wmo.int/authorities.php?recId=80,Public Weather Services,https://public.wmo.int/en/programmes/public-weather-services-programme
WMO Register of Alerting Authorities,https://alertingauthority.wmo.int/authorities.php?recId=80,please contact us,https://public.wmo.int/en/about-us/contact-us
WMO Register of Alerting Authorities,https://alertingauthority.wmo.int/authorities.php?recId=80,https://meteo.go.ke/api/cap/rss.xml,https://meteo.go.ke/api/cap/rss.xml
WMO Register of Alerting Authorities,https://alertingauthority.wmo.int/authorities.php?recId=80,https://meteo.go.ke,https://meteo.go.ke
WMO Register of Alerting Authorities,https://alertingauthority.wmo.int/authorities.php?recId=80,© World Meteorological Organization,https://old.wmo.int/extranet/pages/documents/wmo.vcf
WMO Register of Alerting Authorities,https://alertingauthority.wmo.int/authorities.php?recId=80,Copyright,https://public.wmo.int/en/copyright
WMO Register of Alerting Authorities,https://alertingauthority.wmo.int/authorities.php?recId=80,Privacy Policy,https://public.wmo.int/en/privacy-policy
WMO Register of Alerting Authorities,https://alertingauthority.wmo.int/authorities.php?recId=80,Disclaimer,https://public.wmo.int/en/disclaimer
WMO Register of Alerting Authorities,https://alertingauthority.wmo.int/authorities.php?recId=80,Map disclaimer,https://public.wmo.int/en/disclaimer#mapdisclaimer
WMO Register of Alerting Authorities,https://alertingauthority.wmo.int/authorities.php?recId=81,,https://public.wmo.int/en
WMO Register of Alerting Authorities,https://alertingauthority.wmo.int/authorities.php?recId=81,HOME,https://public.wmo.int/en
WMO Register of Alerting Authorities,https://alertingauthority.wmo.int/authorities.php?recId=81,WORLDWEATHER,https://worldweather.wmo.int
WMO Register of Alerting Authorities,https://alertingauthority.wmo.int/authorities.php?recId=81,SEVERE WEATHER,https://severeweather.wmo.int
WMO Register of Alerting Authorities,https://alertingauthority.wmo.int/authorities.php?recId=81,Public Weather Services,https://public.wmo.int/en/programmes/public-weather-services-programme
WMO Register of Alerting Authorities,https://alertingauthority.wmo.int/authorities.php?recId=81,please contact us,https://public.wmo.int/en/about-us/contact-us
WMO Register of Alerting Authorities,https://alertingauthority.wmo.int/authorities.php?recId=81,© World Meteorological Organization,https://old.wmo.int/extranet/pages/documents/wmo.vcf
WMO Register of Alerting Authorities,https://alertingauthority.wmo.int/authorities.php?recId=81,Copyright,https://public.wmo.int/en/copyright
WMO Register of Alerting Authorities,https://alertingauthority.wmo.int/authorities.php?recId=81,Privacy Policy,https://public.wmo.int/en/privacy-policy
WMO Register of Alerting Authorities,https://alertingauthority.wmo.int/authorities.php?recId=81,Disclaimer,https://public.wmo.int/en/disclaimer
WMO Register of Alerting Authorities,https://alertingauthority.wmo.int/authorities.php?recId=81,Map disclaimer,https://public.wmo.int/en/disclaimer#mapdisclaimer
WMO Register of Alerting Authorities,https://alertingauthority.wmo.int/authorities.php?recId=82,,https://public.wmo.int/en
WMO Register of Alerting Authorities,https://alertingauthority.wmo.int/authorities.php?recId=82,HOME,https://public.wmo.int/en
WMO Register of Alerting Authorities,https://alertingauthority.wmo.int/authorities.php?recId=82,WORLDWEATHER,https://worldweather.wmo.int
WMO Register of Alerting Authorities,https://alertingauthority.wmo.int/authorities.php?recId=82,SEVERE WEATHER,https://severeweather.wmo.int
WMO Register of Alerting Authorities,https://alertingauthority.wmo.int/authorities.php?recId=82,Public Weather Services,https://public.wmo.int/en/programmes/public-weather-services-programme
WMO Register of Alerting Authorities,https://alertingauthority.wmo.int/authorities.php?recId=82,please contact us,https://public.wmo.int/en/about-us/contact-us
WMO Register of Alerting Authorities,https://alertingauthority.wmo.int/authorities.php?recId=82,© World Meteorological Organization,https://old.wmo.int/extranet/pages/documents/wmo.vcf
WMO Register of Alerting Authorities,https://alertingauthority.wmo.int/authorities.php?recId=82,Copyright,https://public.wmo.int/en/copyright
WMO Register of Alerting Authorities,https://alertingauthority.wmo.int/authorities.php?recId=82,Privacy Policy,https://public.wmo.int/en/privacy-policy
WMO Register of Alerting Authorities,https://alertingauthority.wmo.int/authorities.php?recId=82,Disclaimer,https://public.wmo.int/en/disclaimer
WMO Register of Alerting Authorities,https://alertingauthority.wmo.int/authorities.php?recId=82,Map disclaimer,https://public.wmo.int/en/disclaimer#mapdisclaimer
WMO Register of Alerting Authorities,https://alertingauthority.wmo.int/authorities.php?recId=83,,https://public.wmo.int/en
WMO Register of Alerting Authorities,https://alertingauthority.wmo.int/authorities.php?recId=83,HOME,https://public.wmo.int/en
WMO Register of Alerting Authorities,https://alertingauthority.wmo.int/authorities.php?recId=83,WORLDWEATHER,https://worldweather.wmo.int
WMO Register of Alerting Authorities,https://alertingauthority.wmo.int/authorities.php?recId=83,SEVERE WEATHER,https://severeweather.wmo.int
WMO Register of Alerting Authorities,https://alertingauthority.wmo.int/authorities.php?recId=83,Public Weather Services,https://public.wmo.int/en/programmes/public-weather-services-programme
WMO Register of Alerting Authorities,https://alertingauthority.wmo.int/authorities.php?recId=83,please contact us,https://public.wmo.int/en/about-us/contact-us
WMO Register of Alerting Authorities,https://alertingauthority.wmo.int/authorities.php?recId=83,https://meteoalert.meteoinfo.ru/kyrgyzstan/cap-feed/en/atom.xml,https://meteoalert.meteoinfo.ru/kyrgyzstan/cap-feed/en/atom.xml
WMO Register of Alerting Authorities,https://alertingauthority.wmo.int/authorities.php?recId=83,https://meteoalert.meteoinfo.ru/kyrgyzstan/cap-feed/ru/atom.xml,https://meteoalert.meteoinfo.ru/kyrgyzstan/cap-feed/ru/atom.xml
WMO Register of Alerting Authorities,https://alertingauthority.wmo.int/authorities.php?recId=83,https://www.meteo.kg/ru/pages/picsa,https://www.meteo.kg/ru/pages/picsa
WMO Register of Alerting Authorities,https://alertingauthority.wmo.int/authorities.php?recId=83,© World Meteorological Organization,https://old.wmo.int/extranet/pages/documents/wmo.vcf
WMO Register of Alerting Authorities,https://alertingauthority.wmo.int/authorities.php?recId=83,Copyright,https://public.wmo.int/en/copyright
WMO Register of Alerting Authorities,https://alertingauthority.wmo.int/authorities.php?recId=83,Privacy Policy,https://public.wmo.int/en/privacy-policy
WMO Register of Alerting Authorities,https://alertingauthority.wmo.int/authorities.php?recId=83,Disclaimer,https://public.wmo.int/en/disclaimer
WMO Register of Alerting Authorities,https://alertingauthority.wmo.int/authorities.php?recId=83,Map disclaimer,https://public.wmo.int/en/disclaimer#mapdisclaimer
WMO Register of Alerting Authorities,https://alertingauthority.wmo.int/authorities.php?recId=84,,https://public.wmo.int/en
WMO Register of Alerting Authorities,https://alertingauthority.wmo.int/authorities.php?recId=84,HOME,https://public.wmo.int/en
WMO Register of Alerting Authorities,https://alertingauthority.wmo.int/authorities.php?recId=84,WORLDWEATHER,https://worldweather.wmo.int
WMO Register of Alerting Authorities,https://alertingauthority.wmo.int/authorities.php?recId=84,SEVERE WEATHER,https://severeweather.wmo.int
WMO Register of Alerting Authorities,https://alertingauthority.wmo.int/authorities.php?recId=84,Public Weather Services,https://public.wmo.int/en/programmes/public-weather-services-programme
WMO Register of Alerting Authorities,https://alertingauthority.wmo.int/authorities.php?recId=84,please contact us,https://public.wmo.int/en/about-us/contact-us
WMO Register of Alerting Authorities,https://alertingauthority.wmo.int/authorities.php?recId=84,http://www.worldweather.org/121/m121.htm,http://www.worldweather.org/121/m121.htm
WMO Register of Alerting Authorities,https://alertingauthority.wmo.int/authorities.php?recId=84,© World Meteorological Organization,https://old.wmo.int/extranet/pages/documents/wmo.vcf
WMO Register of Alerting Authorities,https://alertingauthority.wmo.int/authorities.php?recId=84,Copyright,https://public.wmo.int/en/copyright
WMO Register of Alerting Authorities,https://alertingauthority.wmo.int/authorities.php?recId=84,Privacy Policy,https://public.wmo.int/en/privacy-policy
WMO Register of Alerting Authorities,https://alertingauthority.wmo.int/authorities.php?recId=84,Disclaimer,https://public.wmo.int/en/disclaimer
WMO Register of Alerting Authorities,https://alertingauthority.wmo.int/authorities.php?recId=84,Map disclaimer,https://public.wmo.int/en/disclaimer#mapdisclaimer
WMO Register of Alerting Authorities,https://alertingauthority.wmo.int/authorities.php?recId=85,,https://public.wmo.int/en
WMO Register of Alerting Authorities,https://alertingauthority.wmo.int/authorities.php?recId=85,HOME,https://public.wmo.int/en
WMO Register of Alerting Authorities,https://alertingauthority.wmo.int/authorities.php?recId=85,WORLDWEATHER,https://worldweather.wmo.int
WMO Register of Alerting Authorities,https://alertingauthority.wmo.int/authorities.php?recId=85,SEVERE WEATHER,https://severeweather.wmo.int
WMO Register of Alerting Authorities,https://alertingauthority.wmo.int/authorities.php?recId=85,Public Weather Services,https://public.wmo.int/en/programmes/public-weather-services-programme
WMO Register of Alerting Authorities,https://alertingauthority.wmo.int/authorities.php?recId=85,please contact us,https://public.wmo.int/en/about-us/contact-us
WMO Register of Alerting Authorities,https://alertingauthority.wmo.int/authorities.php?recId=85,https://feeds.meteoalarm.org/api/v1/warnings/feeds-latvia/,https://feeds.meteoalarm.org/api/v1/warnings/feeds-latvia/
WMO Register of Alerting Authorities,https://alertingauthority.wmo.int/authorities.php?recId=85,https://feeds.meteoalarm.org/api/v1/warnings/feeds-latvia/,https://feeds.meteoalarm.org/api/v1/warnings/feeds-latvia/
WMO Register of Alerting Authorities,https://alertingauthority.wmo.int/authorities.php?recId=85,https://worldweather.wmo.int/en/country.html?countryCode=44,https://worldweather.wmo.int/en/country.html?countryCode=44
WMO Register of Alerting Authorities,https://alertingauthority.wmo.int/authorities.php?recId=85,© World Meteorological Organization,https://old.wmo.int/extranet/pages/documents/wmo.vcf
WMO Register of Alerting Authorities,https://alertingauthority.wmo.int/authorities.php?recId=85,Copyright,https://public.wmo.int/en/copyright
WMO Register of Alerting Authorities,https://alertingauthority.wmo.int/authorities.php?recId=85,Privacy Policy,https://public.wmo.int/en/privacy-policy
WMO Register of Alerting Authorities,https://alertingauthority.wmo.int/authorities.php?recId=85,Disclaimer,https://public.wmo.int/en/disclaimer
WMO Register of Alerting Authorities,https://alertingauthority.wmo.int/authorities.php?recId=85,Map disclaimer,https://public.wmo.int/en/disclaimer#mapdisclaimer
WMO Register of Alerting Authorities,https://alertingauthority.wmo.int/authorities.php?recId=86,,https://public.wmo.int/en
WMO Register of Alerting Authorities,https://alertingauthority.wmo.int/authorities.php?recId=86,HOME,https://public.wmo.int/en
WMO Register of Alerting Authorities,https://alertingauthority.wmo.int/authorities.php?recId=86,WORLDWEATHER,https://worldweather.wmo.int
WMO Register of Alerting Authorities,https://alertingauthority.wmo.int/authorities.php?recId=86,SEVERE WEATHER,https://severeweather.wmo.int
WMO Register of Alerting Authorities,https://alertingauthority.wmo.int/authorities.php?recId=86,Public Weather Services,https://public.wmo.int/en/programmes/public-weather-services-programme
WMO Register of Alerting Authorities,https://alertingauthority.wmo.int/authorities.php?recId=86,please contact us,https://public.wmo.int/en/about-us/contact-us
WMO Register of Alerting Authorities,https://alertingauthority.wmo.int/authorities.php?recId=86,https://cap-sources.s3.amazonaws.com/ly-nmc-ar/rss.xml,https://cap-sources.s3.amazonaws.com/ly-nmc-ar/rss.xml
WMO Register of Alerting Authorities,https://alertingauthority.wmo.int/authorities.php?recId=86,https://cap-sources.s3.amazonaws.com/ly-nmc-en/rss.xml,https://cap-sources.s3.amazonaws.com/ly-nmc-en/rss.xml
WMO Register of Alerting Authorities,https://alertingauthority.wmo.int/authorities.php?recId=86,http://www.worldweather.org/157/m157.htm,http://www.worldweather.org/157/m157.htm
WMO Register of Alerting Authorities,https://alertingauthority.wmo.int/authorities.php?recId=86,© World Meteorological Organization,https://old.wmo.int/extranet/pages/documents/wmo.vcf
WMO Register of Alerting Authorities,https://alertingauthority.wmo.int/authorities.php?recId=86,Copyright,https://public.wmo.int/en/copyright
WMO Register of Alerting Authorities,https://alertingauthority.wmo.int/authorities.php?recId=86,Privacy Policy,https://public.wmo.int/en/privacy-policy
WMO Register of Alerting Authorities,https://alertingauthority.wmo.int/authorities.php?recId=86,Disclaimer,https://public.wmo.int/en/disclaimer
WMO Register of Alerting Authorities,https://alertingauthority.wmo.int/authorities.php?recId=86,Map disclaimer,https://public.wmo.int/en/disclaimer#mapdisclaimer
WMO Register of Alerting Authorities,https://alertingauthority.wmo.int/authorities.php?recId=87,,https://public.wmo.int/en
WMO Register of Alerting Authorities,https://alertingauthority.wmo.int/authorities.php?recId=87,HOME,https://public.wmo.int/en
WMO Register of Alerting Authorities,https://alertingauthority.wmo.int/authorities.php?recId=87,WORLDWEATHER,https://worldweather.wmo.int
WMO Register of Alerting Authorities,https://alertingauthority.wmo.int/authorities.php?recId=87,SEVERE WEATHER,https://severeweather.wmo.int
WMO Register of Alerting Authorities,https://alertingauthority.wmo.int/authorities.php?recId=87,Public Weather Services,https://public.wmo.int/en/programmes/public-weather-services-programme
WMO Register of Alerting Authorities,https://alertingauthority.wmo.int/authorities.php?recId=87,please contact us,https://public.wmo.int/en/about-us/contact-us
WMO Register of Alerting Authorities,https://alertingauthority.wmo.int/authorities.php?recId=87,© World Meteorological Organization,https://old.wmo.int/extranet/pages/documents/wmo.vcf
WMO Register of Alerting Authorities,https://alertingauthority.wmo.int/authorities.php?recId=87,Copyright,https://public.wmo.int/en/copyright
WMO Register of Alerting Authorities,https://alertingauthority.wmo.int/authorities.php?recId=87,Privacy Policy,https://public.wmo.int/en/privacy-policy
WMO Register of Alerting Authorities,https://alertingauthority.wmo.int/authorities.php?recId=87,Disclaimer,https://public.wmo.int/en/disclaimer
WMO Register of Alerting Authorities,https://alertingauthority.wmo.int/authorities.php?recId=87,Map disclaimer,https://public.wmo.int/en/disclaimer#mapdisclaimer
WMO Register of Alerting Authorities,https://alertingauthority.wmo.int/authorities.php?recId=88,,https://public.wmo.int/en
WMO Register of Alerting Authorities,https://alertingauthority.wmo.int/authorities.php?recId=88,HOME,https://public.wmo.int/en
WMO Register of Alerting Authorities,https://alertingauthority.wmo.int/authorities.php?recId=88,WORLDWEATHER,https://worldweather.wmo.int
WMO Register of Alerting Authorities,https://alertingauthority.wmo.int/authorities.php?recId=88,SEVERE WEATHER,https://severeweather.wmo.int
WMO Register of Alerting Authorities,https://alertingauthority.wmo.int/authorities.php?recId=88,Public Weather Services,https://public.wmo.int/en/programmes/public-weather-services-programme
WMO Register of Alerting Authorities,https://alertingauthority.wmo.int/authorities.php?recId=88,please contact us,https://public.wmo.int/en/about-us/contact-us
WMO Register of Alerting Authorities,https://alertingauthority.wmo.int/authorities.php?recId=88,http://www.worldweather.org/105/m105.htm,http://www.worldweather.org/105/m105.htm
WMO Register of Alerting Authorities,https://alertingauthority.wmo.int/authorities.php?recId=88,© World Meteorological Organization,https://old.wmo.int/extranet/pages/documents/wmo.vcf
WMO Register of Alerting Authorities,https://alertingauthority.wmo.int/authorities.php?recId=88,Copyright,https://public.wmo.int/en/copyright
WMO Register of Alerting Authorities,https://alertingauthority.wmo.int/authorities.php?recId=88,Privacy Policy,https://public.wmo.int/en/privacy-policy
WMO Register of Alerting Authorities,https://alertingauthority.wmo.int/authorities.php?recId=88,Disclaimer,https://public.wmo.int/en/disclaimer
WMO Register of Alerting Authorities,https://alertingauthority.wmo.int/authorities.php?recId=88,Map disclaimer,https://public.wmo.int/en/disclaimer#mapdisclaimer
WMO Register of Alerting Authorities,https://alertingauthority.wmo.int/authorities.php?recId=89,,https://public.wmo.int/en
WMO Register of Alerting Authorities,https://alertingauthority.wmo.int/authorities.php?recId=89,HOME,https://public.wmo.int/en
WMO Register of Alerting Authorities,https://alertingauthority.wmo.int/authorities.php?recId=89,WORLDWEATHER,https://worldweather.wmo.int
WMO Register of Alerting Authorities,https://alertingauthority.wmo.int/authorities.php?recId=89,SEVERE WEATHER,https://severeweather.wmo.int
WMO Register of Alerting Authorities,https://alertingauthority.wmo.int/authorities.php?recId=89,Public Weather Services,https://public.wmo.int/en/programmes/public-weather-services-programme
WMO Register of Alerting Authorities,https://alertingauthority.wmo.int/authorities.php?recId=89,please contact us,https://public.wmo.int/en/about-us/contact-us
WMO Register of Alerting Authorities,https://alertingauthority.wmo.int/authorities.php?recId=89,http://www.worldweather.org/098/c00192.htm,http://www.worldweather.org/098/c00192.htm
WMO Register of Alerting Authorities,https://alertingauthority.wmo.int/authorities.php?recId=89,© World Meteorological Organization,https://old.wmo.int/extranet/pages/documents/wmo.vcf
WMO Register of Alerting Authorities,https://alertingauthority.wmo.int/authorities.php?recId=89,Copyright,https://public.wmo.int/en/copyright
WMO Register of Alerting Authorities,https://alertingauthority.wmo.int/authorities.php?recId=89,Privacy Policy,https://public.wmo.int/en/privacy-policy
WMO Register of Alerting Authorities,https://alertingauthority.wmo.int/authorities.php?recId=89,Disclaimer,https://public.wmo.int/en/disclaimer
WMO Register of Alerting Authorities,https://alertingauthority.wmo.int/authorities.php?recId=89,Map disclaimer,https://public.wmo.int/en/disclaimer#mapdisclaimer
WMO Register of Alerting Authorities,https://alertingauthority.wmo.int/authorities.php?recId=90,,https://public.wmo.int/en
WMO Register of Alerting Authorities,https://alertingauthority.wmo.int/authorities.php?recId=90,HOME,https://public.wmo.int/en
WMO Register of Alerting Authorities,https://alertingauthority.wmo.int/authorities.php?recId=90,WORLDWEATHER,https://worldweather.wmo.int
WMO Register of Alerting Authorities,https://alertingauthority.wmo.int/authorities.php?recId=90,SEVERE WEATHER,https://severeweather.wmo.int
WMO Register of Alerting Authorities,https://alertingauthority.wmo.int/authorities.php?recId=90,Public Weather Services,https://public.wmo.int/en/programmes/public-weather-services-programme
WMO Register of Alerting Authorities,https://alertingauthority.wmo.int/authorities.php?recId=90,please contact us,https://public.wmo.int/en/about-us/contact-us
WMO Register of Alerting Authorities,https://alertingauthority.wmo.int/authorities.php?recId=90,https://inondations.lu/,https://inondations.lu/
WMO Register of Alerting Authorities,https://alertingauthority.wmo.int/authorities.php?recId=90,© World Meteorological Organization,https://old.wmo.int/extranet/pages/documents/wmo.vcf
WMO Register of Alerting Authorities,https://alertingauthority.wmo.int/authorities.php?recId=90,Copyright,https://public.wmo.int/en/copyright
WMO Register of Alerting Authorities,https://alertingauthority.wmo.int/authorities.php?recId=90,Privacy Policy,https://public.wmo.int/en/privacy-policy
WMO Register of Alerting Authorities,https://alertingauthority.wmo.int/authorities.php?recId=90,Disclaimer,https://public.wmo.int/en/disclaimer
WMO Register of Alerting Authorities,https://alertingauthority.wmo.int/authorities.php?recId=90,Map disclaimer,https://public.wmo.int/en/disclaimer#mapdisclaimer
WMO Register of Alerting Authorities,https://alertingauthority.wmo.int/authorities.php?recId=91,,https://public.wmo.int/en
WMO Register of Alerting Authorities,https://alertingauthority.wmo.int/authorities.php?recId=91,HOME,https://public.wmo.int/en
WMO Register of Alerting Authorities,https://alertingauthority.wmo.int/authorities.php?recId=91,WORLDWEATHER,https://worldweather.wmo.int
WMO Register of Alerting Authorities,https://alertingauthority.wmo.int/authorities.php?recId=91,SEVERE WEATHER,https://severeweather.wmo.int
WMO Register of Alerting Authorities,https://alertingauthority.wmo.int/authorities.php?recId=91,Public Weather Services,https://public.wmo.int/en/programmes/public-weather-services-programme
WMO Register of Alerting Authorities,https://alertingauthority.wmo.int/authorities.php?recId=91,please contact us,https://public.wmo.int/en/about-us/contact-us
WMO Register of Alerting Authorities,https://alertingauthority.wmo.int/authorities.php?recId=91,https://feeds.meteoalarm.org/feeds/meteoalarm-legacy-atom-republic-of-north-macedonia,https://feeds.meteoalarm.org/feeds/meteoalarm-legacy-atom-republic-of-north-macedonia
WMO Register of Alerting Authorities,https://alertingauthority.wmo.int/authorities.php?recId=91,https://uhmr.gov.mk/,https://uhmr.gov.mk/
WMO Register of Alerting Authorities,https://alertingauthority.wmo.int/authorities.php?recId=91,© World Meteorological Organization,https://old.wmo.int/extranet/pages/documents/wmo.vcf
WMO Register of Alerting Authorities,https://alertingauthority.wmo.int/authorities.php?recId=91,Copyright,https://public.wmo.int/en/copyright
WMO Register of Alerting Authorities,https://alertingauthority.wmo.int/authorities.php?recId=91,Privacy Policy,https://public.wmo.int/en/privacy-policy
WMO Register of Alerting Authorities,https://alertingauthority.wmo.int/authorities.php?recId=91,Disclaimer,https://public.wmo.int/en/disclaimer
WMO Register of Alerting Authorities,https://alertingauthority.wmo.int/authorities.php?recId=91,Map disclaimer,https://public.wmo.int/en/disclaimer#mapdisclaimer
WMO Register of Alerting Authorities,https://alertingauthority.wmo.int/authorities.php?recId=92,,https://public.wmo.int/en
WMO Register of Alerting Authorities,https://alertingauthority.wmo.int/authorities.php?recId=92,HOME,https://public.wmo.int/en
WMO Register of Alerting Authorities,https://alertingauthority.wmo.int/authorities.php?recId=92,WORLDWEATHER,https://worldweather.wmo.int
WMO Register of Alerting Authorities,https://alertingauthority.wmo.int/authorities.php?recId=92,SEVERE WEATHER,https://severeweather.wmo.int
WMO Register of Alerting Authorities,https://alertingauthority.wmo.int/authorities.php?recId=92,Public Weather Services,https://public.wmo.int/en/programmes/public-weather-services-programme
WMO Register of Alerting Authorities,https://alertingauthority.wmo.int/authorities.php?recId=92,please contact us,https://public.wmo.int/en/about-us/contact-us
WMO Register of Alerting Authorities,https://alertingauthority.wmo.int/authorities.php?recId=92,https://cap-sources.s3.amazonaws.com/mg-meteo-en/rss.xml,https://cap-sources.s3.amazonaws.com/mg-meteo-en/rss.xml 
WMO Register of Alerting Authorities,https://alertingauthority.wmo.int/authorities.php?recId=92,https://cap-sources.s3.amazonaws.com/mg-meteo-fr/rss.xml,https://cap-sources.s3.amazonaws.com/mg-meteo-fr/rss.xml
WMO Register of Alerting Authorities,https://alertingauthority.wmo.int/authorities.php?recId=92,http://www.worldweather.org/004/m004.htm,http://www.worldweather.org/004/m004.htm
WMO Register of Alerting Authorities,https://alertingauthority.wmo.int/authorities.php?recId=92,© World Meteorological Organization,https://old.wmo.int/extranet/pages/documents/wmo.vcf
WMO Register of Alerting Authorities,https://alertingauthority.wmo.int/authorities.php?recId=92,Copyright,https://public.wmo.int/en/copyright
WMO Register of Alerting Authorities,https://alertingauthority.wmo.int/authorities.php?recId=92,Privacy Policy,https://public.wmo.int/en/privacy-policy
WMO Register of Alerting Authorities,https://alertingauthority.wmo.int/authorities.php?recId=92,Disclaimer,https://public.wmo.int/en/disclaimer
WMO Register of Alerting Authorities,https://alertingauthority.wmo.int/authorities.php?recId=92,Map disclaimer,https://public.wmo.int/en/disclaimer#mapdisclaimer
WMO Register of Alerting Authorities,https://alertingauthority.wmo.int/authorities.php?recId=93,,https://public.wmo.int/en
WMO Register of Alerting Authorities,https://alertingauthority.wmo.int/authorities.php?recId=93,HOME,https://public.wmo.int/en
WMO Register of Alerting Authorities,https://alertingauthority.wmo.int/authorities.php?recId=93,WORLDWEATHER,https://worldweather.wmo.int
WMO Register of Alerting Authorities,https://alertingauthority.wmo.int/authorities.php?recId=93,SEVERE WEATHER,https://severeweather.wmo.int
WMO Register of Alerting Authorities,https://alertingauthority.wmo.int/authorities.php?recId=93,Public Weather Services,https://public.wmo.int/en/programmes/public-weather-services-programme
WMO Register of Alerting Authorities,https://alertingauthority.wmo.int/authorities.php?recId=93,please contact us,https://public.wmo.int/en/about-us/contact-us
WMO Register of Alerting Authorities,https://alertingauthority.wmo.int/authorities.php?recId=93,https://www.metmalawi.gov.mw/api/cap/rss.xml,https://www.metmalawi.gov.mw/api/cap/rss.xml
WMO Register of Alerting Authorities,https://alertingauthority.wmo.int/authorities.php?recId=93,https://www.metmalawi.gov.mw/,https://www.metmalawi.gov.mw/
WMO Register of Alerting Authorities,https://alertingauthority.wmo.int/authorities.php?recId=93,© World Meteorological Organization,https://old.wmo.int/extranet/pages/documents/wmo.vcf
WMO Register of Alerting Authorities,https://alertingauthority.wmo.int/authorities.php?recId=93,Copyright,https://public.wmo.int/en/copyright
WMO Register of Alerting Authorities,https://alertingauthority.wmo.int/authorities.php?recId=93,Privacy Policy,https://public.wmo.int/en/privacy-policy
WMO Register of Alerting Authorities,https://alertingauthority.wmo.int/authorities.php?recId=93,Disclaimer,https://public.wmo.int/en/disclaimer
WMO Register of Alerting Authorities,https://alertingauthority.wmo.int/authorities.php?recId=93,Map disclaimer,https://public.wmo.int/en/disclaimer#mapdisclaimer
WMO Register of Alerting Authorities,https://alertingauthority.wmo.int/authorities.php?recId=94,,https://public.wmo.int/en
WMO Register of Alerting Authorities,https://alertingauthority.wmo.int/authorities.php?recId=94,HOME,https://public.wmo.int/en
WMO Register of Alerting Authorities,https://alertingauthority.wmo.int/authorities.php?recId=94,WORLDWEATHER,https://worldweather.wmo.int
WMO Register of Alerting Authorities,https://alertingauthority.wmo.int/authorities.php?recId=94,SEVERE WEATHER,https://severeweather.wmo.int
WMO Register of Alerting Authorities,https://alertingauthority.wmo.int/authorities.php?recId=94,Public Weather Services,https://public.wmo.int/en/programmes/public-weather-services-programme
WMO Register of Alerting Authorities,https://alertingauthority.wmo.int/authorities.php?recId=94,please contact us,https://public.wmo.int/en/about-us/contact-us
WMO Register of Alerting Authorities,https://alertingauthority.wmo.int/authorities.php?recId=94,© World Meteorological Organization,https://old.wmo.int/extranet/pages/documents/wmo.vcf
WMO Register of Alerting Authorities,https://alertingauthority.wmo.int/authorities.php?recId=94,Copyright,https://public.wmo.int/en/copyright
WMO Register of Alerting Authorities,https://alertingauthority.wmo.int/authorities.php?recId=94,Privacy Policy,https://public.wmo.int/en/privacy-policy
WMO Register of Alerting Authorities,https://alertingauthority.wmo.int/authorities.php?recId=94,Disclaimer,https://public.wmo.int/en/disclaimer
WMO Register of Alerting Authorities,https://alertingauthority.wmo.int/authorities.php?recId=94,Map disclaimer,https://public.wmo.int/en/disclaimer#mapdisclaimer
WMO Register of Alerting Authorities,https://alertingauthority.wmo.int/authorities.php?recId=95,,https://public.wmo.int/en
WMO Register of Alerting Authorities,https://alertingauthority.wmo.int/authorities.php?recId=95,HOME,https://public.wmo.int/en
WMO Register of Alerting Authorities,https://alertingauthority.wmo.int/authorities.php?recId=95,WORLDWEATHER,https://worldweather.wmo.int
WMO Register of Alerting Authorities,https://alertingauthority.wmo.int/authorities.php?recId=95,SEVERE WEATHER,https://severeweather.wmo.int
WMO Register of Alerting Authorities,https://alertingauthority.wmo.int/authorities.php?recId=95,Public Weather Services,https://public.wmo.int/en/programmes/public-weather-services-programme
WMO Register of Alerting Authorities,https://alertingauthority.wmo.int/authorities.php?recId=95,please contact us,https://public.wmo.int/en/about-us/contact-us
WMO Register of Alerting Authorities,https://alertingauthority.wmo.int/authorities.php?recId=95,http://www.worldweather.org/020/m020.htm,http://www.worldweather.org/020/m020.htm
WMO Register of Alerting Authorities,https://alertingauthority.wmo.int/authorities.php?recId=95,© World Meteorological Organization,https://old.wmo.int/extranet/pages/documents/wmo.vcf
WMO Register of Alerting Authorities,https://alertingauthority.wmo.int/authorities.php?recId=95,Copyright,https://public.wmo.int/en/copyright
WMO Register of Alerting Authorities,https://alertingauthority.wmo.int/authorities.php?recId=95,Privacy Policy,https://public.wmo.int/en/privacy-policy
WMO Register of Alerting Authorities,https://alertingauthority.wmo.int/authorities.php?recId=95,Disclaimer,https://public.wmo.int/en/disclaimer
WMO Register of Alerting Authorities,https://alertingauthority.wmo.int/authorities.php?recId=95,Map disclaimer,https://public.wmo.int/en/disclaimer#mapdisclaimer
WMO Register of Alerting Authorities,https://alertingauthority.wmo.int/authorities.php?recId=96,,https://public.wmo.int/en
WMO Register of Alerting Authorities,https://alertingauthority.wmo.int/authorities.php?recId=96,HOME,https://public.wmo.int/en
WMO Register of Alerting Authorities,https://alertingauthority.wmo.int/authorities.php?recId=96,WORLDWEATHER,https://worldweather.wmo.int
WMO Register of Alerting Authorities,https://alertingauthority.wmo.int/authorities.php?recId=96,SEVERE WEATHER,https://severeweather.wmo.int
WMO Register of Alerting Authorities,https://alertingauthority.wmo.int/authorities.php?recId=96,Public Weather Services,https://public.wmo.int/en/programmes/public-weather-services-programme
WMO Register of Alerting Authorities,https://alertingauthority.wmo.int/authorities.php?recId=96,please contact us,https://public.wmo.int/en/about-us/contact-us
WMO Register of Alerting Authorities,https://alertingauthority.wmo.int/authorities.php?recId=96,© World Meteorological Organization,https://old.wmo.int/extranet/pages/documents/wmo.vcf
WMO Register of Alerting Authorities,https://alertingauthority.wmo.int/authorities.php?recId=96,Copyright,https://public.wmo.int/en/copyright
WMO Register of Alerting Authorities,https://alertingauthority.wmo.int/authorities.php?recId=96,Privacy Policy,https://public.wmo.int/en/privacy-policy
WMO Register of Alerting Authorities,https://alertingauthority.wmo.int/authorities.php?recId=96,Disclaimer,https://public.wmo.int/en/disclaimer
WMO Register of Alerting Authorities,https://alertingauthority.wmo.int/authorities.php?recId=96,Map disclaimer,https://public.wmo.int/en/disclaimer#mapdisclaimer
WMO Register of Alerting Authorities,https://alertingauthority.wmo.int/authorities.php?recId=97,,https://public.wmo.int/en
WMO Register of Alerting Authorities,https://alertingauthority.wmo.int/authorities.php?recId=97,HOME,https://public.wmo.int/en
WMO Register of Alerting Authorities,https://alertingauthority.wmo.int/authorities.php?recId=97,WORLDWEATHER,https://worldweather.wmo.int
WMO Register of Alerting Authorities,https://alertingauthority.wmo.int/authorities.php?recId=97,SEVERE WEATHER,https://severeweather.wmo.int
WMO Register of Alerting Authorities,https://alertingauthority.wmo.int/authorities.php?recId=97,Public Weather Services,https://public.wmo.int/en/programmes/public-weather-services-programme
WMO Register of Alerting Authorities,https://alertingauthority.wmo.int/authorities.php?recId=97,please contact us,https://public.wmo.int/en/about-us/contact-us
WMO Register of Alerting Authorities,https://alertingauthority.wmo.int/authorities.php?recId=97,https://cap.meteorology.gov.mv/rss/alerts/,https://cap.meteorology.gov.mv/rss/alerts/
WMO Register of Alerting Authorities,https://alertingauthority.wmo.int/authorities.php?recId=97,https://www.meteorology.gov.mv/forecast,https://www.meteorology.gov.mv/forecast
WMO Register of Alerting Authorities,https://alertingauthority.wmo.int/authorities.php?recId=97,© World Meteorological Organization,https://old.wmo.int/extranet/pages/documents/wmo.vcf
WMO Register of Alerting Authorities,https://alertingauthority.wmo.int/authorities.php?recId=97,Copyright,https://public.wmo.int/en/copyright
WMO Register of Alerting Authorities,https://alertingauthority.wmo.int/authorities.php?recId=97,Privacy Policy,https://public.wmo.int/en/privacy-policy
WMO Register of Alerting Authorities,https://alertingauthority.wmo.int/authorities.php?recId=97,Disclaimer,https://public.wmo.int/en/disclaimer
WMO Register of Alerting Authorities,https://alertingauthority.wmo.int/authorities.php?recId=97,Map disclaimer,https://public.wmo.int/en/disclaimer#mapdisclaimer
WMO Register of Alerting Authorities,https://alertingauthority.wmo.int/authorities.php?recId=98,,https://public.wmo.int/en
WMO Register of Alerting Authorities,https://alertingauthority.wmo.int/authorities.php?recId=98,HOME,https://public.wmo.int/en
WMO Register of Alerting Authorities,https://alertingauthority.wmo.int/authorities.php?recId=98,WORLDWEATHER,https://worldweather.wmo.int
WMO Register of Alerting Authorities,https://alertingauthority.wmo.int/authorities.php?recId=98,SEVERE WEATHER,https://severeweather.wmo.int
WMO Register of Alerting Authorities,https://alertingauthority.wmo.int/authorities.php?recId=98,Public Weather Services,https://public.wmo.int/en/programmes/public-weather-services-programme
WMO Register of Alerting Authorities,https://alertingauthority.wmo.int/authorities.php?recId=98,please contact us,https://public.wmo.int/en/about-us/contact-us
WMO Register of Alerting Authorities,https://alertingauthority.wmo.int/authorities.php?recId=98,https://www.malimeteo.ml/api/cap/rss.xml,https://www.malimeteo.ml/api/cap/rss.xml
WMO Register of Alerting Authorities,https://alertingauthority.wmo.int/authorities.php?recId=98,https://www.malimeteo.ml/,https://www.malimeteo.ml/
WMO Register of Alerting Authorities,https://alertingauthority.wmo.int/authorities.php?recId=98,© World Meteorological Organization,https://old.wmo.int/extranet/pages/documents/wmo.vcf
WMO Register of Alerting Authorities,https://alertingauthority.wmo.int/authorities.php?recId=98,Copyright,https://public.wmo.int/en/copyright
WMO Register of Alerting Authorities,https://alertingauthority.wmo.int/authorities.php?recId=98,Privacy Policy,https://public.wmo.int/en/privacy-policy
WMO Register of Alerting Authorities,https://alertingauthority.wmo.int/authorities.php?recId=98,Disclaimer,https://public.wmo.int/en/disclaimer
WMO Register of Alerting Authorities,https://alertingauthority.wmo.int/authorities.php?recId=98,Map disclaimer,https://public.wmo.int/en/disclaimer#mapdisclaimer
WMO Register of Alerting Authorities,https://alertingauthority.wmo.int/authorities.php?recId=99,,https://public.wmo.int/en
WMO Register of Alerting Authorities,https://alertingauthority.wmo.int/authorities.php?recId=99,HOME,https://public.wmo.int/en
WMO Register of Alerting Authorities,https://alertingauthority.wmo.int/authorities.php?recId=99,WORLDWEATHER,https://worldweather.wmo.int
WMO Register of Alerting Authorities,https://alertingauthority.wmo.int/authorities.php?recId=99,SEVERE WEATHER,https://severeweather.wmo.int
WMO Register of Alerting Authorities,https://alertingauthority.wmo.int/authorities.php?recId=99,Public Weather Services,https://public.wmo.int/en/programmes/public-weather-services-programme
WMO Register of Alerting Authorities,https://alertingauthority.wmo.int/authorities.php?recId=99,please contact us,https://public.wmo.int/en/about-us/contact-us
WMO Register of Alerting Authorities,https://alertingauthority.wmo.int/authorities.php?recId=99,© World Meteorological Organization,https://old.wmo.int/extranet/pages/documents/wmo.vcf
WMO Register of Alerting Authorities,https://alertingauthority.wmo.int/authorities.php?recId=99,Copyright,https://public.wmo.int/en/copyright
WMO Register of Alerting Authorities,https://alertingauthority.wmo.int/authorities.php?recId=99,Privacy Policy,https://public.wmo.int/en/privacy-policy
WMO Register of Alerting Authorities,https://alertingauthority.wmo.int/authorities.php?recId=99,Disclaimer,https://public.wmo.int/en/disclaimer
WMO Register of Alerting Authorities,https://alertingauthority.wmo.int/authorities.php?recId=99,Map disclaimer,https://public.wmo.int/en/disclaimer#mapdisclaimer
WMO Register of Alerting Authorities,https://alertingauthority.wmo.int/authorities.php?recId=100,,https://public.wmo.int/en
WMO Register of Alerting Authorities,https://alertingauthority.wmo.int/authorities.php?recId=100,HOME,https://public.wmo.int/en
WMO Register of Alerting Authorities,https://alertingauthority.wmo.int/authorities.php?recId=100,WORLDWEATHER,https://worldweather.wmo.int
WMO Register of Alerting Authorities,https://alertingauthority.wmo.int/authorities.php?recId=100,SEVERE WEATHER,https://severeweather.wmo.int
WMO Register of Alerting Authorities,https://alertingauthority.wmo.int/authorities.php?recId=100,Public Weather Services,https://public.wmo.int/en/programmes/public-weather-services-programme
WMO Register of Alerting Authorities,https://alertingauthority.wmo.int/authorities.php?recId=100,please contact us,https://public.wmo.int/en/about-us/contact-us
WMO Register of Alerting Authorities,https://alertingauthority.wmo.int/authorities.php?recId=100,https://feeds.meteoalarm.org/feeds/meteoalarm-legacy-atom-malta,https://feeds.meteoalarm.org/feeds/meteoalarm-legacy-atom-malta
WMO Register of Alerting Authorities,https://alertingauthority.wmo.int/authorities.php?recId=100,https://www.maltairport.com/weather/,https://www.maltairport.com/weather/
WMO Register of Alerting Authorities,https://alertingauthority.wmo.int/authorities.php?recId=100,https://www.maltairport.com/weather/,https://www.maltairport.com/weather/
WMO Register of Alerting Authorities,https://alertingauthority.wmo.int/authorities.php?recId=100,http://www.worldweather.org/012/c00042.htm,http://www.worldweather.org/012/c00042.htm
WMO Register of Alerting Authorities,https://alertingauthority.wmo.int/authorities.php?recId=100,© World Meteorological Organization,https://old.wmo.int/extranet/pages/documents/wmo.vcf
WMO Register of Alerting Authorities,https://alertingauthority.wmo.int/authorities.php?recId=100,Copyright,https://public.wmo.int/en/copyright
WMO Register of Alerting Authorities,https://alertingauthority.wmo.int/authorities.php?recId=100,Privacy Policy,https://public.wmo.int/en/privacy-policy
WMO Register of Alerting Authorities,https://alertingauthority.wmo.int/authorities.php?recId=100,Disclaimer,https://public.wmo.int/en/disclaimer
WMO Register of Alerting Authorities,https://alertingauthority.wmo.int/authorities.php?recId=100,Map disclaimer,https://public.wmo.int/en/disclaimer#mapdisclaimer
WMO Register of Alerting Authorities,https://alertingauthority.wmo.int/authorities.php?recId=101,,https://public.wmo.int/en
WMO Register of Alerting Authorities,https://alertingauthority.wmo.int/authorities.php?recId=101,HOME,https://public.wmo.int/en
WMO Register of Alerting Authorities,https://alertingauthority.wmo.int/authorities.php?recId=101,WORLDWEATHER,https://worldweather.wmo.int
WMO Register of Alerting Authorities,https://alertingauthority.wmo.int/authorities.php?recId=101,SEVERE WEATHER,https://severeweather.wmo.int
WMO Register of Alerting Authorities,https://alertingauthority.wmo.int/authorities.php?recId=101,Public Weather Services,https://public.wmo.int/en/programmes/public-weather-services-programme
WMO Register of Alerting Authorities,https://alertingauthority.wmo.int/authorities.php?recId=101,please contact us,https://public.wmo.int/en/about-us/contact-us
WMO Register of Alerting Authorities,https://alertingauthority.wmo.int/authorities.php?recId=101,https://correo1.conagua.gob.mx/feedsmn/feedalert.aspx,https://correo1.conagua.gob.mx/feedsmn/feedalert.aspx
WMO Register of Alerting Authorities,https://alertingauthority.wmo.int/authorities.php?recId=101,http://smn.cna.gob.mx,http://smn.cna.gob.mx
WMO Register of Alerting Authorities,https://alertingauthority.wmo.int/authorities.php?recId=101,© World Meteorological Organization,https://old.wmo.int/extranet/pages/documents/wmo.vcf
WMO Register of Alerting Authorities,https://alertingauthority.wmo.int/authorities.php?recId=101,Copyright,https://public.wmo.int/en/copyright
WMO Register of Alerting Authorities,https://alertingauthority.wmo.int/authorities.php?recId=101,Privacy Policy,https://public.wmo.int/en/privacy-policy
WMO Register of Alerting Authorities,https://alertingauthority.wmo.int/authorities.php?recId=101,Disclaimer,https://public.wmo.int/en/disclaimer
WMO Register of Alerting Authorities,https://alertingauthority.wmo.int/authorities.php?recId=101,Map disclaimer,https://public.wmo.int/en/disclaimer#mapdisclaimer
WMO Register of Alerting Authorities,https://alertingauthority.wmo.int/authorities.php?recId=102,,https://public.wmo.int/en
WMO Register of Alerting Authorities,https://alertingauthority.wmo.int/authorities.php?recId=102,HOME,https://public.wmo.int/en
WMO Register of Alerting Authorities,https://alertingauthority.wmo.int/authorities.php?recId=102,WORLDWEATHER,https://worldweather.wmo.int
WMO Register of Alerting Authorities,https://alertingauthority.wmo.int/authorities.php?recId=102,SEVERE WEATHER,https://severeweather.wmo.int
WMO Register of Alerting Authorities,https://alertingauthority.wmo.int/authorities.php?recId=102,Public Weather Services,https://public.wmo.int/en/programmes/public-weather-services-programme
WMO Register of Alerting Authorities,https://alertingauthority.wmo.int/authorities.php?recId=102,please contact us,https://public.wmo.int/en/about-us/contact-us
WMO Register of Alerting Authorities,https://alertingauthority.wmo.int/authorities.php?recId=102,https://cap-sources.s3.amazonaws.com/fm-gov-en/rss.xml,https://cap-sources.s3.amazonaws.com/fm-gov-en/rss.xml
WMO Register of Alerting Authorities,https://alertingauthority.wmo.int/authorities.php?recId=102,https://www.weather.gov/gum/PublicForecasts,https://www.weather.gov/gum/PublicForecasts
WMO Register of Alerting Authorities,https://alertingauthority.wmo.int/authorities.php?recId=102,© World Meteorological Organization,https://old.wmo.int/extranet/pages/documents/wmo.vcf
WMO Register of Alerting Authorities,https://alertingauthority.wmo.int/authorities.php?recId=102,Copyright,https://public.wmo.int/en/copyright
WMO Register of Alerting Authorities,https://alertingauthority.wmo.int/authorities.php?recId=102,Privacy Policy,https://public.wmo.int/en/privacy-policy
WMO Register of Alerting Authorities,https://alertingauthority.wmo.int/authorities.php?recId=102,Disclaimer,https://public.wmo.int/en/disclaimer
WMO Register of Alerting Authorities,https://alertingauthority.wmo.int/authorities.php?recId=102,Map disclaimer,https://public.wmo.int/en/disclaimer#mapdisclaimer
WMO Register of Alerting Authorities,https://alertingauthority.wmo.int/authorities.php?recId=103,,https://public.wmo.int/en
WMO Register of Alerting Authorities,https://alertingauthority.wmo.int/authorities.php?recId=103,HOME,https://public.wmo.int/en
WMO Register of Alerting Authorities,https://alertingauthority.wmo.int/authorities.php?recId=103,WORLDWEATHER,https://worldweather.wmo.int
WMO Register of Alerting Authorities,https://alertingauthority.wmo.int/authorities.php?recId=103,SEVERE WEATHER,https://severeweather.wmo.int
WMO Register of Alerting Authorities,https://alertingauthority.wmo.int/authorities.php?recId=103,Public Weather Services,https://public.wmo.int/en/programmes/public-weather-services-programme
WMO Register of Alerting Authorities,https://alertingauthority.wmo.int/authorities.php?recId=103,please contact us,https://public.wmo.int/en/about-us/contact-us
WMO Register of Alerting Authorities,https://alertingauthority.wmo.int/authorities.php?recId=103,© World Meteorological Organization,https://old.wmo.int/extranet/pages/documents/wmo.vcf
WMO Register of Alerting Authorities,https://alertingauthority.wmo.int/authorities.php?recId=103,Copyright,https://public.wmo.int/en/copyright
WMO Register of Alerting Authorities,https://alertingauthority.wmo.int/authorities.php?recId=103,Privacy Policy,https://public.wmo.int/en/privacy-policy
WMO Register of Alerting Authorities,https://alertingauthority.wmo.int/authorities.php?recId=103,Disclaimer,https://public.wmo.int/en/disclaimer
WMO Register of Alerting Authorities,https://alertingauthority.wmo.int/authorities.php?recId=103,Map disclaimer,https://public.wmo.int/en/disclaimer#mapdisclaimer
WMO Register of Alerting Authorities,https://alertingauthority.wmo.int/authorities.php?recId=104,,https://public.wmo.int/en
WMO Register of Alerting Authorities,https://alertingauthority.wmo.int/authorities.php?recId=104,HOME,https://public.wmo.int/en
WMO Register of Alerting Authorities,https://alertingauthority.wmo.int/authorities.php?recId=104,WORLDWEATHER,https://worldweather.wmo.int
WMO Register of Alerting Authorities,https://alertingauthority.wmo.int/authorities.php?recId=104,SEVERE WEATHER,https://severeweather.wmo.int
WMO Register of Alerting Authorities,https://alertingauthority.wmo.int/authorities.php?recId=104,Public Weather Services,https://public.wmo.int/en/programmes/public-weather-services-programme
WMO Register of Alerting Authorities,https://alertingauthority.wmo.int/authorities.php?recId=104,please contact us,https://public.wmo.int/en/about-us/contact-us
WMO Register of Alerting Authorities,https://alertingauthority.wmo.int/authorities.php?recId=104,http://www.worldweather.org/119/m119.htm,http://www.worldweather.org/119/m119.htm
WMO Register of Alerting Authorities,https://alertingauthority.wmo.int/authorities.php?recId=104,© World Meteorological Organization,https://old.wmo.int/extranet/pages/documents/wmo.vcf
WMO Register of Alerting Authorities,https://alertingauthority.wmo.int/authorities.php?recId=104,Copyright,https://public.wmo.int/en/copyright
WMO Register of Alerting Authorities,https://alertingauthority.wmo.int/authorities.php?recId=104,Privacy Policy,https://public.wmo.int/en/privacy-policy
WMO Register of Alerting Authorities,https://alertingauthority.wmo.int/authorities.php?recId=104,Disclaimer,https://public.wmo.int/en/disclaimer
WMO Register of Alerting Authorities,https://alertingauthority.wmo.int/authorities.php?recId=104,Map disclaimer,https://public.wmo.int/en/disclaimer#mapdisclaimer
WMO Register of Alerting Authorities,https://alertingauthority.wmo.int/authorities.php?recId=105,,https://public.wmo.int/en
WMO Register of Alerting Authorities,https://alertingauthority.wmo.int/authorities.php?recId=105,HOME,https://public.wmo.int/en
WMO Register of Alerting Authorities,https://alertingauthority.wmo.int/authorities.php?recId=105,WORLDWEATHER,https://worldweather.wmo.int
WMO Register of Alerting Authorities,https://alertingauthority.wmo.int/authorities.php?recId=105,SEVERE WEATHER,https://severeweather.wmo.int
WMO Register of Alerting Authorities,https://alertingauthority.wmo.int/authorities.php?recId=105,Public Weather Services,https://public.wmo.int/en/programmes/public-weather-services-programme
WMO Register of Alerting Authorities,https://alertingauthority.wmo.int/authorities.php?recId=105,please contact us,https://public.wmo.int/en/about-us/contact-us
WMO Register of Alerting Authorities,https://alertingauthority.wmo.int/authorities.php?recId=105,http://www.worldweather.org/045/m045.htm,http://www.worldweather.org/045/m045.htm
WMO Register of Alerting Authorities,https://alertingauthority.wmo.int/authorities.php?recId=105,© World Meteorological Organization,https://old.wmo.int/extranet/pages/documents/wmo.vcf
WMO Register of Alerting Authorities,https://alertingauthority.wmo.int/authorities.php?recId=105,Copyright,https://public.wmo.int/en/copyright
WMO Register of Alerting Authorities,https://alertingauthority.wmo.int/authorities.php?recId=105,Privacy Policy,https://public.wmo.int/en/privacy-policy
WMO Register of Alerting Authorities,https://alertingauthority.wmo.int/authorities.php?recId=105,Disclaimer,https://public.wmo.int/en/disclaimer
WMO Register of Alerting Authorities,https://alertingauthority.wmo.int/authorities.php?recId=105,Map disclaimer,https://public.wmo.int/en/disclaimer#mapdisclaimer
WMO Register of Alerting Authorities,https://alertingauthority.wmo.int/authorities.php?recId=106,,https://public.wmo.int/en
WMO Register of Alerting Authorities,https://alertingauthority.wmo.int/authorities.php?recId=106,HOME,https://public.wmo.int/en
WMO Register of Alerting Authorities,https://alertingauthority.wmo.int/authorities.php?recId=106,WORLDWEATHER,https://worldweather.wmo.int
WMO Register of Alerting Authorities,https://alertingauthority.wmo.int/authorities.php?recId=106,SEVERE WEATHER,https://severeweather.wmo.int
WMO Register of Alerting Authorities,https://alertingauthority.wmo.int/authorities.php?recId=106,Public Weather Services,https://public.wmo.int/en/programmes/public-weather-services-programme
WMO Register of Alerting Authorities,https://alertingauthority.wmo.int/authorities.php?recId=106,please contact us,https://public.wmo.int/en/about-us/contact-us
WMO Register of Alerting Authorities,https://alertingauthority.wmo.int/authorities.php?recId=106,https://cap-sources.s3.amazonaws.com/mz-inam-pt/rss.xml,https://cap-sources.s3.amazonaws.com/mz-inam-pt/rss.xml
WMO Register of Alerting Authorities,https://alertingauthority.wmo.int/authorities.php?recId=106,http://www.worldweather.org/033/m033.htm,http://www.worldweather.org/033/m033.htm
WMO Register of Alerting Authorities,https://alertingauthority.wmo.int/authorities.php?recId=106,© World Meteorological Organization,https://old.wmo.int/extranet/pages/documents/wmo.vcf
WMO Register of Alerting Authorities,https://alertingauthority.wmo.int/authorities.php?recId=106,Copyright,https://public.wmo.int/en/copyright
WMO Register of Alerting Authorities,https://alertingauthority.wmo.int/authorities.php?recId=106,Privacy Policy,https://public.wmo.int/en/privacy-policy
WMO Register of Alerting Authorities,https://alertingauthority.wmo.int/authorities.php?recId=106,Disclaimer,https://public.wmo.int/en/disclaimer
WMO Register of Alerting Authorities,https://alertingauthority.wmo.int/authorities.php?recId=106,Map disclaimer,https://public.wmo.int/en/disclaimer#mapdisclaimer
WMO Register of Alerting Authorities,https://alertingauthority.wmo.int/authorities.php?recId=107,,https://public.wmo.int/en
WMO Register of Alerting Authorities,https://alertingauthority.wmo.int/authorities.php?recId=107,HOME,https://public.wmo.int/en
WMO Register of Alerting Authorities,https://alertingauthority.wmo.int/authorities.php?recId=107,WORLDWEATHER,https://worldweather.wmo.int
WMO Register of Alerting Authorities,https://alertingauthority.wmo.int/authorities.php?recId=107,SEVERE WEATHER,https://severeweather.wmo.int
WMO Register of Alerting Authorities,https://alertingauthority.wmo.int/authorities.php?recId=107,Public Weather Services,https://public.wmo.int/en/programmes/public-weather-services-programme
WMO Register of Alerting Authorities,https://alertingauthority.wmo.int/authorities.php?recId=107,please contact us,https://public.wmo.int/en/about-us/contact-us
WMO Register of Alerting Authorities,https://alertingauthority.wmo.int/authorities.php?recId=107,© World Meteorological Organization,https://old.wmo.int/extranet/pages/documents/wmo.vcf
WMO Register of Alerting Authorities,https://alertingauthority.wmo.int/authorities.php?recId=107,Copyright,https://public.wmo.int/en/copyright
WMO Register of Alerting Authorities,https://alertingauthority.wmo.int/authorities.php?recId=107,Privacy Policy,https://public.wmo.int/en/privacy-policy
WMO Register of Alerting Authorities,https://alertingauthority.wmo.int/authorities.php?recId=107,Disclaimer,https://public.wmo.int/en/disclaimer
WMO Register of Alerting Authorities,https://alertingauthority.wmo.int/authorities.php?recId=107,Map disclaimer,https://public.wmo.int/en/disclaimer#mapdisclaimer
WMO Register of Alerting Authorities,https://alertingauthority.wmo.int/authorities.php?recId=108,,https://public.wmo.int/en
WMO Register of Alerting Authorities,https://alertingauthority.wmo.int/authorities.php?recId=108,HOME,https://public.wmo.int/en
WMO Register of Alerting Authorities,https://alertingauthority.wmo.int/authorities.php?recId=108,WORLDWEATHER,https://worldweather.wmo.int
WMO Register of Alerting Authorities,https://alertingauthority.wmo.int/authorities.php?recId=108,SEVERE WEATHER,https://severeweather.wmo.int
WMO Register of Alerting Authorities,https://alertingauthority.wmo.int/authorities.php?recId=108,Public Weather Services,https://public.wmo.int/en/programmes/public-weather-services-programme
WMO Register of Alerting Authorities,https://alertingauthority.wmo.int/authorities.php?recId=108,please contact us,https://public.wmo.int/en/about-us/contact-us
WMO Register of Alerting Authorities,https://alertingauthority.wmo.int/authorities.php?recId=108,http://www.dmh.gov.mm,http://www.dmh.gov.mm
WMO Register of Alerting Authorities,https://alertingauthority.wmo.int/authorities.php?recId=108,© World Meteorological Organization,https://old.wmo.int/extranet/pages/documents/wmo.vcf
WMO Register of Alerting Authorities,https://alertingauthority.wmo.int/authorities.php?recId=108,Copyright,https://public.wmo.int/en/copyright
WMO Register of Alerting Authorities,https://alertingauthority.wmo.int/authorities.php?recId=108,Privacy Policy,https://public.wmo.int/en/privacy-policy
WMO Register of Alerting Authorities,https://alertingauthority.wmo.int/authorities.php?recId=108,Disclaimer,https://public.wmo.int/en/disclaimer
WMO Register of Alerting Authorities,https://alertingauthority.wmo.int/authorities.php?recId=108,Map disclaimer,https://public.wmo.int/en/disclaimer#mapdisclaimer
WMO Register of Alerting Authorities,https://alertingauthority.wmo.int/authorities.php?recId=109,,https://public.wmo.int/en
WMO Register of Alerting Authorities,https://alertingauthority.wmo.int/authorities.php?recId=109,HOME,https://public.wmo.int/en
WMO Register of Alerting Authorities,https://alertingauthority.wmo.int/authorities.php?recId=109,WORLDWEATHER,https://worldweather.wmo.int
WMO Register of Alerting Authorities,https://alertingauthority.wmo.int/authorities.php?recId=109,SEVERE WEATHER,https://severeweather.wmo.int
WMO Register of Alerting Authorities,https://alertingauthority.wmo.int/authorities.php?recId=109,Public Weather Services,https://public.wmo.int/en/programmes/public-weather-services-programme
WMO Register of Alerting Authorities,https://alertingauthority.wmo.int/authorities.php?recId=109,please contact us,https://public.wmo.int/en/about-us/contact-us
WMO Register of Alerting Authorities,https://alertingauthority.wmo.int/authorities.php?recId=109,http://www.worldweather.org/031/c00114.htm,http://www.worldweather.org/031/c00114.htm
WMO Register of Alerting Authorities,https://alertingauthority.wmo.int/authorities.php?recId=109,© World Meteorological Organization,https://old.wmo.int/extranet/pages/documents/wmo.vcf
WMO Register of Alerting Authorities,https://alertingauthority.wmo.int/authorities.php?recId=109,Copyright,https://public.wmo.int/en/copyright
WMO Register of Alerting Authorities,https://alertingauthority.wmo.int/authorities.php?recId=109,Privacy Policy,https://public.wmo.int/en/privacy-policy
WMO Register of Alerting Authorities,https://alertingauthority.wmo.int/authorities.php?recId=109,Disclaimer,https://public.wmo.int/en/disclaimer
WMO Register of Alerting Authorities,https://alertingauthority.wmo.int/authorities.php?recId=109,Map disclaimer,https://public.wmo.int/en/disclaimer#mapdisclaimer
WMO Register of Alerting Authorities,https://alertingauthority.wmo.int/authorities.php?recId=110,,https://public.wmo.int/en
WMO Register of Alerting Authorities,https://alertingauthority.wmo.int/authorities.php?recId=110,HOME,https://public.wmo.int/en
WMO Register of Alerting Authorities,https://alertingauthority.wmo.int/authorities.php?recId=110,WORLDWEATHER,https://worldweather.wmo.int
WMO Register of Alerting Authorities,https://alertingauthority.wmo.int/authorities.php?recId=110,SEVERE WEATHER,https://severeweather.wmo.int
WMO Register of Alerting Authorities,https://alertingauthority.wmo.int/authorities.php?recId=110,Public Weather Services,https://public.wmo.int/en/programmes/public-weather-services-programme
WMO Register of Alerting Authorities,https://alertingauthority.wmo.int/authorities.php?recId=110,please contact us,https://public.wmo.int/en/about-us/contact-us
WMO Register of Alerting Authorities,https://alertingauthority.wmo.int/authorities.php?recId=110,http://www.worldweather.org/037/m037.htm,http://www.worldweather.org/037/m037.htm
WMO Register of Alerting Authorities,https://alertingauthority.wmo.int/authorities.php?recId=110,© World Meteorological Organization,https://old.wmo.int/extranet/pages/documents/wmo.vcf
WMO Register of Alerting Authorities,https://alertingauthority.wmo.int/authorities.php?recId=110,Copyright,https://public.wmo.int/en/copyright
WMO Register of Alerting Authorities,https://alertingauthority.wmo.int/authorities.php?recId=110,Privacy Policy,https://public.wmo.int/en/privacy-policy
WMO Register of Alerting Authorities,https://alertingauthority.wmo.int/authorities.php?recId=110,Disclaimer,https://public.wmo.int/en/disclaimer
WMO Register of Alerting Authorities,https://alertingauthority.wmo.int/authorities.php?recId=110,Map disclaimer,https://public.wmo.int/en/disclaimer#mapdisclaimer
WMO Register of Alerting Authorities,https://alertingauthority.wmo.int/authorities.php?recId=111,,https://public.wmo.int/en
WMO Register of Alerting Authorities,https://alertingauthority.wmo.int/authorities.php?recId=111,HOME,https://public.wmo.int/en
WMO Register of Alerting Authorities,https://alertingauthority.wmo.int/authorities.php?recId=111,WORLDWEATHER,https://worldweather.wmo.int
WMO Register of Alerting Authorities,https://alertingauthority.wmo.int/authorities.php?recId=111,SEVERE WEATHER,https://severeweather.wmo.int
WMO Register of Alerting Authorities,https://alertingauthority.wmo.int/authorities.php?recId=111,Public Weather Services,https://public.wmo.int/en/programmes/public-weather-services-programme
WMO Register of Alerting Authorities,https://alertingauthority.wmo.int/authorities.php?recId=111,please contact us,https://public.wmo.int/en/about-us/contact-us
WMO Register of Alerting Authorities,https://alertingauthority.wmo.int/authorities.php?recId=111,http://meteoalarm.eu/ATOM/NL.xml,http://meteoalarm.eu/ATOM/NL.xml
WMO Register of Alerting Authorities,https://alertingauthority.wmo.int/authorities.php?recId=111,http://www.knmi.nl/nederland-nu/weer/waarschuwingen/,http://www.knmi.nl/nederland-nu/weer/waarschuwingen/
WMO Register of Alerting Authorities,https://alertingauthority.wmo.int/authorities.php?recId=111,© World Meteorological Organization,https://old.wmo.int/extranet/pages/documents/wmo.vcf
WMO Register of Alerting Authorities,https://alertingauthority.wmo.int/authorities.php?recId=111,Copyright,https://public.wmo.int/en/copyright
WMO Register of Alerting Authorities,https://alertingauthority.wmo.int/authorities.php?recId=111,Privacy Policy,https://public.wmo.int/en/privacy-policy
WMO Register of Alerting Authorities,https://alertingauthority.wmo.int/authorities.php?recId=111,Disclaimer,https://public.wmo.int/en/disclaimer
WMO Register of Alerting Authorities,https://alertingauthority.wmo.int/authorities.php?recId=111,Map disclaimer,https://public.wmo.int/en/disclaimer#mapdisclaimer
WMO Register of Alerting Authorities,https://alertingauthority.wmo.int/authorities.php?recId=112,,https://public.wmo.int/en
WMO Register of Alerting Authorities,https://alertingauthority.wmo.int/authorities.php?recId=112,HOME,https://public.wmo.int/en
WMO Register of Alerting Authorities,https://alertingauthority.wmo.int/authorities.php?recId=112,WORLDWEATHER,https://worldweather.wmo.int
WMO Register of Alerting Authorities,https://alertingauthority.wmo.int/authorities.php?recId=112,SEVERE WEATHER,https://severeweather.wmo.int
WMO Register of Alerting Authorities,https://alertingauthority.wmo.int/authorities.php?recId=112,Public Weather Services,https://public.wmo.int/en/programmes/public-weather-services-programme
WMO Register of Alerting Authorities,https://alertingauthority.wmo.int/authorities.php?recId=112,please contact us,https://public.wmo.int/en/about-us/contact-us
WMO Register of Alerting Authorities,https://alertingauthority.wmo.int/authorities.php?recId=112,© World Meteorological Organization,https://old.wmo.int/extranet/pages/documents/wmo.vcf
WMO Register of Alerting Authorities,https://alertingauthority.wmo.int/authorities.php?recId=112,Copyright,https://public.wmo.int/en/copyright
WMO Register of Alerting Authorities,https://alertingauthority.wmo.int/authorities.php?recId=112,Privacy Policy,https://public.wmo.int/en/privacy-policy
WMO Register of Alerting Authorities,https://alertingauthority.wmo.int/authorities.php?recId=112,Disclaimer,https://public.wmo.int/en/disclaimer
WMO Register of Alerting Authorities,https://alertingauthority.wmo.int/authorities.php?recId=112,Map disclaimer,https://public.wmo.int/en/disclaimer#mapdisclaimer
WMO Register of Alerting Authorities,https://alertingauthority.wmo.int/authorities.php?recId=113,,https://public.wmo.int/en
WMO Register of Alerting Authorities,https://alertingauthority.wmo.int/authorities.php?recId=113,HOME,https://public.wmo.int/en
WMO Register of Alerting Authorities,https://alertingauthority.wmo.int/authorities.php?recId=113,WORLDWEATHER,https://worldweather.wmo.int
WMO Register of Alerting Authorities,https://alertingauthority.wmo.int/authorities.php?recId=113,SEVERE WEATHER,https://severeweather.wmo.int
WMO Register of Alerting Authorities,https://alertingauthority.wmo.int/authorities.php?recId=113,Public Weather Services,https://public.wmo.int/en/programmes/public-weather-services-programme
WMO Register of Alerting Authorities,https://alertingauthority.wmo.int/authorities.php?recId=113,please contact us,https://public.wmo.int/en/about-us/contact-us
WMO Register of Alerting Authorities,https://alertingauthority.wmo.int/authorities.php?recId=113,http://www.worldweather.org/140/m140.htm,http://www.worldweather.org/140/m140.htm
WMO Register of Alerting Authorities,https://alertingauthority.wmo.int/authorities.php?recId=113,© World Meteorological Organization,https://old.wmo.int/extranet/pages/documents/wmo.vcf
WMO Register of Alerting Authorities,https://alertingauthority.wmo.int/authorities.php?recId=113,Copyright,https://public.wmo.int/en/copyright
WMO Register of Alerting Authorities,https://alertingauthority.wmo.int/authorities.php?recId=113,Privacy Policy,https://public.wmo.int/en/privacy-policy
WMO Register of Alerting Authorities,https://alertingauthority.wmo.int/authorities.php?recId=113,Disclaimer,https://public.wmo.int/en/disclaimer
WMO Register of Alerting Authorities,https://alertingauthority.wmo.int/authorities.php?recId=113,Map disclaimer,https://public.wmo.int/en/disclaimer#mapdisclaimer
WMO Register of Alerting Authorities,https://alertingauthority.wmo.int/authorities.php?recId=114,,https://public.wmo.int/en
WMO Register of Alerting Authorities,https://alertingauthority.wmo.int/authorities.php?recId=114,HOME,https://public.wmo.int/en
WMO Register of Alerting Authorities,https://alertingauthority.wmo.int/authorities.php?recId=114,WORLDWEATHER,https://worldweather.wmo.int
WMO Register of Alerting Authorities,https://alertingauthority.wmo.int/authorities.php?recId=114,SEVERE WEATHER,https://severeweather.wmo.int
WMO Register of Alerting Authorities,https://alertingauthority.wmo.int/authorities.php?recId=114,Public Weather Services,https://public.wmo.int/en/programmes/public-weather-services-programme
WMO Register of Alerting Authorities,https://alertingauthority.wmo.int/authorities.php?recId=114,please contact us,https://public.wmo.int/en/about-us/contact-us
WMO Register of Alerting Authorities,https://alertingauthority.wmo.int/authorities.php?recId=114,https://alerts.metservice.com/cap/rss,https://alerts.metservice.com/cap/rss
WMO Register of Alerting Authorities,https://alertingauthority.wmo.int/authorities.php?recId=114,https://worldweather.wmo.int/en/country.html?countryCode=46,https://worldweather.wmo.int/en/country.html?countryCode=46
WMO Register of Alerting Authorities,https://alertingauthority.wmo.int/authorities.php?recId=114,© World Meteorological Organization,https://old.wmo.int/extranet/pages/documents/wmo.vcf
WMO Register of Alerting Authorities,https://alertingauthority.wmo.int/authorities.php?recId=114,Copyright,https://public.wmo.int/en/copyright
WMO Register of Alerting Authorities,https://alertingauthority.wmo.int/authorities.php?recId=114,Privacy Policy,https://public.wmo.int/en/privacy-policy
WMO Register of Alerting Authorities,https://alertingauthority.wmo.int/authorities.php?recId=114,Disclaimer,https://public.wmo.int/en/disclaimer
WMO Register of Alerting Authorities,https://alertingauthority.wmo.int/authorities.php?recId=114,Map disclaimer,https://public.wmo.int/en/disclaimer#mapdisclaimer
WMO Register of Alerting Authorities,https://alertingauthority.wmo.int/authorities.php?recId=115,,https://public.wmo.int/en
WMO Register of Alerting Authorities,https://alertingauthority.wmo.int/authorities.php?recId=115,HOME,https://public.wmo.int/en
WMO Register of Alerting Authorities,https://alertingauthority.wmo.int/authorities.php?recId=115,WORLDWEATHER,https://worldweather.wmo.int
WMO Register of Alerting Authorities,https://alertingauthority.wmo.int/authorities.php?recId=115,SEVERE WEATHER,https://severeweather.wmo.int
WMO Register of Alerting Authorities,https://alertingauthority.wmo.int/authorities.php?recId=115,Public Weather Services,https://public.wmo.int/en/programmes/public-weather-services-programme
WMO Register of Alerting Authorities,https://alertingauthority.wmo.int/authorities.php?recId=115,please contact us,https://public.wmo.int/en/about-us/contact-us
WMO Register of Alerting Authorities,https://alertingauthority.wmo.int/authorities.php?recId=115,http://www.worldweather.org/182/c00284.htm,http://www.worldweather.org/182/c00284.htm
WMO Register of Alerting Authorities,https://alertingauthority.wmo.int/authorities.php?recId=115,© World Meteorological Organization,https://old.wmo.int/extranet/pages/documents/wmo.vcf
WMO Register of Alerting Authorities,https://alertingauthority.wmo.int/authorities.php?recId=115,Copyright,https://public.wmo.int/en/copyright
WMO Register of Alerting Authorities,https://alertingauthority.wmo.int/authorities.php?recId=115,Privacy Policy,https://public.wmo.int/en/privacy-policy
WMO Register of Alerting Authorities,https://alertingauthority.wmo.int/authorities.php?recId=115,Disclaimer,https://public.wmo.int/en/disclaimer
WMO Register of Alerting Authorities,https://alertingauthority.wmo.int/authorities.php?recId=115,Map disclaimer,https://public.wmo.int/en/disclaimer#mapdisclaimer
WMO Register of Alerting Authorities,https://alertingauthority.wmo.int/authorities.php?recId=116,,https://public.wmo.int/en
WMO Register of Alerting Authorities,https://alertingauthority.wmo.int/authorities.php?recId=116,HOME,https://public.wmo.int/en
WMO Register of Alerting Authorities,https://alertingauthority.wmo.int/authorities.php?recId=116,WORLDWEATHER,https://worldweather.wmo.int
WMO Register of Alerting Authorities,https://alertingauthority.wmo.int/authorities.php?recId=116,SEVERE WEATHER,https://severeweather.wmo.int
WMO Register of Alerting Authorities,https://alertingauthority.wmo.int/authorities.php?recId=116,Public Weather Services,https://public.wmo.int/en/programmes/public-weather-services-programme
WMO Register of Alerting Authorities,https://alertingauthority.wmo.int/authorities.php?recId=116,please contact us,https://public.wmo.int/en/about-us/contact-us
WMO Register of Alerting Authorities,https://alertingauthority.wmo.int/authorities.php?recId=116,© World Meteorological Organization,https://old.wmo.int/extranet/pages/documents/wmo.vcf
WMO Register of Alerting Authorities,https://alertingauthority.wmo.int/authorities.php?recId=116,Copyright,https://public.wmo.int/en/copyright
WMO Register of Alerting Authorities,https://alertingauthority.wmo.int/authorities.php?recId=116,Privacy Policy,https://public.wmo.int/en/privacy-policy
WMO Register of Alerting Authorities,https://alertingauthority.wmo.int/authorities.php?recId=116,Disclaimer,https://public.wmo.int/en/disclaimer
WMO Register of Alerting Authorities,https://alertingauthority.wmo.int/authorities.php?recId=116,Map disclaimer,https://public.wmo.int/en/disclaimer#mapdisclaimer
WMO Register of Alerting Authorities,https://alertingauthority.wmo.int/authorities.php?recId=117,,https://public.wmo.int/en
WMO Register of Alerting Authorities,https://alertingauthority.wmo.int/authorities.php?recId=117,HOME,https://public.wmo.int/en
WMO Register of Alerting Authorities,https://alertingauthority.wmo.int/authorities.php?recId=117,WORLDWEATHER,https://worldweather.wmo.int
WMO Register of Alerting Authorities,https://alertingauthority.wmo.int/authorities.php?recId=117,SEVERE WEATHER,https://severeweather.wmo.int
WMO Register of Alerting Authorities,https://alertingauthority.wmo.int/authorities.php?recId=117,Public Weather Services,https://public.wmo.int/en/programmes/public-weather-services-programme
WMO Register of Alerting Authorities,https://alertingauthority.wmo.int/authorities.php?recId=117,please contact us,https://public.wmo.int/en/about-us/contact-us
WMO Register of Alerting Authorities,https://alertingauthority.wmo.int/authorities.php?recId=117,© World Meteorological Organization,https://old.wmo.int/extranet/pages/documents/wmo.vcf
WMO Register of Alerting Authorities,https://alertingauthority.wmo.int/authorities.php?recId=117,Copyright,https://public.wmo.int/en/copyright
WMO Register of Alerting Authorities,https://alertingauthority.wmo.int/authorities.php?recId=117,Privacy Policy,https://public.wmo.int/en/privacy-policy
WMO Register of Alerting Authorities,https://alertingauthority.wmo.int/authorities.php?recId=117,Disclaimer,https://public.wmo.int/en/disclaimer
WMO Register of Alerting Authorities,https://alertingauthority.wmo.int/authorities.php?recId=117,Map disclaimer,https://public.wmo.int/en/disclaimer#mapdisclaimer
WMO Register of Alerting Authorities,https://alertingauthority.wmo.int/authorities.php?recId=118,,https://public.wmo.int/en
WMO Register of Alerting Authorities,https://alertingauthority.wmo.int/authorities.php?recId=118,HOME,https://public.wmo.int/en
WMO Register of Alerting Authorities,https://alertingauthority.wmo.int/authorities.php?recId=118,WORLDWEATHER,https://worldweather.wmo.int
WMO Register of Alerting Authorities,https://alertingauthority.wmo.int/authorities.php?recId=118,SEVERE WEATHER,https://severeweather.wmo.int
WMO Register of Alerting Authorities,https://alertingauthority.wmo.int/authorities.php?recId=118,Public Weather Services,https://public.wmo.int/en/programmes/public-weather-services-programme
WMO Register of Alerting Authorities,https://alertingauthority.wmo.int/authorities.php?recId=118,please contact us,https://public.wmo.int/en/about-us/contact-us
WMO Register of Alerting Authorities,https://alertingauthority.wmo.int/authorities.php?recId=118,https://www.niger-meteo.ne/api/cap/rss.xml,https://www.niger-meteo.ne/api/cap/rss.xml
WMO Register of Alerting Authorities,https://alertingauthority.wmo.int/authorities.php?recId=118,https://www.niger-meteo.ne,https://www.niger-meteo.ne
WMO Register of Alerting Authorities,https://alertingauthority.wmo.int/authorities.php?recId=118,© World Meteorological Organization,https://old.wmo.int/extranet/pages/documents/wmo.vcf
WMO Register of Alerting Authorities,https://alertingauthority.wmo.int/authorities.php?recId=118,Copyright,https://public.wmo.int/en/copyright
WMO Register of Alerting Authorities,https://alertingauthority.wmo.int/authorities.php?recId=118,Privacy Policy,https://public.wmo.int/en/privacy-policy
WMO Register of Alerting Authorities,https://alertingauthority.wmo.int/authorities.php?recId=118,Disclaimer,https://public.wmo.int/en/disclaimer
WMO Register of Alerting Authorities,https://alertingauthority.wmo.int/authorities.php?recId=118,Map disclaimer,https://public.wmo.int/en/disclaimer#mapdisclaimer
WMO Register of Alerting Authorities,https://alertingauthority.wmo.int/authorities.php?recId=119,,https://public.wmo.int/en
WMO Register of Alerting Authorities,https://alertingauthority.wmo.int/authorities.php?recId=119,HOME,https://public.wmo.int/en
WMO Register of Alerting Authorities,https://alertingauthority.wmo.int/authorities.php?recId=119,WORLDWEATHER,https://worldweather.wmo.int
WMO Register of Alerting Authorities,https://alertingauthority.wmo.int/authorities.php?recId=119,SEVERE WEATHER,https://severeweather.wmo.int
WMO Register of Alerting Authorities,https://alertingauthority.wmo.int/authorities.php?recId=119,Public Weather Services,https://public.wmo.int/en/programmes/public-weather-services-programme
WMO Register of Alerting Authorities,https://alertingauthority.wmo.int/authorities.php?recId=119,please contact us,https://public.wmo.int/en/about-us/contact-us
WMO Register of Alerting Authorities,https://alertingauthority.wmo.int/authorities.php?recId=119,https://cap-sources.s3.amazonaws.com/ng-nimet-en/rss.xml,https://cap-sources.s3.amazonaws.com/ng-nimet-en/rss.xml
WMO Register of Alerting Authorities,https://alertingauthority.wmo.int/authorities.php?recId=119,https://cap-sources.s3.amazonaws.com/ng-nimet-ha/rss.xml,https://cap-sources.s3.amazonaws.com/ng-nimet-ha/rss.xml
WMO Register of Alerting Authorities,https://alertingauthority.wmo.int/authorities.php?recId=119,http://www.worldweather.org/075/m075.htm,http://www.worldweather.org/075/m075.htm
WMO Register of Alerting Authorities,https://alertingauthority.wmo.int/authorities.php?recId=119,© World Meteorological Organization,https://old.wmo.int/extranet/pages/documents/wmo.vcf
WMO Register of Alerting Authorities,https://alertingauthority.wmo.int/authorities.php?recId=119,Copyright,https://public.wmo.int/en/copyright
WMO Register of Alerting Authorities,https://alertingauthority.wmo.int/authorities.php?recId=119,Privacy Policy,https://public.wmo.int/en/privacy-policy
WMO Register of Alerting Authorities,https://alertingauthority.wmo.int/authorities.php?recId=119,Disclaimer,https://public.wmo.int/en/disclaimer
WMO Register of Alerting Authorities,https://alertingauthority.wmo.int/authorities.php?recId=119,Map disclaimer,https://public.wmo.int/en/disclaimer#mapdisclaimer
WMO Register of Alerting Authorities,https://alertingauthority.wmo.int/authorities.php?recId=120,,https://public.wmo.int/en
WMO Register of Alerting Authorities,https://alertingauthority.wmo.int/authorities.php?recId=120,HOME,https://public.wmo.int/en
WMO Register of Alerting Authorities,https://alertingauthority.wmo.int/authorities.php?recId=120,WORLDWEATHER,https://worldweather.wmo.int
WMO Register of Alerting Authorities,https://alertingauthority.wmo.int/authorities.php?recId=120,SEVERE WEATHER,https://severeweather.wmo.int
WMO Register of Alerting Authorities,https://alertingauthority.wmo.int/authorities.php?recId=120,Public Weather Services,https://public.wmo.int/en/programmes/public-weather-services-programme
WMO Register of Alerting Authorities,https://alertingauthority.wmo.int/authorities.php?recId=120,please contact us,https://public.wmo.int/en/about-us/contact-us
WMO Register of Alerting Authorities,https://alertingauthority.wmo.int/authorities.php?recId=120,https://cap.nve.no/,https://cap.nve.no/
WMO Register of Alerting Authorities,https://alertingauthority.wmo.int/authorities.php?recId=120,https://cap.nve.no/,https://cap.nve.no/
WMO Register of Alerting Authorities,https://alertingauthority.wmo.int/authorities.php?recId=120,http://www.varsom.no/,http://www.varsom.no/
WMO Register of Alerting Authorities,https://alertingauthority.wmo.int/authorities.php?recId=120,© World Meteorological Organization,https://old.wmo.int/extranet/pages/documents/wmo.vcf
WMO Register of Alerting Authorities,https://alertingauthority.wmo.int/authorities.php?recId=120,Copyright,https://public.wmo.int/en/copyright
WMO Register of Alerting Authorities,https://alertingauthority.wmo.int/authorities.php?recId=120,Privacy Policy,https://public.wmo.int/en/privacy-policy
WMO Register of Alerting Authorities,https://alertingauthority.wmo.int/authorities.php?recId=120,Disclaimer,https://public.wmo.int/en/disclaimer
WMO Register of Alerting Authorities,https://alertingauthority.wmo.int/authorities.php?recId=120,Map disclaimer,https://public.wmo.int/en/disclaimer#mapdisclaimer
WMO Register of Alerting Authorities,https://alertingauthority.wmo.int/authorities.php?recId=121,,https://public.wmo.int/en
WMO Register of Alerting Authorities,https://alertingauthority.wmo.int/authorities.php?recId=121,HOME,https://public.wmo.int/en
WMO Register of Alerting Authorities,https://alertingauthority.wmo.int/authorities.php?recId=121,WORLDWEATHER,https://worldweather.wmo.int
WMO Register of Alerting Authorities,https://alertingauthority.wmo.int/authorities.php?recId=121,SEVERE WEATHER,https://severeweather.wmo.int
WMO Register of Alerting Authorities,https://alertingauthority.wmo.int/authorities.php?recId=121,Public Weather Services,https://public.wmo.int/en/programmes/public-weather-services-programme
WMO Register of Alerting Authorities,https://alertingauthority.wmo.int/authorities.php?recId=121,please contact us,https://public.wmo.int/en/about-us/contact-us
WMO Register of Alerting Authorities,https://alertingauthority.wmo.int/authorities.php?recId=121,https://alert.met.no/feed?lang=no,https://alert.met.no/feed?lang=no
WMO Register of Alerting Authorities,https://alertingauthority.wmo.int/authorities.php?recId=121,https://alert.met.no/feed?lang=en,https://alert.met.no/feed?lang=en
WMO Register of Alerting Authorities,https://alertingauthority.wmo.int/authorities.php?recId=121,http://www.worldweather.org/008/m008.htm,http://www.worldweather.org/008/m008.htm
WMO Register of Alerting Authorities,https://alertingauthority.wmo.int/authorities.php?recId=121,© World Meteorological Organization,https://old.wmo.int/extranet/pages/documents/wmo.vcf
WMO Register of Alerting Authorities,https://alertingauthority.wmo.int/authorities.php?recId=121,Copyright,https://public.wmo.int/en/copyright
WMO Register of Alerting Authorities,https://alertingauthority.wmo.int/authorities.php?recId=121,Privacy Policy,https://public.wmo.int/en/privacy-policy
WMO Register of Alerting Authorities,https://alertingauthority.wmo.int/authorities.php?recId=121,Disclaimer,https://public.wmo.int/en/disclaimer
WMO Register of Alerting Authorities,https://alertingauthority.wmo.int/authorities.php?recId=121,Map disclaimer,https://public.wmo.int/en/disclaimer#mapdisclaimer
WMO Register of Alerting Authorities,https://alertingauthority.wmo.int/authorities.php?recId=122,,https://public.wmo.int/en
WMO Register of Alerting Authorities,https://alertingauthority.wmo.int/authorities.php?recId=122,HOME,https://public.wmo.int/en
WMO Register of Alerting Authorities,https://alertingauthority.wmo.int/authorities.php?recId=122,WORLDWEATHER,https://worldweather.wmo.int
WMO Register of Alerting Authorities,https://alertingauthority.wmo.int/authorities.php?recId=122,SEVERE WEATHER,https://severeweather.wmo.int
WMO Register of Alerting Authorities,https://alertingauthority.wmo.int/authorities.php?recId=122,Public Weather Services,https://public.wmo.int/en/programmes/public-weather-services-programme
WMO Register of Alerting Authorities,https://alertingauthority.wmo.int/authorities.php?recId=122,please contact us,https://public.wmo.int/en/about-us/contact-us
WMO Register of Alerting Authorities,https://alertingauthority.wmo.int/authorities.php?recId=122,https://cap-sources.s3.amazonaws.com/om-met-ar/rss.xml,https://cap-sources.s3.amazonaws.com/om-met-ar/rss.xml
WMO Register of Alerting Authorities,https://alertingauthority.wmo.int/authorities.php?recId=122,https://cap-sources.s3.amazonaws.com/om-met-en/rss.xml,https://cap-sources.s3.amazonaws.com/om-met-en/rss.xml
WMO Register of Alerting Authorities,https://alertingauthority.wmo.int/authorities.php?recId=122,http://www.worldweather.org/030/m030.htm,http://www.worldweather.org/030/m030.htm
WMO Register of Alerting Authorities,https://alertingauthority.wmo.int/authorities.php?recId=122,© World Meteorological Organization,https://old.wmo.int/extranet/pages/documents/wmo.vcf
WMO Register of Alerting Authorities,https://alertingauthority.wmo.int/authorities.php?recId=122,Copyright,https://public.wmo.int/en/copyright
WMO Register of Alerting Authorities,https://alertingauthority.wmo.int/authorities.php?recId=122,Privacy Policy,https://public.wmo.int/en/privacy-policy
WMO Register of Alerting Authorities,https://alertingauthority.wmo.int/authorities.php?recId=122,Disclaimer,https://public.wmo.int/en/disclaimer
WMO Register of Alerting Authorities,https://alertingauthority.wmo.int/authorities.php?recId=122,Map disclaimer,https://public.wmo.int/en/disclaimer#mapdisclaimer
WMO Register of Alerting Authorities,https://alertingauthority.wmo.int/authorities.php?recId=123,,https://public.wmo.int/en
WMO Register of Alerting Authorities,https://alertingauthority.wmo.int/authorities.php?recId=123,HOME,https://public.wmo.int/en
WMO Register of Alerting Authorities,https://alertingauthority.wmo.int/authorities.php?recId=123,WORLDWEATHER,https://worldweather.wmo.int
WMO Register of Alerting Authorities,https://alertingauthority.wmo.int/authorities.php?recId=123,SEVERE WEATHER,https://severeweather.wmo.int
WMO Register of Alerting Authorities,https://alertingauthority.wmo.int/authorities.php?recId=123,Public Weather Services,https://public.wmo.int/en/programmes/public-weather-services-programme
WMO Register of Alerting Authorities,https://alertingauthority.wmo.int/authorities.php?recId=123,please contact us,https://public.wmo.int/en/about-us/contact-us
WMO Register of Alerting Authorities,https://alertingauthority.wmo.int/authorities.php?recId=123,http://www.worldweather.org/047/m047.htm,http://www.worldweather.org/047/m047.htm
WMO Register of Alerting Authorities,https://alertingauthority.wmo.int/authorities.php?recId=123,© World Meteorological Organization,https://old.wmo.int/extranet/pages/documents/wmo.vcf
WMO Register of Alerting Authorities,https://alertingauthority.wmo.int/authorities.php?recId=123,Copyright,https://public.wmo.int/en/copyright
WMO Register of Alerting Authorities,https://alertingauthority.wmo.int/authorities.php?recId=123,Privacy Policy,https://public.wmo.int/en/privacy-policy
WMO Register of Alerting Authorities,https://alertingauthority.wmo.int/authorities.php?recId=123,Disclaimer,https://public.wmo.int/en/disclaimer
WMO Register of Alerting Authorities,https://alertingauthority.wmo.int/authorities.php?recId=123,Map disclaimer,https://public.wmo.int/en/disclaimer#mapdisclaimer
WMO Register of Alerting Authorities,https://alertingauthority.wmo.int/authorities.php?recId=124,,https://public.wmo.int/en
WMO Register of Alerting Authorities,https://alertingauthority.wmo.int/authorities.php?recId=124,HOME,https://public.wmo.int/en
WMO Register of Alerting Authorities,https://alertingauthority.wmo.int/authorities.php?recId=124,WORLDWEATHER,https://worldweather.wmo.int
WMO Register of Alerting Authorities,https://alertingauthority.wmo.int/authorities.php?recId=124,SEVERE WEATHER,https://severeweather.wmo.int
WMO Register of Alerting Authorities,https://alertingauthority.wmo.int/authorities.php?recId=124,Public Weather Services,https://public.wmo.int/en/programmes/public-weather-services-programme
WMO Register of Alerting Authorities,https://alertingauthority.wmo.int/authorities.php?recId=124,please contact us,https://public.wmo.int/en/about-us/contact-us
WMO Register of Alerting Authorities,https://alertingauthority.wmo.int/authorities.php?recId=124,https://cap-sources.s3.amazonaws.com/pa-imhpa-es/rss.xml,https://cap-sources.s3.amazonaws.com/pa-imhpa-es/rss.xml
WMO Register of Alerting Authorities,https://alertingauthority.wmo.int/authorities.php?recId=124,© World Meteorological Organization,https://old.wmo.int/extranet/pages/documents/wmo.vcf
WMO Register of Alerting Authorities,https://alertingauthority.wmo.int/authorities.php?recId=124,Copyright,https://public.wmo.int/en/copyright
WMO Register of Alerting Authorities,https://alertingauthority.wmo.int/authorities.php?recId=124,Privacy Policy,https://public.wmo.int/en/privacy-policy
WMO Register of Alerting Authorities,https://alertingauthority.wmo.int/authorities.php?recId=124,Disclaimer,https://public.wmo.int/en/disclaimer
WMO Register of Alerting Authorities,https://alertingauthority.wmo.int/authorities.php?recId=124,Map disclaimer,https://public.wmo.int/en/disclaimer#mapdisclaimer
WMO Register of Alerting Authorities,https://alertingauthority.wmo.int/authorities.php?recId=125,,https://public.wmo.int/en
WMO Register of Alerting Authorities,https://alertingauthority.wmo.int/authorities.php?recId=125,HOME,https://public.wmo.int/en
WMO Register of Alerting Authorities,https://alertingauthority.wmo.int/authorities.php?recId=125,WORLDWEATHER,https://worldweather.wmo.int
WMO Register of Alerting Authorities,https://alertingauthority.wmo.int/authorities.php?recId=125,SEVERE WEATHER,https://severeweather.wmo.int
WMO Register of Alerting Authorities,https://alertingauthority.wmo.int/authorities.php?recId=125,Public Weather Services,https://public.wmo.int/en/programmes/public-weather-services-programme
WMO Register of Alerting Authorities,https://alertingauthority.wmo.int/authorities.php?recId=125,please contact us,https://public.wmo.int/en/about-us/contact-us
WMO Register of Alerting Authorities,https://alertingauthority.wmo.int/authorities.php?recId=125,https://cap-sources.s3.amazonaws.com/py-dmh-es/rss.xml,https://cap-sources.s3.amazonaws.com/py-dmh-es/rss.xml
WMO Register of Alerting Authorities,https://alertingauthority.wmo.int/authorities.php?recId=125,http://www.worldweather.org/138/m138.htm,http://www.worldweather.org/138/m138.htm
WMO Register of Alerting Authorities,https://alertingauthority.wmo.int/authorities.php?recId=125,© World Meteorological Organization,https://old.wmo.int/extranet/pages/documents/wmo.vcf
WMO Register of Alerting Authorities,https://alertingauthority.wmo.int/authorities.php?recId=125,Copyright,https://public.wmo.int/en/copyright
WMO Register of Alerting Authorities,https://alertingauthority.wmo.int/authorities.php?recId=125,Privacy Policy,https://public.wmo.int/en/privacy-policy
WMO Register of Alerting Authorities,https://alertingauthority.wmo.int/authorities.php?recId=125,Disclaimer,https://public.wmo.int/en/disclaimer
WMO Register of Alerting Authorities,https://alertingauthority.wmo.int/authorities.php?recId=125,Map disclaimer,https://public.wmo.int/en/disclaimer#mapdisclaimer
WMO Register of Alerting Authorities,https://alertingauthority.wmo.int/authorities.php?recId=126,,https://public.wmo.int/en
WMO Register of Alerting Authorities,https://alertingauthority.wmo.int/authorities.php?recId=126,HOME,https://public.wmo.int/en
WMO Register of Alerting Authorities,https://alertingauthority.wmo.int/authorities.php?recId=126,WORLDWEATHER,https://worldweather.wmo.int
WMO Register of Alerting Authorities,https://alertingauthority.wmo.int/authorities.php?recId=126,SEVERE WEATHER,https://severeweather.wmo.int
WMO Register of Alerting Authorities,https://alertingauthority.wmo.int/authorities.php?recId=126,Public Weather Services,https://public.wmo.int/en/programmes/public-weather-services-programme
WMO Register of Alerting Authorities,https://alertingauthority.wmo.int/authorities.php?recId=126,please contact us,https://public.wmo.int/en/about-us/contact-us
WMO Register of Alerting Authorities,https://alertingauthority.wmo.int/authorities.php?recId=126,http://www.worldweather.org/029/m029.htm,http://www.worldweather.org/029/m029.htm
WMO Register of Alerting Authorities,https://alertingauthority.wmo.int/authorities.php?recId=126,© World Meteorological Organization,https://old.wmo.int/extranet/pages/documents/wmo.vcf
WMO Register of Alerting Authorities,https://alertingauthority.wmo.int/authorities.php?recId=126,Copyright,https://public.wmo.int/en/copyright
WMO Register of Alerting Authorities,https://alertingauthority.wmo.int/authorities.php?recId=126,Privacy Policy,https://public.wmo.int/en/privacy-policy
WMO Register of Alerting Authorities,https://alertingauthority.wmo.int/authorities.php?recId=126,Disclaimer,https://public.wmo.int/en/disclaimer
WMO Register of Alerting Authorities,https://alertingauthority.wmo.int/authorities.php?recId=126,Map disclaimer,https://public.wmo.int/en/disclaimer#mapdisclaimer
WMO Register of Alerting Authorities,https://alertingauthority.wmo.int/authorities.php?recId=127,,https://public.wmo.int/en
WMO Register of Alerting Authorities,https://alertingauthority.wmo.int/authorities.php?recId=127,HOME,https://public.wmo.int/en
WMO Register of Alerting Authorities,https://alertingauthority.wmo.int/authorities.php?recId=127,WORLDWEATHER,https://worldweather.wmo.int
WMO Register of Alerting Authorities,https://alertingauthority.wmo.int/authorities.php?recId=127,SEVERE WEATHER,https://severeweather.wmo.int
WMO Register of Alerting Authorities,https://alertingauthority.wmo.int/authorities.php?recId=127,Public Weather Services,https://public.wmo.int/en/programmes/public-weather-services-programme
WMO Register of Alerting Authorities,https://alertingauthority.wmo.int/authorities.php?recId=127,please contact us,https://public.wmo.int/en/about-us/contact-us
WMO Register of Alerting Authorities,https://alertingauthority.wmo.int/authorities.php?recId=127,https://publicalert.pagasa.dost.gov.ph/feeds/,https://publicalert.pagasa.dost.gov.ph/feeds/
WMO Register of Alerting Authorities,https://alertingauthority.wmo.int/authorities.php?recId=127,http://www.worldweather.org/021/m021.htm,http://www.worldweather.org/021/m021.htm
WMO Register of Alerting Authorities,https://alertingauthority.wmo.int/authorities.php?recId=127,© World Meteorological Organization,https://old.wmo.int/extranet/pages/documents/wmo.vcf
WMO Register of Alerting Authorities,https://alertingauthority.wmo.int/authorities.php?recId=127,Copyright,https://public.wmo.int/en/copyright
WMO Register of Alerting Authorities,https://alertingauthority.wmo.int/authorities.php?recId=127,Privacy Policy,https://public.wmo.int/en/privacy-policy
WMO Register of Alerting Authorities,https://alertingauthority.wmo.int/authorities.php?recId=127,Disclaimer,https://public.wmo.int/en/disclaimer
WMO Register of Alerting Authorities,https://alertingauthority.wmo.int/authorities.php?recId=127,Map disclaimer,https://public.wmo.int/en/disclaimer#mapdisclaimer
WMO Register of Alerting Authorities,https://alertingauthority.wmo.int/authorities.php?recId=128,,https://public.wmo.int/en
WMO Register of Alerting Authorities,https://alertingauthority.wmo.int/authorities.php?recId=128,HOME,https://public.wmo.int/en
WMO Register of Alerting Authorities,https://alertingauthority.wmo.int/authorities.php?recId=128,WORLDWEATHER,https://worldweather.wmo.int
WMO Register of Alerting Authorities,https://alertingauthority.wmo.int/authorities.php?recId=128,SEVERE WEATHER,https://severeweather.wmo.int
WMO Register of Alerting Authorities,https://alertingauthority.wmo.int/authorities.php?recId=128,Public Weather Services,https://public.wmo.int/en/programmes/public-weather-services-programme
WMO Register of Alerting Authorities,https://alertingauthority.wmo.int/authorities.php?recId=128,please contact us,https://public.wmo.int/en/about-us/contact-us
WMO Register of Alerting Authorities,https://alertingauthority.wmo.int/authorities.php?recId=128,http://www.worldweather.org/009/m009.htm,http://www.worldweather.org/009/m009.htm
WMO Register of Alerting Authorities,https://alertingauthority.wmo.int/authorities.php?recId=128,© World Meteorological Organization,https://old.wmo.int/extranet/pages/documents/wmo.vcf
WMO Register of Alerting Authorities,https://alertingauthority.wmo.int/authorities.php?recId=128,Copyright,https://public.wmo.int/en/copyright
WMO Register of Alerting Authorities,https://alertingauthority.wmo.int/authorities.php?recId=128,Privacy Policy,https://public.wmo.int/en/privacy-policy
WMO Register of Alerting Authorities,https://alertingauthority.wmo.int/authorities.php?recId=128,Disclaimer,https://public.wmo.int/en/disclaimer
WMO Register of Alerting Authorities,https://alertingauthority.wmo.int/authorities.php?recId=128,Map disclaimer,https://public.wmo.int/en/disclaimer#mapdisclaimer
WMO Register of Alerting Authorities,https://alertingauthority.wmo.int/authorities.php?recId=129,,https://public.wmo.int/en
WMO Register of Alerting Authorities,https://alertingauthority.wmo.int/authorities.php?recId=129,HOME,https://public.wmo.int/en
WMO Register of Alerting Authorities,https://alertingauthority.wmo.int/authorities.php?recId=129,WORLDWEATHER,https://worldweather.wmo.int
WMO Register of Alerting Authorities,https://alertingauthority.wmo.int/authorities.php?recId=129,SEVERE WEATHER,https://severeweather.wmo.int
WMO Register of Alerting Authorities,https://alertingauthority.wmo.int/authorities.php?recId=129,Public Weather Services,https://public.wmo.int/en/programmes/public-weather-services-programme
WMO Register of Alerting Authorities,https://alertingauthority.wmo.int/authorities.php?recId=129,please contact us,https://public.wmo.int/en/about-us/contact-us
WMO Register of Alerting Authorities,https://alertingauthority.wmo.int/authorities.php?recId=129,https://feeds.meteoalarm.org/feeds/meteoalarm-legacy-atom-portugal,https://feeds.meteoalarm.org/feeds/meteoalarm-legacy-atom-portugal
WMO Register of Alerting Authorities,https://alertingauthority.wmo.int/authorities.php?recId=129,https://feeds.meteoalarm.org/feeds/meteoalarm-legacy-atom-portugal,https://feeds.meteoalarm.org/feeds/meteoalarm-legacy-atom-portugal
WMO Register of Alerting Authorities,https://alertingauthority.wmo.int/authorities.php?recId=129,https://worldweather.wmo.int/en/country.html?countryCode=3,https://worldweather.wmo.int/en/country.html?countryCode=3
WMO Register of Alerting Authorities,https://alertingauthority.wmo.int/authorities.php?recId=129,© World Meteorological Organization,https://old.wmo.int/extranet/pages/documents/wmo.vcf
WMO Register of Alerting Authorities,https://alertingauthority.wmo.int/authorities.php?recId=129,Copyright,https://public.wmo.int/en/copyright
WMO Register of Alerting Authorities,https://alertingauthority.wmo.int/authorities.php?recId=129,Privacy Policy,https://public.wmo.int/en/privacy-policy
WMO Register of Alerting Authorities,https://alertingauthority.wmo.int/authorities.php?recId=129,Disclaimer,https://public.wmo.int/en/disclaimer
WMO Register of Alerting Authorities,https://alertingauthority.wmo.int/authorities.php?recId=129,Map disclaimer,https://public.wmo.int/en/disclaimer#mapdisclaimer
WMO Register of Alerting Authorities,https://alertingauthority.wmo.int/authorities.php?recId=130,,https://public.wmo.int/en
WMO Register of Alerting Authorities,https://alertingauthority.wmo.int/authorities.php?recId=130,HOME,https://public.wmo.int/en
WMO Register of Alerting Authorities,https://alertingauthority.wmo.int/authorities.php?recId=130,WORLDWEATHER,https://worldweather.wmo.int
WMO Register of Alerting Authorities,https://alertingauthority.wmo.int/authorities.php?recId=130,SEVERE WEATHER,https://severeweather.wmo.int
WMO Register of Alerting Authorities,https://alertingauthority.wmo.int/authorities.php?recId=130,Public Weather Services,https://public.wmo.int/en/programmes/public-weather-services-programme
WMO Register of Alerting Authorities,https://alertingauthority.wmo.int/authorities.php?recId=130,please contact us,https://public.wmo.int/en/about-us/contact-us
WMO Register of Alerting Authorities,https://alertingauthority.wmo.int/authorities.php?recId=130,https://cap-sources.s3.amazonaws.com/qa-caa-ar/rss.xml,https://cap-sources.s3.amazonaws.com/qa-caa-ar/rss.xml
WMO Register of Alerting Authorities,https://alertingauthority.wmo.int/authorities.php?recId=130,https://cap-sources.s3.amazonaws.com/qa-caa-en/rss.xml,https://cap-sources.s3.amazonaws.com/qa-caa-en/rss.xml
WMO Register of Alerting Authorities,https://alertingauthority.wmo.int/authorities.php?recId=130,http://www.worldweather.org/116/c00221.htm,http://www.worldweather.org/116/c00221.htm
WMO Register of Alerting Authorities,https://alertingauthority.wmo.int/authorities.php?recId=130,© World Meteorological Organization,https://old.wmo.int/extranet/pages/documents/wmo.vcf
WMO Register of Alerting Authorities,https://alertingauthority.wmo.int/authorities.php?recId=130,Copyright,https://public.wmo.int/en/copyright
WMO Register of Alerting Authorities,https://alertingauthority.wmo.int/authorities.php?recId=130,Privacy Policy,https://public.wmo.int/en/privacy-policy
WMO Register of Alerting Authorities,https://alertingauthority.wmo.int/authorities.php?recId=130,Disclaimer,https://public.wmo.int/en/disclaimer
WMO Register of Alerting Authorities,https://alertingauthority.wmo.int/authorities.php?recId=130,Map disclaimer,https://public.wmo.int/en/disclaimer#mapdisclaimer
WMO Register of Alerting Authorities,https://alertingauthority.wmo.int/authorities.php?recId=131,,https://public.wmo.int/en
WMO Register of Alerting Authorities,https://alertingauthority.wmo.int/authorities.php?recId=131,HOME,https://public.wmo.int/en
WMO Register of Alerting Authorities,https://alertingauthority.wmo.int/authorities.php?recId=131,WORLDWEATHER,https://worldweather.wmo.int
WMO Register of Alerting Authorities,https://alertingauthority.wmo.int/authorities.php?recId=131,SEVERE WEATHER,https://severeweather.wmo.int
WMO Register of Alerting Authorities,https://alertingauthority.wmo.int/authorities.php?recId=131,Public Weather Services,https://public.wmo.int/en/programmes/public-weather-services-programme
WMO Register of Alerting Authorities,https://alertingauthority.wmo.int/authorities.php?recId=131,please contact us,https://public.wmo.int/en/about-us/contact-us
WMO Register of Alerting Authorities,https://alertingauthority.wmo.int/authorities.php?recId=131,https://www.weather.go.kr/w/rss/cap/warning.do,https://www.weather.go.kr/w/rss/cap/warning.do
WMO Register of Alerting Authorities,https://alertingauthority.wmo.int/authorities.php?recId=131,https://www.weather.go.kr/w/rss/cap/eqk.do,https://www.weather.go.kr/w/rss/cap/eqk.do
WMO Register of Alerting Authorities,https://alertingauthority.wmo.int/authorities.php?recId=131,http://www.worldweather.org/095/m095.htm,http://www.worldweather.org/095/m095.htm
WMO Register of Alerting Authorities,https://alertingauthority.wmo.int/authorities.php?recId=131,© World Meteorological Organization,https://old.wmo.int/extranet/pages/documents/wmo.vcf
WMO Register of Alerting Authorities,https://alertingauthority.wmo.int/authorities.php?recId=131,Copyright,https://public.wmo.int/en/copyright
WMO Register of Alerting Authorities,https://alertingauthority.wmo.int/authorities.php?recId=131,Privacy Policy,https://public.wmo.int/en/privacy-policy
WMO Register of Alerting Authorities,https://alertingauthority.wmo.int/authorities.php?recId=131,Disclaimer,https://public.wmo.int/en/disclaimer
WMO Register of Alerting Authorities,https://alertingauthority.wmo.int/authorities.php?recId=131,Map disclaimer,https://public.wmo.int/en/disclaimer#mapdisclaimer
WMO Register of Alerting Authorities,https://alertingauthority.wmo.int/authorities.php?recId=132,,https://public.wmo.int/en
WMO Register of Alerting Authorities,https://alertingauthority.wmo.int/authorities.php?recId=132,HOME,https://public.wmo.int/en
WMO Register of Alerting Authorities,https://alertingauthority.wmo.int/authorities.php?recId=132,WORLDWEATHER,https://worldweather.wmo.int
WMO Register of Alerting Authorities,https://alertingauthority.wmo.int/authorities.php?recId=132,SEVERE WEATHER,https://severeweather.wmo.int
WMO Register of Alerting Authorities,https://alertingauthority.wmo.int/authorities.php?recId=132,Public Weather Services,https://public.wmo.int/en/programmes/public-weather-services-programme
WMO Register of Alerting Authorities,https://alertingauthority.wmo.int/authorities.php?recId=132,please contact us,https://public.wmo.int/en/about-us/contact-us
WMO Register of Alerting Authorities,https://alertingauthority.wmo.int/authorities.php?recId=132,http://www.worldweather.org/108/m108.htm,http://www.worldweather.org/108/m108.htm
WMO Register of Alerting Authorities,https://alertingauthority.wmo.int/authorities.php?recId=132,© World Meteorological Organization,https://old.wmo.int/extranet/pages/documents/wmo.vcf
WMO Register of Alerting Authorities,https://alertingauthority.wmo.int/authorities.php?recId=132,Copyright,https://public.wmo.int/en/copyright
WMO Register of Alerting Authorities,https://alertingauthority.wmo.int/authorities.php?recId=132,Privacy Policy,https://public.wmo.int/en/privacy-policy
WMO Register of Alerting Authorities,https://alertingauthority.wmo.int/authorities.php?recId=132,Disclaimer,https://public.wmo.int/en/disclaimer
WMO Register of Alerting Authorities,https://alertingauthority.wmo.int/authorities.php?recId=132,Map disclaimer,https://public.wmo.int/en/disclaimer#mapdisclaimer
WMO Register of Alerting Authorities,https://alertingauthority.wmo.int/authorities.php?recId=133,,https://public.wmo.int/en
WMO Register of Alerting Authorities,https://alertingauthority.wmo.int/authorities.php?recId=133,HOME,https://public.wmo.int/en
WMO Register of Alerting Authorities,https://alertingauthority.wmo.int/authorities.php?recId=133,WORLDWEATHER,https://worldweather.wmo.int
WMO Register of Alerting Authorities,https://alertingauthority.wmo.int/authorities.php?recId=133,SEVERE WEATHER,https://severeweather.wmo.int
WMO Register of Alerting Authorities,https://alertingauthority.wmo.int/authorities.php?recId=133,Public Weather Services,https://public.wmo.int/en/programmes/public-weather-services-programme
WMO Register of Alerting Authorities,https://alertingauthority.wmo.int/authorities.php?recId=133,please contact us,https://public.wmo.int/en/about-us/contact-us
WMO Register of Alerting Authorities,https://alertingauthority.wmo.int/authorities.php?recId=133,https://cap-sources.s3.amazonaws.com/ye-yms-ar/rss.xml,https://cap-sources.s3.amazonaws.com/ye-yms-ar/rss.xml
WMO Register of Alerting Authorities,https://alertingauthority.wmo.int/authorities.php?recId=133,© World Meteorological Organization,https://old.wmo.int/extranet/pages/documents/wmo.vcf
WMO Register of Alerting Authorities,https://alertingauthority.wmo.int/authorities.php?recId=133,Copyright,https://public.wmo.int/en/copyright
WMO Register of Alerting Authorities,https://alertingauthority.wmo.int/authorities.php?recId=133,Privacy Policy,https://public.wmo.int/en/privacy-policy
WMO Register of Alerting Authorities,https://alertingauthority.wmo.int/authorities.php?recId=133,Disclaimer,https://public.wmo.int/en/disclaimer
WMO Register of Alerting Authorities,https://alertingauthority.wmo.int/authorities.php?recId=133,Map disclaimer,https://public.wmo.int/en/disclaimer#mapdisclaimer
WMO Register of Alerting Authorities,https://alertingauthority.wmo.int/authorities.php?recId=134,,https://public.wmo.int/en
WMO Register of Alerting Authorities,https://alertingauthority.wmo.int/authorities.php?recId=134,HOME,https://public.wmo.int/en
WMO Register of Alerting Authorities,https://alertingauthority.wmo.int/authorities.php?recId=134,WORLDWEATHER,https://worldweather.wmo.int
WMO Register of Alerting Authorities,https://alertingauthority.wmo.int/authorities.php?recId=134,SEVERE WEATHER,https://severeweather.wmo.int
WMO Register of Alerting Authorities,https://alertingauthority.wmo.int/authorities.php?recId=134,Public Weather Services,https://public.wmo.int/en/programmes/public-weather-services-programme
WMO Register of Alerting Authorities,https://alertingauthority.wmo.int/authorities.php?recId=134,please contact us,https://public.wmo.int/en/about-us/contact-us
WMO Register of Alerting Authorities,https://alertingauthority.wmo.int/authorities.php?recId=134,© World Meteorological Organization,https://old.wmo.int/extranet/pages/documents/wmo.vcf
WMO Register of Alerting Authorities,https://alertingauthority.wmo.int/authorities.php?recId=134,Copyright,https://public.wmo.int/en/copyright
WMO Register of Alerting Authorities,https://alertingauthority.wmo.int/authorities.php?recId=134,Privacy Policy,https://public.wmo.int/en/privacy-policy
WMO Register of Alerting Authorities,https://alertingauthority.wmo.int/authorities.php?recId=134,Disclaimer,https://public.wmo.int/en/disclaimer
WMO Register of Alerting Authorities,https://alertingauthority.wmo.int/authorities.php?recId=134,Map disclaimer,https://public.wmo.int/en/disclaimer#mapdisclaimer
WMO Register of Alerting Authorities,https://alertingauthority.wmo.int/authorities.php?recId=135,,https://public.wmo.int/en
WMO Register of Alerting Authorities,https://alertingauthority.wmo.int/authorities.php?recId=135,HOME,https://public.wmo.int/en
WMO Register of Alerting Authorities,https://alertingauthority.wmo.int/authorities.php?recId=135,WORLDWEATHER,https://worldweather.wmo.int
WMO Register of Alerting Authorities,https://alertingauthority.wmo.int/authorities.php?recId=135,SEVERE WEATHER,https://severeweather.wmo.int
WMO Register of Alerting Authorities,https://alertingauthority.wmo.int/authorities.php?recId=135,Public Weather Services,https://public.wmo.int/en/programmes/public-weather-services-programme
WMO Register of Alerting Authorities,https://alertingauthority.wmo.int/authorities.php?recId=135,please contact us,https://public.wmo.int/en/about-us/contact-us
WMO Register of Alerting Authorities,https://alertingauthority.wmo.int/authorities.php?recId=135,http://meteoalarm.eu/ATOM/RO.xml,http://meteoalarm.eu/ATOM/RO.xml
WMO Register of Alerting Authorities,https://alertingauthority.wmo.int/authorities.php?recId=135,http://www.worldweather.org/183/c00200.htm,http://www.worldweather.org/183/c00200.htm
WMO Register of Alerting Authorities,https://alertingauthority.wmo.int/authorities.php?recId=135,© World Meteorological Organization,https://old.wmo.int/extranet/pages/documents/wmo.vcf
WMO Register of Alerting Authorities,https://alertingauthority.wmo.int/authorities.php?recId=135,Copyright,https://public.wmo.int/en/copyright
WMO Register of Alerting Authorities,https://alertingauthority.wmo.int/authorities.php?recId=135,Privacy Policy,https://public.wmo.int/en/privacy-policy
WMO Register of Alerting Authorities,https://alertingauthority.wmo.int/authorities.php?recId=135,Disclaimer,https://public.wmo.int/en/disclaimer
WMO Register of Alerting Authorities,https://alertingauthority.wmo.int/authorities.php?recId=135,Map disclaimer,https://public.wmo.int/en/disclaimer#mapdisclaimer
WMO Register of Alerting Authorities,https://alertingauthority.wmo.int/authorities.php?recId=136,,https://public.wmo.int/en
WMO Register of Alerting Authorities,https://alertingauthority.wmo.int/authorities.php?recId=136,HOME,https://public.wmo.int/en
WMO Register of Alerting Authorities,https://alertingauthority.wmo.int/authorities.php?recId=136,WORLDWEATHER,https://worldweather.wmo.int
WMO Register of Alerting Authorities,https://alertingauthority.wmo.int/authorities.php?recId=136,SEVERE WEATHER,https://severeweather.wmo.int
WMO Register of Alerting Authorities,https://alertingauthority.wmo.int/authorities.php?recId=136,Public Weather Services,https://public.wmo.int/en/programmes/public-weather-services-programme
WMO Register of Alerting Authorities,https://alertingauthority.wmo.int/authorities.php?recId=136,please contact us,https://public.wmo.int/en/about-us/contact-us
WMO Register of Alerting Authorities,https://alertingauthority.wmo.int/authorities.php?recId=136,https://meteoinfo.ru/hmc-output/cap/cap-feed/ru/atom.xml,https://meteoinfo.ru/hmc-output/cap/cap-feed/ru/atom.xml
WMO Register of Alerting Authorities,https://alertingauthority.wmo.int/authorities.php?recId=136,https://meteoinfo.ru/hmc-output/cap/cap-feed/en/atom.xml,https://meteoinfo.ru/hmc-output/cap/cap-feed/en/atom.xml
WMO Register of Alerting Authorities,https://alertingauthority.wmo.int/authorities.php?recId=136,http://www.worldweather.org/107/m107.htm,http://www.worldweather.org/107/m107.htm
WMO Register of Alerting Authorities,https://alertingauthority.wmo.int/authorities.php?recId=136,© World Meteorological Organization,https://old.wmo.int/extranet/pages/documents/wmo.vcf
WMO Register of Alerting Authorities,https://alertingauthority.wmo.int/authorities.php?recId=136,Copyright,https://public.wmo.int/en/copyright
WMO Register of Alerting Authorities,https://alertingauthority.wmo.int/authorities.php?recId=136,Privacy Policy,https://public.wmo.int/en/privacy-policy
WMO Register of Alerting Authorities,https://alertingauthority.wmo.int/authorities.php?recId=136,Disclaimer,https://public.wmo.int/en/disclaimer
WMO Register of Alerting Authorities,https://alertingauthority.wmo.int/authorities.php?recId=136,Map disclaimer,https://public.wmo.int/en/disclaimer#mapdisclaimer
WMO Register of Alerting Authorities,https://alertingauthority.wmo.int/authorities.php?recId=137,,https://public.wmo.int/en
WMO Register of Alerting Authorities,https://alertingauthority.wmo.int/authorities.php?recId=137,HOME,https://public.wmo.int/en
WMO Register of Alerting Authorities,https://alertingauthority.wmo.int/authorities.php?recId=137,WORLDWEATHER,https://worldweather.wmo.int
WMO Register of Alerting Authorities,https://alertingauthority.wmo.int/authorities.php?recId=137,SEVERE WEATHER,https://severeweather.wmo.int
WMO Register of Alerting Authorities,https://alertingauthority.wmo.int/authorities.php?recId=137,Public Weather Services,https://public.wmo.int/en/programmes/public-weather-services-programme
WMO Register of Alerting Authorities,https://alertingauthority.wmo.int/authorities.php?recId=137,please contact us,https://public.wmo.int/en/about-us/contact-us
WMO Register of Alerting Authorities,https://alertingauthority.wmo.int/authorities.php?recId=137,http://www.worldweather.org/127/c00254.htm,http://www.worldweather.org/127/c00254.htm
WMO Register of Alerting Authorities,https://alertingauthority.wmo.int/authorities.php?recId=137,© World Meteorological Organization,https://old.wmo.int/extranet/pages/documents/wmo.vcf
WMO Register of Alerting Authorities,https://alertingauthority.wmo.int/authorities.php?recId=137,Copyright,https://public.wmo.int/en/copyright
WMO Register of Alerting Authorities,https://alertingauthority.wmo.int/authorities.php?recId=137,Privacy Policy,https://public.wmo.int/en/privacy-policy
WMO Register of Alerting Authorities,https://alertingauthority.wmo.int/authorities.php?recId=137,Disclaimer,https://public.wmo.int/en/disclaimer
WMO Register of Alerting Authorities,https://alertingauthority.wmo.int/authorities.php?recId=137,Map disclaimer,https://public.wmo.int/en/disclaimer#mapdisclaimer
WMO Register of Alerting Authorities,https://alertingauthority.wmo.int/authorities.php?recId=138,,https://public.wmo.int/en
WMO Register of Alerting Authorities,https://alertingauthority.wmo.int/authorities.php?recId=138,HOME,https://public.wmo.int/en
WMO Register of Alerting Authorities,https://alertingauthority.wmo.int/authorities.php?recId=138,WORLDWEATHER,https://worldweather.wmo.int
WMO Register of Alerting Authorities,https://alertingauthority.wmo.int/authorities.php?recId=138,SEVERE WEATHER,https://severeweather.wmo.int
WMO Register of Alerting Authorities,https://alertingauthority.wmo.int/authorities.php?recId=138,Public Weather Services,https://public.wmo.int/en/programmes/public-weather-services-programme
WMO Register of Alerting Authorities,https://alertingauthority.wmo.int/authorities.php?recId=138,please contact us,https://public.wmo.int/en/about-us/contact-us
WMO Register of Alerting Authorities,https://alertingauthority.wmo.int/authorities.php?recId=138,https://saint-lucia.cap-composer.wiscaribbeancmo.org/api/cap/rss.xml,https://saint-lucia.cap-composer.wiscaribbeancmo.org/api/cap/rss.xml
WMO Register of Alerting Authorities,https://alertingauthority.wmo.int/authorities.php?recId=138,http://www.worldweather.org/164/m164.htm,http://www.worldweather.org/164/m164.htm
WMO Register of Alerting Authorities,https://alertingauthority.wmo.int/authorities.php?recId=138,© World Meteorological Organization,https://old.wmo.int/extranet/pages/documents/wmo.vcf
WMO Register of Alerting Authorities,https://alertingauthority.wmo.int/authorities.php?recId=138,Copyright,https://public.wmo.int/en/copyright
WMO Register of Alerting Authorities,https://alertingauthority.wmo.int/authorities.php?recId=138,Privacy Policy,https://public.wmo.int/en/privacy-policy
WMO Register of Alerting Authorities,https://alertingauthority.wmo.int/authorities.php?recId=138,Disclaimer,https://public.wmo.int/en/disclaimer
WMO Register of Alerting Authorities,https://alertingauthority.wmo.int/authorities.php?recId=138,Map disclaimer,https://public.wmo.int/en/disclaimer#mapdisclaimer
WMO Register of Alerting Authorities,https://alertingauthority.wmo.int/authorities.php?recId=139,,https://public.wmo.int/en
WMO Register of Alerting Authorities,https://alertingauthority.wmo.int/authorities.php?recId=139,HOME,https://public.wmo.int/en
WMO Register of Alerting Authorities,https://alertingauthority.wmo.int/authorities.php?recId=139,WORLDWEATHER,https://worldweather.wmo.int
WMO Register of Alerting Authorities,https://alertingauthority.wmo.int/authorities.php?recId=139,SEVERE WEATHER,https://severeweather.wmo.int
WMO Register of Alerting Authorities,https://alertingauthority.wmo.int/authorities.php?recId=139,Public Weather Services,https://public.wmo.int/en/programmes/public-weather-services-programme
WMO Register of Alerting Authorities,https://alertingauthority.wmo.int/authorities.php?recId=139,please contact us,https://public.wmo.int/en/about-us/contact-us
WMO Register of Alerting Authorities,https://alertingauthority.wmo.int/authorities.php?recId=139,http://www.worldweather.org/184/c01230.htm,http://www.worldweather.org/184/c01230.htm
WMO Register of Alerting Authorities,https://alertingauthority.wmo.int/authorities.php?recId=139,© World Meteorological Organization,https://old.wmo.int/extranet/pages/documents/wmo.vcf
WMO Register of Alerting Authorities,https://alertingauthority.wmo.int/authorities.php?recId=139,Copyright,https://public.wmo.int/en/copyright
WMO Register of Alerting Authorities,https://alertingauthority.wmo.int/authorities.php?recId=139,Privacy Policy,https://public.wmo.int/en/privacy-policy
WMO Register of Alerting Authorities,https://alertingauthority.wmo.int/authorities.php?recId=139,Disclaimer,https://public.wmo.int/en/disclaimer
WMO Register of Alerting Authorities,https://alertingauthority.wmo.int/authorities.php?recId=139,Map disclaimer,https://public.wmo.int/en/disclaimer#mapdisclaimer
WMO Register of Alerting Authorities,https://alertingauthority.wmo.int/authorities.php?recId=140,,https://public.wmo.int/en
WMO Register of Alerting Authorities,https://alertingauthority.wmo.int/authorities.php?recId=140,HOME,https://public.wmo.int/en
WMO Register of Alerting Authorities,https://alertingauthority.wmo.int/authorities.php?recId=140,WORLDWEATHER,https://worldweather.wmo.int
WMO Register of Alerting Authorities,https://alertingauthority.wmo.int/authorities.php?recId=140,SEVERE WEATHER,https://severeweather.wmo.int
WMO Register of Alerting Authorities,https://alertingauthority.wmo.int/authorities.php?recId=140,Public Weather Services,https://public.wmo.int/en/programmes/public-weather-services-programme
WMO Register of Alerting Authorities,https://alertingauthority.wmo.int/authorities.php?recId=140,please contact us,https://public.wmo.int/en/about-us/contact-us
WMO Register of Alerting Authorities,https://alertingauthority.wmo.int/authorities.php?recId=140,https://ncm.gov.sa/ar/cap-alerts,https://ncm.gov.sa/ar/cap-alerts
WMO Register of Alerting Authorities,https://alertingauthority.wmo.int/authorities.php?recId=140,https://ncm.gov.sa/en/cap-alerts,https://ncm.gov.sa/en/cap-alerts
WMO Register of Alerting Authorities,https://alertingauthority.wmo.int/authorities.php?recId=140,https://www.ncm.gov.sa/ar/weather/todays-weather,https://www.ncm.gov.sa/ar/weather/todays-weather
WMO Register of Alerting Authorities,https://alertingauthority.wmo.int/authorities.php?recId=140,© World Meteorological Organization,https://old.wmo.int/extranet/pages/documents/wmo.vcf
WMO Register of Alerting Authorities,https://alertingauthority.wmo.int/authorities.php?recId=140,Copyright,https://public.wmo.int/en/copyright
WMO Register of Alerting Authorities,https://alertingauthority.wmo.int/authorities.php?recId=140,Privacy Policy,https://public.wmo.int/en/privacy-policy
WMO Register of Alerting Authorities,https://alertingauthority.wmo.int/authorities.php?recId=140,Disclaimer,https://public.wmo.int/en/disclaimer
WMO Register of Alerting Authorities,https://alertingauthority.wmo.int/authorities.php?recId=140,Map disclaimer,https://public.wmo.int/en/disclaimer#mapdisclaimer
WMO Register of Alerting Authorities,https://alertingauthority.wmo.int/authorities.php?recId=141,,https://public.wmo.int/en
WMO Register of Alerting Authorities,https://alertingauthority.wmo.int/authorities.php?recId=141,HOME,https://public.wmo.int/en
WMO Register of Alerting Authorities,https://alertingauthority.wmo.int/authorities.php?recId=141,WORLDWEATHER,https://worldweather.wmo.int
WMO Register of Alerting Authorities,https://alertingauthority.wmo.int/authorities.php?recId=141,SEVERE WEATHER,https://severeweather.wmo.int
WMO Register of Alerting Authorities,https://alertingauthority.wmo.int/authorities.php?recId=141,Public Weather Services,https://public.wmo.int/en/programmes/public-weather-services-programme
WMO Register of Alerting Authorities,https://alertingauthority.wmo.int/authorities.php?recId=141,please contact us,https://public.wmo.int/en/about-us/contact-us
WMO Register of Alerting Authorities,https://alertingauthority.wmo.int/authorities.php?recId=141,https://cap-sources.s3.amazonaws.com/sn-anacim-fr/rss.xml,https://cap-sources.s3.amazonaws.com/sn-anacim-fr/rss.xml
WMO Register of Alerting Authorities,https://alertingauthority.wmo.int/authorities.php?recId=141,http://www.worldweather.org/048/c00244.htm,http://www.worldweather.org/048/c00244.htm
WMO Register of Alerting Authorities,https://alertingauthority.wmo.int/authorities.php?recId=141,© World Meteorological Organization,https://old.wmo.int/extranet/pages/documents/wmo.vcf
WMO Register of Alerting Authorities,https://alertingauthority.wmo.int/authorities.php?recId=141,Copyright,https://public.wmo.int/en/copyright
WMO Register of Alerting Authorities,https://alertingauthority.wmo.int/authorities.php?recId=141,Privacy Policy,https://public.wmo.int/en/privacy-policy
WMO Register of Alerting Authorities,https://alertingauthority.wmo.int/authorities.php?recId=141,Disclaimer,https://public.wmo.int/en/disclaimer
WMO Register of Alerting Authorities,https://alertingauthority.wmo.int/authorities.php?recId=141,Map disclaimer,https://public.wmo.int/en/disclaimer#mapdisclaimer
WMO Register of Alerting Authorities,https://alertingauthority.wmo.int/authorities.php?recId=142,,https://public.wmo.int/en
WMO Register of Alerting Authorities,https://alertingauthority.wmo.int/authorities.php?recId=142,HOME,https://public.wmo.int/en
WMO Register of Alerting Authorities,https://alertingauthority.wmo.int/authorities.php?recId=142,WORLDWEATHER,https://worldweather.wmo.int
WMO Register of Alerting Authorities,https://alertingauthority.wmo.int/authorities.php?recId=142,SEVERE WEATHER,https://severeweather.wmo.int
WMO Register of Alerting Authorities,https://alertingauthority.wmo.int/authorities.php?recId=142,Public Weather Services,https://public.wmo.int/en/programmes/public-weather-services-programme
WMO Register of Alerting Authorities,https://alertingauthority.wmo.int/authorities.php?recId=142,please contact us,https://public.wmo.int/en/about-us/contact-us
WMO Register of Alerting Authorities,https://alertingauthority.wmo.int/authorities.php?recId=142,© World Meteorological Organization,https://old.wmo.int/extranet/pages/documents/wmo.vcf
WMO Register of Alerting Authorities,https://alertingauthority.wmo.int/authorities.php?recId=142,Copyright,https://public.wmo.int/en/copyright
WMO Register of Alerting Authorities,https://alertingauthority.wmo.int/authorities.php?recId=142,Privacy Policy,https://public.wmo.int/en/privacy-policy
WMO Register of Alerting Authorities,https://alertingauthority.wmo.int/authorities.php?recId=142,Disclaimer,https://public.wmo.int/en/disclaimer
WMO Register of Alerting Authorities,https://alertingauthority.wmo.int/authorities.php?recId=142,Map disclaimer,https://public.wmo.int/en/disclaimer#mapdisclaimer
WMO Register of Alerting Authorities,https://alertingauthority.wmo.int/authorities.php?recId=143,,https://public.wmo.int/en
WMO Register of Alerting Authorities,https://alertingauthority.wmo.int/authorities.php?recId=143,HOME,https://public.wmo.int/en
WMO Register of Alerting Authorities,https://alertingauthority.wmo.int/authorities.php?recId=143,WORLDWEATHER,https://worldweather.wmo.int
WMO Register of Alerting Authorities,https://alertingauthority.wmo.int/authorities.php?recId=143,SEVERE WEATHER,https://severeweather.wmo.int
WMO Register of Alerting Authorities,https://alertingauthority.wmo.int/authorities.php?recId=143,Public Weather Services,https://public.wmo.int/en/programmes/public-weather-services-programme
WMO Register of Alerting Authorities,https://alertingauthority.wmo.int/authorities.php?recId=143,please contact us,https://public.wmo.int/en/about-us/contact-us
WMO Register of Alerting Authorities,https://alertingauthority.wmo.int/authorities.php?recId=143,© World Meteorological Organization,https://old.wmo.int/extranet/pages/documents/wmo.vcf
WMO Register of Alerting Authorities,https://alertingauthority.wmo.int/authorities.php?recId=143,Copyright,https://public.wmo.int/en/copyright
WMO Register of Alerting Authorities,https://alertingauthority.wmo.int/authorities.php?recId=143,Privacy Policy,https://public.wmo.int/en/privacy-policy
WMO Register of Alerting Authorities,https://alertingauthority.wmo.int/authorities.php?recId=143,Disclaimer,https://public.wmo.int/en/disclaimer
WMO Register of Alerting Authorities,https://alertingauthority.wmo.int/authorities.php?recId=143,Map disclaimer,https://public.wmo.int/en/disclaimer#mapdisclaimer
WMO Register of Alerting Authorities,https://alertingauthority.wmo.int/authorities.php?recId=144,,https://public.wmo.int/en
WMO Register of Alerting Authorities,https://alertingauthority.wmo.int/authorities.php?recId=144,HOME,https://public.wmo.int/en
WMO Register of Alerting Authorities,https://alertingauthority.wmo.int/authorities.php?recId=144,WORLDWEATHER,https://worldweather.wmo.int
WMO Register of Alerting Authorities,https://alertingauthority.wmo.int/authorities.php?recId=144,SEVERE WEATHER,https://severeweather.wmo.int
WMO Register of Alerting Authorities,https://alertingauthority.wmo.int/authorities.php?recId=144,Public Weather Services,https://public.wmo.int/en/programmes/public-weather-services-programme
WMO Register of Alerting Authorities,https://alertingauthority.wmo.int/authorities.php?recId=144,please contact us,https://public.wmo.int/en/about-us/contact-us
WMO Register of Alerting Authorities,https://alertingauthority.wmo.int/authorities.php?recId=144,https://feeds.meteoalarm.org/feeds/meteoalarm-legacy-rss-serbia,https://feeds.meteoalarm.org/feeds/meteoalarm-legacy-rss-serbia
WMO Register of Alerting Authorities,https://alertingauthority.wmo.int/authorities.php?recId=144,https://feeds.meteoalarm.org/feeds/meteoalarm-legacy-atom-serbia,https://feeds.meteoalarm.org/feeds/meteoalarm-legacy-atom-serbia
WMO Register of Alerting Authorities,https://alertingauthority.wmo.int/authorities.php?recId=144,https://worldweather.wmo.int/en/city.html?cityId=198,https://worldweather.wmo.int/en/city.html?cityId=198
WMO Register of Alerting Authorities,https://alertingauthority.wmo.int/authorities.php?recId=144,© World Meteorological Organization,https://old.wmo.int/extranet/pages/documents/wmo.vcf
WMO Register of Alerting Authorities,https://alertingauthority.wmo.int/authorities.php?recId=144,Copyright,https://public.wmo.int/en/copyright
WMO Register of Alerting Authorities,https://alertingauthority.wmo.int/authorities.php?recId=144,Privacy Policy,https://public.wmo.int/en/privacy-policy
WMO Register of Alerting Authorities,https://alertingauthority.wmo.int/authorities.php?recId=144,Disclaimer,https://public.wmo.int/en/disclaimer
WMO Register of Alerting Authorities,https://alertingauthority.wmo.int/authorities.php?recId=144,Map disclaimer,https://public.wmo.int/en/disclaimer#mapdisclaimer
WMO Register of Alerting Authorities,https://alertingauthority.wmo.int/authorities.php?recId=145,,https://public.wmo.int/en
WMO Register of Alerting Authorities,https://alertingauthority.wmo.int/authorities.php?recId=145,HOME,https://public.wmo.int/en
WMO Register of Alerting Authorities,https://alertingauthority.wmo.int/authorities.php?recId=145,WORLDWEATHER,https://worldweather.wmo.int
WMO Register of Alerting Authorities,https://alertingauthority.wmo.int/authorities.php?recId=145,SEVERE WEATHER,https://severeweather.wmo.int
WMO Register of Alerting Authorities,https://alertingauthority.wmo.int/authorities.php?recId=145,Public Weather Services,https://public.wmo.int/en/programmes/public-weather-services-programme
WMO Register of Alerting Authorities,https://alertingauthority.wmo.int/authorities.php?recId=145,please contact us,https://public.wmo.int/en/about-us/contact-us
WMO Register of Alerting Authorities,https://alertingauthority.wmo.int/authorities.php?recId=145,https://www.meteo.sc/api/cap/rss.xml,https://www.meteo.sc/api/cap/rss.xml
WMO Register of Alerting Authorities,https://alertingauthority.wmo.int/authorities.php?recId=145,http://www.meteo.sc,http://www.meteo.sc
WMO Register of Alerting Authorities,https://alertingauthority.wmo.int/authorities.php?recId=145,© World Meteorological Organization,https://old.wmo.int/extranet/pages/documents/wmo.vcf
WMO Register of Alerting Authorities,https://alertingauthority.wmo.int/authorities.php?recId=145,Copyright,https://public.wmo.int/en/copyright
WMO Register of Alerting Authorities,https://alertingauthority.wmo.int/authorities.php?recId=145,Privacy Policy,https://public.wmo.int/en/privacy-policy
WMO Register of Alerting Authorities,https://alertingauthority.wmo.int/authorities.php?recId=145,Disclaimer,https://public.wmo.int/en/disclaimer
WMO Register of Alerting Authorities,https://alertingauthority.wmo.int/authorities.php?recId=145,Map disclaimer,https://public.wmo.int/en/disclaimer#mapdisclaimer
WMO Register of Alerting Authorities,https://alertingauthority.wmo.int/authorities.php?recId=146,,https://public.wmo.int/en
WMO Register of Alerting Authorities,https://alertingauthority.wmo.int/authorities.php?recId=146,HOME,https://public.wmo.int/en
WMO Register of Alerting Authorities,https://alertingauthority.wmo.int/authorities.php?recId=146,WORLDWEATHER,https://worldweather.wmo.int
WMO Register of Alerting Authorities,https://alertingauthority.wmo.int/authorities.php?recId=146,SEVERE WEATHER,https://severeweather.wmo.int
WMO Register of Alerting Authorities,https://alertingauthority.wmo.int/authorities.php?recId=146,Public Weather Services,https://public.wmo.int/en/programmes/public-weather-services-programme
WMO Register of Alerting Authorities,https://alertingauthority.wmo.int/authorities.php?recId=146,please contact us,https://public.wmo.int/en/about-us/contact-us
WMO Register of Alerting Authorities,https://alertingauthority.wmo.int/authorities.php?recId=146,https://www.weather.gov.sg/files/rss/rsscapalert/rsscapalert.xml,https://www.weather.gov.sg/files/rss/rsscapalert/rsscapalert.xml
WMO Register of Alerting Authorities,https://alertingauthority.wmo.int/authorities.php?recId=146,http://www.worldweather.org/081/c00234.htm,http://www.worldweather.org/081/c00234.htm
WMO Register of Alerting Authorities,https://alertingauthority.wmo.int/authorities.php?recId=146,© World Meteorological Organization,https://old.wmo.int/extranet/pages/documents/wmo.vcf
WMO Register of Alerting Authorities,https://alertingauthority.wmo.int/authorities.php?recId=146,Copyright,https://public.wmo.int/en/copyright
WMO Register of Alerting Authorities,https://alertingauthority.wmo.int/authorities.php?recId=146,Privacy Policy,https://public.wmo.int/en/privacy-policy
WMO Register of Alerting Authorities,https://alertingauthority.wmo.int/authorities.php?recId=146,Disclaimer,https://public.wmo.int/en/disclaimer
WMO Register of Alerting Authorities,https://alertingauthority.wmo.int/authorities.php?recId=146,Map disclaimer,https://public.wmo.int/en/disclaimer#mapdisclaimer
WMO Register of Alerting Authorities,https://alertingauthority.wmo.int/authorities.php?recId=147,,https://public.wmo.int/en
WMO Register of Alerting Authorities,https://alertingauthority.wmo.int/authorities.php?recId=147,HOME,https://public.wmo.int/en
WMO Register of Alerting Authorities,https://alertingauthority.wmo.int/authorities.php?recId=147,WORLDWEATHER,https://worldweather.wmo.int
WMO Register of Alerting Authorities,https://alertingauthority.wmo.int/authorities.php?recId=147,SEVERE WEATHER,https://severeweather.wmo.int
WMO Register of Alerting Authorities,https://alertingauthority.wmo.int/authorities.php?recId=147,Public Weather Services,https://public.wmo.int/en/programmes/public-weather-services-programme
WMO Register of Alerting Authorities,https://alertingauthority.wmo.int/authorities.php?recId=147,please contact us,https://public.wmo.int/en/about-us/contact-us
WMO Register of Alerting Authorities,https://alertingauthority.wmo.int/authorities.php?recId=147,© World Meteorological Organization,https://old.wmo.int/extranet/pages/documents/wmo.vcf
WMO Register of Alerting Authorities,https://alertingauthority.wmo.int/authorities.php?recId=147,Copyright,https://public.wmo.int/en/copyright
WMO Register of Alerting Authorities,https://alertingauthority.wmo.int/authorities.php?recId=147,Privacy Policy,https://public.wmo.int/en/privacy-policy
WMO Register of Alerting Authorities,https://alertingauthority.wmo.int/authorities.php?recId=147,Disclaimer,https://public.wmo.int/en/disclaimer
WMO Register of Alerting Authorities,https://alertingauthority.wmo.int/authorities.php?recId=147,Map disclaimer,https://public.wmo.int/en/disclaimer#mapdisclaimer
WMO Register of Alerting Authorities,https://alertingauthority.wmo.int/authorities.php?recId=148,,https://public.wmo.int/en
WMO Register of Alerting Authorities,https://alertingauthority.wmo.int/authorities.php?recId=148,HOME,https://public.wmo.int/en
WMO Register of Alerting Authorities,https://alertingauthority.wmo.int/authorities.php?recId=148,WORLDWEATHER,https://worldweather.wmo.int
WMO Register of Alerting Authorities,https://alertingauthority.wmo.int/authorities.php?recId=148,SEVERE WEATHER,https://severeweather.wmo.int
WMO Register of Alerting Authorities,https://alertingauthority.wmo.int/authorities.php?recId=148,Public Weather Services,https://public.wmo.int/en/programmes/public-weather-services-programme
WMO Register of Alerting Authorities,https://alertingauthority.wmo.int/authorities.php?recId=148,please contact us,https://public.wmo.int/en/about-us/contact-us
WMO Register of Alerting Authorities,https://alertingauthority.wmo.int/authorities.php?recId=148,https://feeds.meteoalarm.org/feeds/meteoalarm-legacy-atom-slovakia,https://feeds.meteoalarm.org/feeds/meteoalarm-legacy-atom-slovakia
WMO Register of Alerting Authorities,https://alertingauthority.wmo.int/authorities.php?recId=148,© World Meteorological Organization,https://old.wmo.int/extranet/pages/documents/wmo.vcf
WMO Register of Alerting Authorities,https://alertingauthority.wmo.int/authorities.php?recId=148,Copyright,https://public.wmo.int/en/copyright
WMO Register of Alerting Authorities,https://alertingauthority.wmo.int/authorities.php?recId=148,Privacy Policy,https://public.wmo.int/en/privacy-policy
WMO Register of Alerting Authorities,https://alertingauthority.wmo.int/authorities.php?recId=148,Disclaimer,https://public.wmo.int/en/disclaimer
WMO Register of Alerting Authorities,https://alertingauthority.wmo.int/authorities.php?recId=148,Map disclaimer,https://public.wmo.int/en/disclaimer#mapdisclaimer
WMO Register of Alerting Authorities,https://alertingauthority.wmo.int/authorities.php?recId=149,,https://public.wmo.int/en
WMO Register of Alerting Authorities,https://alertingauthority.wmo.int/authorities.php?recId=149,HOME,https://public.wmo.int/en
WMO Register of Alerting Authorities,https://alertingauthority.wmo.int/authorities.php?recId=149,WORLDWEATHER,https://worldweather.wmo.int
WMO Register of Alerting Authorities,https://alertingauthority.wmo.int/authorities.php?recId=149,SEVERE WEATHER,https://severeweather.wmo.int
WMO Register of Alerting Authorities,https://alertingauthority.wmo.int/authorities.php?recId=149,Public Weather Services,https://public.wmo.int/en/programmes/public-weather-services-programme
WMO Register of Alerting Authorities,https://alertingauthority.wmo.int/authorities.php?recId=149,please contact us,https://public.wmo.int/en/about-us/contact-us
WMO Register of Alerting Authorities,https://alertingauthority.wmo.int/authorities.php?recId=149,https://feeds.meteoalarm.org/feeds/meteoalarm-legacy-atom-slovenia,https://feeds.meteoalarm.org/feeds/meteoalarm-legacy-atom-slovenia
WMO Register of Alerting Authorities,https://alertingauthority.wmo.int/authorities.php?recId=149,https://feeds.meteoalarm.org/feeds/meteoalarm-legacy-atom-slovenia,https://feeds.meteoalarm.org/feeds/meteoalarm-legacy-atom-slovenia
WMO Register of Alerting Authorities,https://alertingauthority.wmo.int/authorities.php?recId=149,https://worldweather.wmo.int/en/country.html?countryCode=15,https://worldweather.wmo.int/en/country.html?countryCode=15
WMO Register of Alerting Authorities,https://alertingauthority.wmo.int/authorities.php?recId=149,© World Meteorological Organization,https://old.wmo.int/extranet/pages/documents/wmo.vcf
WMO Register of Alerting Authorities,https://alertingauthority.wmo.int/authorities.php?recId=149,Copyright,https://public.wmo.int/en/copyright
WMO Register of Alerting Authorities,https://alertingauthority.wmo.int/authorities.php?recId=149,Privacy Policy,https://public.wmo.int/en/privacy-policy
WMO Register of Alerting Authorities,https://alertingauthority.wmo.int/authorities.php?recId=149,Disclaimer,https://public.wmo.int/en/disclaimer
WMO Register of Alerting Authorities,https://alertingauthority.wmo.int/authorities.php?recId=149,Map disclaimer,https://public.wmo.int/en/disclaimer#mapdisclaimer
WMO Register of Alerting Authorities,https://alertingauthority.wmo.int/authorities.php?recId=150,,https://public.wmo.int/en
WMO Register of Alerting Authorities,https://alertingauthority.wmo.int/authorities.php?recId=150,HOME,https://public.wmo.int/en
WMO Register of Alerting Authorities,https://alertingauthority.wmo.int/authorities.php?recId=150,WORLDWEATHER,https://worldweather.wmo.int
WMO Register of Alerting Authorities,https://alertingauthority.wmo.int/authorities.php?recId=150,SEVERE WEATHER,https://severeweather.wmo.int
WMO Register of Alerting Authorities,https://alertingauthority.wmo.int/authorities.php?recId=150,Public Weather Services,https://public.wmo.int/en/programmes/public-weather-services-programme
WMO Register of Alerting Authorities,https://alertingauthority.wmo.int/authorities.php?recId=150,please contact us,https://public.wmo.int/en/about-us/contact-us
WMO Register of Alerting Authorities,https://alertingauthority.wmo.int/authorities.php?recId=150,https://feeds.meteoalarm.org/feeds/meteoalarm-legacy-atom-slovenia,https://feeds.meteoalarm.org/feeds/meteoalarm-legacy-atom-slovenia
WMO Register of Alerting Authorities,https://alertingauthority.wmo.int/authorities.php?recId=150,https://feeds.meteoalarm.org/feeds/meteoalarm-legacy-atom-slovenia,https://feeds.meteoalarm.org/feeds/meteoalarm-legacy-atom-slovenia
WMO Register of Alerting Authorities,https://alertingauthority.wmo.int/authorities.php?recId=150,https://worldweather.wmo.int/en/country.html?countryCode=15,https://worldweather.wmo.int/en/country.html?countryCode=15
WMO Register of Alerting Authorities,https://alertingauthority.wmo.int/authorities.php?recId=150,© World Meteorological Organization,https://old.wmo.int/extranet/pages/documents/wmo.vcf
WMO Register of Alerting Authorities,https://alertingauthority.wmo.int/authorities.php?recId=150,Copyright,https://public.wmo.int/en/copyright
WMO Register of Alerting Authorities,https://alertingauthority.wmo.int/authorities.php?recId=150,Privacy Policy,https://public.wmo.int/en/privacy-policy
WMO Register of Alerting Authorities,https://alertingauthority.wmo.int/authorities.php?recId=150,Disclaimer,https://public.wmo.int/en/disclaimer
WMO Register of Alerting Authorities,https://alertingauthority.wmo.int/authorities.php?recId=150,Map disclaimer,https://public.wmo.int/en/disclaimer#mapdisclaimer
WMO Register of Alerting Authorities,https://alertingauthority.wmo.int/authorities.php?recId=151,,https://public.wmo.int/en
WMO Register of Alerting Authorities,https://alertingauthority.wmo.int/authorities.php?recId=151,HOME,https://public.wmo.int/en
WMO Register of Alerting Authorities,https://alertingauthority.wmo.int/authorities.php?recId=151,WORLDWEATHER,https://worldweather.wmo.int
WMO Register of Alerting Authorities,https://alertingauthority.wmo.int/authorities.php?recId=151,SEVERE WEATHER,https://severeweather.wmo.int
WMO Register of Alerting Authorities,https://alertingauthority.wmo.int/authorities.php?recId=151,Public Weather Services,https://public.wmo.int/en/programmes/public-weather-services-programme
WMO Register of Alerting Authorities,https://alertingauthority.wmo.int/authorities.php?recId=151,please contact us,https://public.wmo.int/en/about-us/contact-us
WMO Register of Alerting Authorities,https://alertingauthority.wmo.int/authorities.php?recId=151,© World Meteorological Organization,https://old.wmo.int/extranet/pages/documents/wmo.vcf
WMO Register of Alerting Authorities,https://alertingauthority.wmo.int/authorities.php?recId=151,Copyright,https://public.wmo.int/en/copyright
WMO Register of Alerting Authorities,https://alertingauthority.wmo.int/authorities.php?recId=151,Privacy Policy,https://public.wmo.int/en/privacy-policy
WMO Register of Alerting Authorities,https://alertingauthority.wmo.int/authorities.php?recId=151,Disclaimer,https://public.wmo.int/en/disclaimer
WMO Register of Alerting Authorities,https://alertingauthority.wmo.int/authorities.php?recId=151,Map disclaimer,https://public.wmo.int/en/disclaimer#mapdisclaimer
WMO Register of Alerting Authorities,https://alertingauthority.wmo.int/authorities.php?recId=152,,https://public.wmo.int/en
WMO Register of Alerting Authorities,https://alertingauthority.wmo.int/authorities.php?recId=152,HOME,https://public.wmo.int/en
WMO Register of Alerting Authorities,https://alertingauthority.wmo.int/authorities.php?recId=152,WORLDWEATHER,https://worldweather.wmo.int
WMO Register of Alerting Authorities,https://alertingauthority.wmo.int/authorities.php?recId=152,SEVERE WEATHER,https://severeweather.wmo.int
WMO Register of Alerting Authorities,https://alertingauthority.wmo.int/authorities.php?recId=152,Public Weather Services,https://public.wmo.int/en/programmes/public-weather-services-programme
WMO Register of Alerting Authorities,https://alertingauthority.wmo.int/authorities.php?recId=152,please contact us,https://public.wmo.int/en/about-us/contact-us
WMO Register of Alerting Authorities,https://alertingauthority.wmo.int/authorities.php?recId=152,http://caps.weathersa.co.za/Home/RssFeed,http://caps.weathersa.co.za/Home/RssFeed
WMO Register of Alerting Authorities,https://alertingauthority.wmo.int/authorities.php?recId=152,http://www.worldweather.org/083/m083.htm,http://www.worldweather.org/083/m083.htm
WMO Register of Alerting Authorities,https://alertingauthority.wmo.int/authorities.php?recId=152,© World Meteorological Organization,https://old.wmo.int/extranet/pages/documents/wmo.vcf
WMO Register of Alerting Authorities,https://alertingauthority.wmo.int/authorities.php?recId=152,Copyright,https://public.wmo.int/en/copyright
WMO Register of Alerting Authorities,https://alertingauthority.wmo.int/authorities.php?recId=152,Privacy Policy,https://public.wmo.int/en/privacy-policy
WMO Register of Alerting Authorities,https://alertingauthority.wmo.int/authorities.php?recId=152,Disclaimer,https://public.wmo.int/en/disclaimer
WMO Register of Alerting Authorities,https://alertingauthority.wmo.int/authorities.php?recId=152,Map disclaimer,https://public.wmo.int/en/disclaimer#mapdisclaimer
WMO Register of Alerting Authorities,https://alertingauthority.wmo.int/authorities.php?recId=153,,https://public.wmo.int/en
WMO Register of Alerting Authorities,https://alertingauthority.wmo.int/authorities.php?recId=153,HOME,https://public.wmo.int/en
WMO Register of Alerting Authorities,https://alertingauthority.wmo.int/authorities.php?recId=153,WORLDWEATHER,https://worldweather.wmo.int
WMO Register of Alerting Authorities,https://alertingauthority.wmo.int/authorities.php?recId=153,SEVERE WEATHER,https://severeweather.wmo.int
WMO Register of Alerting Authorities,https://alertingauthority.wmo.int/authorities.php?recId=153,Public Weather Services,https://public.wmo.int/en/programmes/public-weather-services-programme
WMO Register of Alerting Authorities,https://alertingauthority.wmo.int/authorities.php?recId=153,please contact us,https://public.wmo.int/en/about-us/contact-us
WMO Register of Alerting Authorities,https://alertingauthority.wmo.int/authorities.php?recId=153,http://www.aemet.es/documentos_d/eltiempo/prediccion/avisos/rss/CAP_AFAE_wah_RSS.xml,http://www.aemet.es/documentos_d/eltiempo/prediccion/avisos/rss/CAP_AFAE_wah_RSS.xml
WMO Register of Alerting Authorities,https://alertingauthority.wmo.int/authorities.php?recId=153,http://worldweather.wmo.int/083/m083.htm,http://worldweather.wmo.int/083/m083.htm
WMO Register of Alerting Authorities,https://alertingauthority.wmo.int/authorities.php?recId=153,© World Meteorological Organization,https://old.wmo.int/extranet/pages/documents/wmo.vcf
WMO Register of Alerting Authorities,https://alertingauthority.wmo.int/authorities.php?recId=153,Copyright,https://public.wmo.int/en/copyright
WMO Register of Alerting Authorities,https://alertingauthority.wmo.int/authorities.php?recId=153,Privacy Policy,https://public.wmo.int/en/privacy-policy
WMO Register of Alerting Authorities,https://alertingauthority.wmo.int/authorities.php?recId=153,Disclaimer,https://public.wmo.int/en/disclaimer
WMO Register of Alerting Authorities,https://alertingauthority.wmo.int/authorities.php?recId=153,Map disclaimer,https://public.wmo.int/en/disclaimer#mapdisclaimer
WMO Register of Alerting Authorities,https://alertingauthority.wmo.int/authorities.php?recId=154,,https://public.wmo.int/en
WMO Register of Alerting Authorities,https://alertingauthority.wmo.int/authorities.php?recId=154,HOME,https://public.wmo.int/en
WMO Register of Alerting Authorities,https://alertingauthority.wmo.int/authorities.php?recId=154,WORLDWEATHER,https://worldweather.wmo.int
WMO Register of Alerting Authorities,https://alertingauthority.wmo.int/authorities.php?recId=154,SEVERE WEATHER,https://severeweather.wmo.int
WMO Register of Alerting Authorities,https://alertingauthority.wmo.int/authorities.php?recId=154,Public Weather Services,https://public.wmo.int/en/programmes/public-weather-services-programme
WMO Register of Alerting Authorities,https://alertingauthority.wmo.int/authorities.php?recId=154,please contact us,https://public.wmo.int/en/about-us/contact-us
WMO Register of Alerting Authorities,https://alertingauthority.wmo.int/authorities.php?recId=154,http://www.worldweather.org/084/m084.htm,http://www.worldweather.org/084/m084.htm
WMO Register of Alerting Authorities,https://alertingauthority.wmo.int/authorities.php?recId=154,© World Meteorological Organization,https://old.wmo.int/extranet/pages/documents/wmo.vcf
WMO Register of Alerting Authorities,https://alertingauthority.wmo.int/authorities.php?recId=154,Copyright,https://public.wmo.int/en/copyright
WMO Register of Alerting Authorities,https://alertingauthority.wmo.int/authorities.php?recId=154,Privacy Policy,https://public.wmo.int/en/privacy-policy
WMO Register of Alerting Authorities,https://alertingauthority.wmo.int/authorities.php?recId=154,Disclaimer,https://public.wmo.int/en/disclaimer
WMO Register of Alerting Authorities,https://alertingauthority.wmo.int/authorities.php?recId=154,Map disclaimer,https://public.wmo.int/en/disclaimer#mapdisclaimer
WMO Register of Alerting Authorities,https://alertingauthority.wmo.int/authorities.php?recId=155,,https://public.wmo.int/en
WMO Register of Alerting Authorities,https://alertingauthority.wmo.int/authorities.php?recId=155,HOME,https://public.wmo.int/en
WMO Register of Alerting Authorities,https://alertingauthority.wmo.int/authorities.php?recId=155,WORLDWEATHER,https://worldweather.wmo.int
WMO Register of Alerting Authorities,https://alertingauthority.wmo.int/authorities.php?recId=155,SEVERE WEATHER,https://severeweather.wmo.int
WMO Register of Alerting Authorities,https://alertingauthority.wmo.int/authorities.php?recId=155,Public Weather Services,https://public.wmo.int/en/programmes/public-weather-services-programme
WMO Register of Alerting Authorities,https://alertingauthority.wmo.int/authorities.php?recId=155,please contact us,https://public.wmo.int/en/about-us/contact-us
WMO Register of Alerting Authorities,https://alertingauthority.wmo.int/authorities.php?recId=155,© World Meteorological Organization,https://old.wmo.int/extranet/pages/documents/wmo.vcf
WMO Register of Alerting Authorities,https://alertingauthority.wmo.int/authorities.php?recId=155,Copyright,https://public.wmo.int/en/copyright
WMO Register of Alerting Authorities,https://alertingauthority.wmo.int/authorities.php?recId=155,Privacy Policy,https://public.wmo.int/en/privacy-policy
WMO Register of Alerting Authorities,https://alertingauthority.wmo.int/authorities.php?recId=155,Disclaimer,https://public.wmo.int/en/disclaimer
WMO Register of Alerting Authorities,https://alertingauthority.wmo.int/authorities.php?recId=155,Map disclaimer,https://public.wmo.int/en/disclaimer#mapdisclaimer
WMO Register of Alerting Authorities,https://alertingauthority.wmo.int/authorities.php?recId=156,,https://public.wmo.int/en
WMO Register of Alerting Authorities,https://alertingauthority.wmo.int/authorities.php?recId=156,HOME,https://public.wmo.int/en
WMO Register of Alerting Authorities,https://alertingauthority.wmo.int/authorities.php?recId=156,WORLDWEATHER,https://worldweather.wmo.int
WMO Register of Alerting Authorities,https://alertingauthority.wmo.int/authorities.php?recId=156,SEVERE WEATHER,https://severeweather.wmo.int
WMO Register of Alerting Authorities,https://alertingauthority.wmo.int/authorities.php?recId=156,Public Weather Services,https://public.wmo.int/en/programmes/public-weather-services-programme
WMO Register of Alerting Authorities,https://alertingauthority.wmo.int/authorities.php?recId=156,please contact us,https://public.wmo.int/en/about-us/contact-us
WMO Register of Alerting Authorities,https://alertingauthority.wmo.int/authorities.php?recId=156,https://meteosudan.sd/api/cap/rss.xml,https://meteosudan.sd/api/cap/rss.xml
WMO Register of Alerting Authorities,https://alertingauthority.wmo.int/authorities.php?recId=156,https://meteosudan.sd/,https://meteosudan.sd/
WMO Register of Alerting Authorities,https://alertingauthority.wmo.int/authorities.php?recId=156,© World Meteorological Organization,https://old.wmo.int/extranet/pages/documents/wmo.vcf
WMO Register of Alerting Authorities,https://alertingauthority.wmo.int/authorities.php?recId=156,Copyright,https://public.wmo.int/en/copyright
WMO Register of Alerting Authorities,https://alertingauthority.wmo.int/authorities.php?recId=156,Privacy Policy,https://public.wmo.int/en/privacy-policy
WMO Register of Alerting Authorities,https://alertingauthority.wmo.int/authorities.php?recId=156,Disclaimer,https://public.wmo.int/en/disclaimer
WMO Register of Alerting Authorities,https://alertingauthority.wmo.int/authorities.php?recId=156,Map disclaimer,https://public.wmo.int/en/disclaimer#mapdisclaimer
WMO Register of Alerting Authorities,https://alertingauthority.wmo.int/authorities.php?recId=157,,https://public.wmo.int/en
WMO Register of Alerting Authorities,https://alertingauthority.wmo.int/authorities.php?recId=157,HOME,https://public.wmo.int/en
WMO Register of Alerting Authorities,https://alertingauthority.wmo.int/authorities.php?recId=157,WORLDWEATHER,https://worldweather.wmo.int
WMO Register of Alerting Authorities,https://alertingauthority.wmo.int/authorities.php?recId=157,SEVERE WEATHER,https://severeweather.wmo.int
WMO Register of Alerting Authorities,https://alertingauthority.wmo.int/authorities.php?recId=157,Public Weather Services,https://public.wmo.int/en/programmes/public-weather-services-programme
WMO Register of Alerting Authorities,https://alertingauthority.wmo.int/authorities.php?recId=157,please contact us,https://public.wmo.int/en/about-us/contact-us
WMO Register of Alerting Authorities,https://alertingauthority.wmo.int/authorities.php?recId=157,https://hydrosudan.sd/api/cap/rss.xml,https://hydrosudan.sd/api/cap/rss.xml
WMO Register of Alerting Authorities,https://alertingauthority.wmo.int/authorities.php?recId=157,https://hydrosudan.sd,https://hydrosudan.sd
WMO Register of Alerting Authorities,https://alertingauthority.wmo.int/authorities.php?recId=157,© World Meteorological Organization,https://old.wmo.int/extranet/pages/documents/wmo.vcf
WMO Register of Alerting Authorities,https://alertingauthority.wmo.int/authorities.php?recId=157,Copyright,https://public.wmo.int/en/copyright
WMO Register of Alerting Authorities,https://alertingauthority.wmo.int/authorities.php?recId=157,Privacy Policy,https://public.wmo.int/en/privacy-policy
WMO Register of Alerting Authorities,https://alertingauthority.wmo.int/authorities.php?recId=157,Disclaimer,https://public.wmo.int/en/disclaimer
WMO Register of Alerting Authorities,https://alertingauthority.wmo.int/authorities.php?recId=157,Map disclaimer,https://public.wmo.int/en/disclaimer#mapdisclaimer
WMO Register of Alerting Authorities,https://alertingauthority.wmo.int/authorities.php?recId=158,,https://public.wmo.int/en
WMO Register of Alerting Authorities,https://alertingauthority.wmo.int/authorities.php?recId=158,HOME,https://public.wmo.int/en
WMO Register of Alerting Authorities,https://alertingauthority.wmo.int/authorities.php?recId=158,WORLDWEATHER,https://worldweather.wmo.int
WMO Register of Alerting Authorities,https://alertingauthority.wmo.int/authorities.php?recId=158,SEVERE WEATHER,https://severeweather.wmo.int
WMO Register of Alerting Authorities,https://alertingauthority.wmo.int/authorities.php?recId=158,Public Weather Services,https://public.wmo.int/en/programmes/public-weather-services-programme
WMO Register of Alerting Authorities,https://alertingauthority.wmo.int/authorities.php?recId=158,please contact us,https://public.wmo.int/en/about-us/contact-us
WMO Register of Alerting Authorities,https://alertingauthority.wmo.int/authorities.php?recId=158,© World Meteorological Organization,https://old.wmo.int/extranet/pages/documents/wmo.vcf
WMO Register of Alerting Authorities,https://alertingauthority.wmo.int/authorities.php?recId=158,Copyright,https://public.wmo.int/en/copyright
WMO Register of Alerting Authorities,https://alertingauthority.wmo.int/authorities.php?recId=158,Privacy Policy,https://public.wmo.int/en/privacy-policy
WMO Register of Alerting Authorities,https://alertingauthority.wmo.int/authorities.php?recId=158,Disclaimer,https://public.wmo.int/en/disclaimer
WMO Register of Alerting Authorities,https://alertingauthority.wmo.int/authorities.php?recId=158,Map disclaimer,https://public.wmo.int/en/disclaimer#mapdisclaimer
WMO Register of Alerting Authorities,https://alertingauthority.wmo.int/authorities.php?recId=159,,https://public.wmo.int/en
WMO Register of Alerting Authorities,https://alertingauthority.wmo.int/authorities.php?recId=159,HOME,https://public.wmo.int/en
WMO Register of Alerting Authorities,https://alertingauthority.wmo.int/authorities.php?recId=159,WORLDWEATHER,https://worldweather.wmo.int
WMO Register of Alerting Authorities,https://alertingauthority.wmo.int/authorities.php?recId=159,SEVERE WEATHER,https://severeweather.wmo.int
WMO Register of Alerting Authorities,https://alertingauthority.wmo.int/authorities.php?recId=159,Public Weather Services,https://public.wmo.int/en/programmes/public-weather-services-programme
WMO Register of Alerting Authorities,https://alertingauthority.wmo.int/authorities.php?recId=159,please contact us,https://public.wmo.int/en/about-us/contact-us
WMO Register of Alerting Authorities,https://alertingauthority.wmo.int/authorities.php?recId=159,http://www.worldweather.org/096/m096.htm,http://www.worldweather.org/096/m096.htm
WMO Register of Alerting Authorities,https://alertingauthority.wmo.int/authorities.php?recId=159,© World Meteorological Organization,https://old.wmo.int/extranet/pages/documents/wmo.vcf
WMO Register of Alerting Authorities,https://alertingauthority.wmo.int/authorities.php?recId=159,Copyright,https://public.wmo.int/en/copyright
WMO Register of Alerting Authorities,https://alertingauthority.wmo.int/authorities.php?recId=159,Privacy Policy,https://public.wmo.int/en/privacy-policy
WMO Register of Alerting Authorities,https://alertingauthority.wmo.int/authorities.php?recId=159,Disclaimer,https://public.wmo.int/en/disclaimer
WMO Register of Alerting Authorities,https://alertingauthority.wmo.int/authorities.php?recId=159,Map disclaimer,https://public.wmo.int/en/disclaimer#mapdisclaimer
WMO Register of Alerting Authorities,https://alertingauthority.wmo.int/authorities.php?recId=160,,https://public.wmo.int/en
WMO Register of Alerting Authorities,https://alertingauthority.wmo.int/authorities.php?recId=160,HOME,https://public.wmo.int/en
WMO Register of Alerting Authorities,https://alertingauthority.wmo.int/authorities.php?recId=160,WORLDWEATHER,https://worldweather.wmo.int
WMO Register of Alerting Authorities,https://alertingauthority.wmo.int/authorities.php?recId=160,SEVERE WEATHER,https://severeweather.wmo.int
WMO Register of Alerting Authorities,https://alertingauthority.wmo.int/authorities.php?recId=160,Public Weather Services,https://public.wmo.int/en/programmes/public-weather-services-programme
WMO Register of Alerting Authorities,https://alertingauthority.wmo.int/authorities.php?recId=160,please contact us,https://public.wmo.int/en/about-us/contact-us
WMO Register of Alerting Authorities,https://alertingauthority.wmo.int/authorities.php?recId=160,http://www.meteoswiss.admin.ch/,http://www.meteoswiss.admin.ch/
WMO Register of Alerting Authorities,https://alertingauthority.wmo.int/authorities.php?recId=160,© World Meteorological Organization,https://old.wmo.int/extranet/pages/documents/wmo.vcf
WMO Register of Alerting Authorities,https://alertingauthority.wmo.int/authorities.php?recId=160,Copyright,https://public.wmo.int/en/copyright
WMO Register of Alerting Authorities,https://alertingauthority.wmo.int/authorities.php?recId=160,Privacy Policy,https://public.wmo.int/en/privacy-policy
WMO Register of Alerting Authorities,https://alertingauthority.wmo.int/authorities.php?recId=160,Disclaimer,https://public.wmo.int/en/disclaimer
WMO Register of Alerting Authorities,https://alertingauthority.wmo.int/authorities.php?recId=160,Map disclaimer,https://public.wmo.int/en/disclaimer#mapdisclaimer
WMO Register of Alerting Authorities,https://alertingauthority.wmo.int/authorities.php?recId=161,,https://public.wmo.int/en
WMO Register of Alerting Authorities,https://alertingauthority.wmo.int/authorities.php?recId=161,HOME,https://public.wmo.int/en
WMO Register of Alerting Authorities,https://alertingauthority.wmo.int/authorities.php?recId=161,WORLDWEATHER,https://worldweather.wmo.int
WMO Register of Alerting Authorities,https://alertingauthority.wmo.int/authorities.php?recId=161,SEVERE WEATHER,https://severeweather.wmo.int
WMO Register of Alerting Authorities,https://alertingauthority.wmo.int/authorities.php?recId=161,Public Weather Services,https://public.wmo.int/en/programmes/public-weather-services-programme
WMO Register of Alerting Authorities,https://alertingauthority.wmo.int/authorities.php?recId=161,please contact us,https://public.wmo.int/en/about-us/contact-us
WMO Register of Alerting Authorities,https://alertingauthority.wmo.int/authorities.php?recId=161,http://www.bafu.admin.ch/,http://www.bafu.admin.ch/
WMO Register of Alerting Authorities,https://alertingauthority.wmo.int/authorities.php?recId=161,© World Meteorological Organization,https://old.wmo.int/extranet/pages/documents/wmo.vcf
WMO Register of Alerting Authorities,https://alertingauthority.wmo.int/authorities.php?recId=161,Copyright,https://public.wmo.int/en/copyright
WMO Register of Alerting Authorities,https://alertingauthority.wmo.int/authorities.php?recId=161,Privacy Policy,https://public.wmo.int/en/privacy-policy
WMO Register of Alerting Authorities,https://alertingauthority.wmo.int/authorities.php?recId=161,Disclaimer,https://public.wmo.int/en/disclaimer
WMO Register of Alerting Authorities,https://alertingauthority.wmo.int/authorities.php?recId=161,Map disclaimer,https://public.wmo.int/en/disclaimer#mapdisclaimer
WMO Register of Alerting Authorities,https://alertingauthority.wmo.int/authorities.php?recId=162,,https://public.wmo.int/en
WMO Register of Alerting Authorities,https://alertingauthority.wmo.int/authorities.php?recId=162,HOME,https://public.wmo.int/en
WMO Register of Alerting Authorities,https://alertingauthority.wmo.int/authorities.php?recId=162,WORLDWEATHER,https://worldweather.wmo.int
WMO Register of Alerting Authorities,https://alertingauthority.wmo.int/authorities.php?recId=162,SEVERE WEATHER,https://severeweather.wmo.int
WMO Register of Alerting Authorities,https://alertingauthority.wmo.int/authorities.php?recId=162,Public Weather Services,https://public.wmo.int/en/programmes/public-weather-services-programme
WMO Register of Alerting Authorities,https://alertingauthority.wmo.int/authorities.php?recId=162,please contact us,https://public.wmo.int/en/about-us/contact-us
WMO Register of Alerting Authorities,https://alertingauthority.wmo.int/authorities.php?recId=162,http://www.worldweather.org/110/m110.htm,http://www.worldweather.org/110/m110.htm
WMO Register of Alerting Authorities,https://alertingauthority.wmo.int/authorities.php?recId=162,© World Meteorological Organization,https://old.wmo.int/extranet/pages/documents/wmo.vcf
WMO Register of Alerting Authorities,https://alertingauthority.wmo.int/authorities.php?recId=162,Copyright,https://public.wmo.int/en/copyright
WMO Register of Alerting Authorities,https://alertingauthority.wmo.int/authorities.php?recId=162,Privacy Policy,https://public.wmo.int/en/privacy-policy
WMO Register of Alerting Authorities,https://alertingauthority.wmo.int/authorities.php?recId=162,Disclaimer,https://public.wmo.int/en/disclaimer
WMO Register of Alerting Authorities,https://alertingauthority.wmo.int/authorities.php?recId=162,Map disclaimer,https://public.wmo.int/en/disclaimer#mapdisclaimer
WMO Register of Alerting Authorities,https://alertingauthority.wmo.int/authorities.php?recId=163,,https://public.wmo.int/en
WMO Register of Alerting Authorities,https://alertingauthority.wmo.int/authorities.php?recId=163,HOME,https://public.wmo.int/en
WMO Register of Alerting Authorities,https://alertingauthority.wmo.int/authorities.php?recId=163,WORLDWEATHER,https://worldweather.wmo.int
WMO Register of Alerting Authorities,https://alertingauthority.wmo.int/authorities.php?recId=163,SEVERE WEATHER,https://severeweather.wmo.int
WMO Register of Alerting Authorities,https://alertingauthority.wmo.int/authorities.php?recId=163,Public Weather Services,https://public.wmo.int/en/programmes/public-weather-services-programme
WMO Register of Alerting Authorities,https://alertingauthority.wmo.int/authorities.php?recId=163,please contact us,https://public.wmo.int/en/about-us/contact-us
WMO Register of Alerting Authorities,https://alertingauthority.wmo.int/authorities.php?recId=163,© World Meteorological Organization,https://old.wmo.int/extranet/pages/documents/wmo.vcf
WMO Register of Alerting Authorities,https://alertingauthority.wmo.int/authorities.php?recId=163,Copyright,https://public.wmo.int/en/copyright
WMO Register of Alerting Authorities,https://alertingauthority.wmo.int/authorities.php?recId=163,Privacy Policy,https://public.wmo.int/en/privacy-policy
WMO Register of Alerting Authorities,https://alertingauthority.wmo.int/authorities.php?recId=163,Disclaimer,https://public.wmo.int/en/disclaimer
WMO Register of Alerting Authorities,https://alertingauthority.wmo.int/authorities.php?recId=163,Map disclaimer,https://public.wmo.int/en/disclaimer#mapdisclaimer
WMO Register of Alerting Authorities,https://alertingauthority.wmo.int/authorities.php?recId=164,,https://public.wmo.int/en
WMO Register of Alerting Authorities,https://alertingauthority.wmo.int/authorities.php?recId=164,HOME,https://public.wmo.int/en
WMO Register of Alerting Authorities,https://alertingauthority.wmo.int/authorities.php?recId=164,WORLDWEATHER,https://worldweather.wmo.int
WMO Register of Alerting Authorities,https://alertingauthority.wmo.int/authorities.php?recId=164,SEVERE WEATHER,https://severeweather.wmo.int
WMO Register of Alerting Authorities,https://alertingauthority.wmo.int/authorities.php?recId=164,Public Weather Services,https://public.wmo.int/en/programmes/public-weather-services-programme
WMO Register of Alerting Authorities,https://alertingauthority.wmo.int/authorities.php?recId=164,please contact us,https://public.wmo.int/en/about-us/contact-us
WMO Register of Alerting Authorities,https://alertingauthority.wmo.int/authorities.php?recId=164,https://www.tmd.go.th/api/xml/CAP,https://www.tmd.go.th/api/xml/CAP
WMO Register of Alerting Authorities,https://alertingauthority.wmo.int/authorities.php?recId=164,https://www.tmd.go.th/en/api/xml/CAP,https://www.tmd.go.th/en/api/xml/CAP
WMO Register of Alerting Authorities,https://alertingauthority.wmo.int/authorities.php?recId=164,https://www.tmd.go.th/en/forecast/sevenday,https://www.tmd.go.th/en/forecast/sevenday
WMO Register of Alerting Authorities,https://alertingauthority.wmo.int/authorities.php?recId=164,© World Meteorological Organization,https://old.wmo.int/extranet/pages/documents/wmo.vcf
WMO Register of Alerting Authorities,https://alertingauthority.wmo.int/authorities.php?recId=164,Copyright,https://public.wmo.int/en/copyright
WMO Register of Alerting Authorities,https://alertingauthority.wmo.int/authorities.php?recId=164,Privacy Policy,https://public.wmo.int/en/privacy-policy
WMO Register of Alerting Authorities,https://alertingauthority.wmo.int/authorities.php?recId=164,Disclaimer,https://public.wmo.int/en/disclaimer
WMO Register of Alerting Authorities,https://alertingauthority.wmo.int/authorities.php?recId=164,Map disclaimer,https://public.wmo.int/en/disclaimer#mapdisclaimer
WMO Register of Alerting Authorities,https://alertingauthority.wmo.int/authorities.php?recId=165,,https://public.wmo.int/en
WMO Register of Alerting Authorities,https://alertingauthority.wmo.int/authorities.php?recId=165,HOME,https://public.wmo.int/en
WMO Register of Alerting Authorities,https://alertingauthority.wmo.int/authorities.php?recId=165,WORLDWEATHER,https://worldweather.wmo.int
WMO Register of Alerting Authorities,https://alertingauthority.wmo.int/authorities.php?recId=165,SEVERE WEATHER,https://severeweather.wmo.int
WMO Register of Alerting Authorities,https://alertingauthority.wmo.int/authorities.php?recId=165,Public Weather Services,https://public.wmo.int/en/programmes/public-weather-services-programme
WMO Register of Alerting Authorities,https://alertingauthority.wmo.int/authorities.php?recId=165,please contact us,https://public.wmo.int/en/about-us/contact-us
WMO Register of Alerting Authorities,https://alertingauthority.wmo.int/authorities.php?recId=165,© World Meteorological Organization,https://old.wmo.int/extranet/pages/documents/wmo.vcf
WMO Register of Alerting Authorities,https://alertingauthority.wmo.int/authorities.php?recId=165,Copyright,https://public.wmo.int/en/copyright
WMO Register of Alerting Authorities,https://alertingauthority.wmo.int/authorities.php?recId=165,Privacy Policy,https://public.wmo.int/en/privacy-policy
WMO Register of Alerting Authorities,https://alertingauthority.wmo.int/authorities.php?recId=165,Disclaimer,https://public.wmo.int/en/disclaimer
WMO Register of Alerting Authorities,https://alertingauthority.wmo.int/authorities.php?recId=165,Map disclaimer,https://public.wmo.int/en/disclaimer#mapdisclaimer
WMO Register of Alerting Authorities,https://alertingauthority.wmo.int/authorities.php?recId=166,,https://public.wmo.int/en
WMO Register of Alerting Authorities,https://alertingauthority.wmo.int/authorities.php?recId=166,HOME,https://public.wmo.int/en
WMO Register of Alerting Authorities,https://alertingauthority.wmo.int/authorities.php?recId=166,WORLDWEATHER,https://worldweather.wmo.int
WMO Register of Alerting Authorities,https://alertingauthority.wmo.int/authorities.php?recId=166,SEVERE WEATHER,https://severeweather.wmo.int
WMO Register of Alerting Authorities,https://alertingauthority.wmo.int/authorities.php?recId=166,Public Weather Services,https://public.wmo.int/en/programmes/public-weather-services-programme
WMO Register of Alerting Authorities,https://alertingauthority.wmo.int/authorities.php?recId=166,please contact us,https://public.wmo.int/en/about-us/contact-us
WMO Register of Alerting Authorities,https://alertingauthority.wmo.int/authorities.php?recId=166,https://metproducts.gov.tt/ttms/public/api/feed?type=rss,https://metproducts.gov.tt/ttms/public/api/feed?type=rss
WMO Register of Alerting Authorities,https://alertingauthority.wmo.int/authorities.php?recId=166,http://www.metoffice.gov.tt/forecast,http://www.metoffice.gov.tt/forecast
WMO Register of Alerting Authorities,https://alertingauthority.wmo.int/authorities.php?recId=166,© World Meteorological Organization,https://old.wmo.int/extranet/pages/documents/wmo.vcf
WMO Register of Alerting Authorities,https://alertingauthority.wmo.int/authorities.php?recId=166,Copyright,https://public.wmo.int/en/copyright
WMO Register of Alerting Authorities,https://alertingauthority.wmo.int/authorities.php?recId=166,Privacy Policy,https://public.wmo.int/en/privacy-policy
WMO Register of Alerting Authorities,https://alertingauthority.wmo.int/authorities.php?recId=166,Disclaimer,https://public.wmo.int/en/disclaimer
WMO Register of Alerting Authorities,https://alertingauthority.wmo.int/authorities.php?recId=166,Map disclaimer,https://public.wmo.int/en/disclaimer#mapdisclaimer
WMO Register of Alerting Authorities,https://alertingauthority.wmo.int/authorities.php?recId=167,,https://public.wmo.int/en
WMO Register of Alerting Authorities,https://alertingauthority.wmo.int/authorities.php?recId=167,HOME,https://public.wmo.int/en
WMO Register of Alerting Authorities,https://alertingauthority.wmo.int/authorities.php?recId=167,WORLDWEATHER,https://worldweather.wmo.int
WMO Register of Alerting Authorities,https://alertingauthority.wmo.int/authorities.php?recId=167,SEVERE WEATHER,https://severeweather.wmo.int
WMO Register of Alerting Authorities,https://alertingauthority.wmo.int/authorities.php?recId=167,Public Weather Services,https://public.wmo.int/en/programmes/public-weather-services-programme
WMO Register of Alerting Authorities,https://alertingauthority.wmo.int/authorities.php?recId=167,please contact us,https://public.wmo.int/en/about-us/contact-us
WMO Register of Alerting Authorities,https://alertingauthority.wmo.int/authorities.php?recId=167,https://cap-sources.s3.amazonaws.com/tn-meteo-fr/rss.xml,https://cap-sources.s3.amazonaws.com/tn-meteo-fr/rss.xml
WMO Register of Alerting Authorities,https://alertingauthority.wmo.int/authorities.php?recId=167,https://cap-sources.s3.amazonaws.com/tn-meteo-en/rss.xml,https://cap-sources.s3.amazonaws.com/tn-meteo-en/rss.xml
WMO Register of Alerting Authorities,https://alertingauthority.wmo.int/authorities.php?recId=167,https://cap-sources.s3.amazonaws.com/tn-meteo-ar/rss.xml,https://cap-sources.s3.amazonaws.com/tn-meteo-ar/rss.xml 
WMO Register of Alerting Authorities,https://alertingauthority.wmo.int/authorities.php?recId=167,http://www.worldweather.org/123/c00243.htm,http://www.worldweather.org/123/c00243.htm
WMO Register of Alerting Authorities,https://alertingauthority.wmo.int/authorities.php?recId=167,© World Meteorological Organization,https://old.wmo.int/extranet/pages/documents/wmo.vcf
WMO Register of Alerting Authorities,https://alertingauthority.wmo.int/authorities.php?recId=167,Copyright,https://public.wmo.int/en/copyright
WMO Register of Alerting Authorities,https://alertingauthority.wmo.int/authorities.php?recId=167,Privacy Policy,https://public.wmo.int/en/privacy-policy
WMO Register of Alerting Authorities,https://alertingauthority.wmo.int/authorities.php?recId=167,Disclaimer,https://public.wmo.int/en/disclaimer
WMO Register of Alerting Authorities,https://alertingauthority.wmo.int/authorities.php?recId=167,Map disclaimer,https://public.wmo.int/en/disclaimer#mapdisclaimer
WMO Register of Alerting Authorities,https://alertingauthority.wmo.int/authorities.php?recId=168,,https://public.wmo.int/en
WMO Register of Alerting Authorities,https://alertingauthority.wmo.int/authorities.php?recId=168,HOME,https://public.wmo.int/en
WMO Register of Alerting Authorities,https://alertingauthority.wmo.int/authorities.php?recId=168,WORLDWEATHER,https://worldweather.wmo.int
WMO Register of Alerting Authorities,https://alertingauthority.wmo.int/authorities.php?recId=168,SEVERE WEATHER,https://severeweather.wmo.int
WMO Register of Alerting Authorities,https://alertingauthority.wmo.int/authorities.php?recId=168,Public Weather Services,https://public.wmo.int/en/programmes/public-weather-services-programme
WMO Register of Alerting Authorities,https://alertingauthority.wmo.int/authorities.php?recId=168,please contact us,https://public.wmo.int/en/about-us/contact-us
WMO Register of Alerting Authorities,https://alertingauthority.wmo.int/authorities.php?recId=168,© World Meteorological Organization,https://old.wmo.int/extranet/pages/documents/wmo.vcf
WMO Register of Alerting Authorities,https://alertingauthority.wmo.int/authorities.php?recId=168,Copyright,https://public.wmo.int/en/copyright
WMO Register of Alerting Authorities,https://alertingauthority.wmo.int/authorities.php?recId=168,Privacy Policy,https://public.wmo.int/en/privacy-policy
WMO Register of Alerting Authorities,https://alertingauthority.wmo.int/authorities.php?recId=168,Disclaimer,https://public.wmo.int/en/disclaimer
WMO Register of Alerting Authorities,https://alertingauthority.wmo.int/authorities.php?recId=168,Map disclaimer,https://public.wmo.int/en/disclaimer#mapdisclaimer
WMO Register of Alerting Authorities,https://alertingauthority.wmo.int/authorities.php?recId=169,,https://public.wmo.int/en
WMO Register of Alerting Authorities,https://alertingauthority.wmo.int/authorities.php?recId=169,HOME,https://public.wmo.int/en
WMO Register of Alerting Authorities,https://alertingauthority.wmo.int/authorities.php?recId=169,WORLDWEATHER,https://worldweather.wmo.int
WMO Register of Alerting Authorities,https://alertingauthority.wmo.int/authorities.php?recId=169,SEVERE WEATHER,https://severeweather.wmo.int
WMO Register of Alerting Authorities,https://alertingauthority.wmo.int/authorities.php?recId=169,Public Weather Services,https://public.wmo.int/en/programmes/public-weather-services-programme
WMO Register of Alerting Authorities,https://alertingauthority.wmo.int/authorities.php?recId=169,please contact us,https://public.wmo.int/en/about-us/contact-us
WMO Register of Alerting Authorities,https://alertingauthority.wmo.int/authorities.php?recId=169,http://www.worldweather.org/014/m014.htm,http://www.worldweather.org/014/m014.htm
WMO Register of Alerting Authorities,https://alertingauthority.wmo.int/authorities.php?recId=169,© World Meteorological Organization,https://old.wmo.int/extranet/pages/documents/wmo.vcf
WMO Register of Alerting Authorities,https://alertingauthority.wmo.int/authorities.php?recId=169,Copyright,https://public.wmo.int/en/copyright
WMO Register of Alerting Authorities,https://alertingauthority.wmo.int/authorities.php?recId=169,Privacy Policy,https://public.wmo.int/en/privacy-policy
WMO Register of Alerting Authorities,https://alertingauthority.wmo.int/authorities.php?recId=169,Disclaimer,https://public.wmo.int/en/disclaimer
WMO Register of Alerting Authorities,https://alertingauthority.wmo.int/authorities.php?recId=169,Map disclaimer,https://public.wmo.int/en/disclaimer#mapdisclaimer
WMO Register of Alerting Authorities,https://alertingauthority.wmo.int/authorities.php?recId=170,,https://public.wmo.int/en
WMO Register of Alerting Authorities,https://alertingauthority.wmo.int/authorities.php?recId=170,HOME,https://public.wmo.int/en
WMO Register of Alerting Authorities,https://alertingauthority.wmo.int/authorities.php?recId=170,WORLDWEATHER,https://worldweather.wmo.int
WMO Register of Alerting Authorities,https://alertingauthority.wmo.int/authorities.php?recId=170,SEVERE WEATHER,https://severeweather.wmo.int
WMO Register of Alerting Authorities,https://alertingauthority.wmo.int/authorities.php?recId=170,Public Weather Services,https://public.wmo.int/en/programmes/public-weather-services-programme
WMO Register of Alerting Authorities,https://alertingauthority.wmo.int/authorities.php?recId=170,please contact us,https://public.wmo.int/en/about-us/contact-us
WMO Register of Alerting Authorities,https://alertingauthority.wmo.int/authorities.php?recId=170,https://wids.mwe.go.ug/api/v1/cap/feed,https://wids.mwe.go.ug/api/v1/cap/feed
WMO Register of Alerting Authorities,https://alertingauthority.wmo.int/authorities.php?recId=170,https://wids.mwe.go.ug,https://wids.mwe.go.ug
WMO Register of Alerting Authorities,https://alertingauthority.wmo.int/authorities.php?recId=170,© World Meteorological Organization,https://old.wmo.int/extranet/pages/documents/wmo.vcf
WMO Register of Alerting Authorities,https://alertingauthority.wmo.int/authorities.php?recId=170,Copyright,https://public.wmo.int/en/copyright
WMO Register of Alerting Authorities,https://alertingauthority.wmo.int/authorities.php?recId=170,Privacy Policy,https://public.wmo.int/en/privacy-policy
WMO Register of Alerting Authorities,https://alertingauthority.wmo.int/authorities.php?recId=170,Disclaimer,https://public.wmo.int/en/disclaimer
WMO Register of Alerting Authorities,https://alertingauthority.wmo.int/authorities.php?recId=170,Map disclaimer,https://public.wmo.int/en/disclaimer#mapdisclaimer
WMO Register of Alerting Authorities,https://alertingauthority.wmo.int/authorities.php?recId=171,,https://public.wmo.int/en
WMO Register of Alerting Authorities,https://alertingauthority.wmo.int/authorities.php?recId=171,HOME,https://public.wmo.int/en
WMO Register of Alerting Authorities,https://alertingauthority.wmo.int/authorities.php?recId=171,WORLDWEATHER,https://worldweather.wmo.int
WMO Register of Alerting Authorities,https://alertingauthority.wmo.int/authorities.php?recId=171,SEVERE WEATHER,https://severeweather.wmo.int
WMO Register of Alerting Authorities,https://alertingauthority.wmo.int/authorities.php?recId=171,Public Weather Services,https://public.wmo.int/en/programmes/public-weather-services-programme
WMO Register of Alerting Authorities,https://alertingauthority.wmo.int/authorities.php?recId=171,please contact us,https://public.wmo.int/en/about-us/contact-us
WMO Register of Alerting Authorities,https://alertingauthority.wmo.int/authorities.php?recId=171,© World Meteorological Organization,https://old.wmo.int/extranet/pages/documents/wmo.vcf
WMO Register of Alerting Authorities,https://alertingauthority.wmo.int/authorities.php?recId=171,Copyright,https://public.wmo.int/en/copyright
WMO Register of Alerting Authorities,https://alertingauthority.wmo.int/authorities.php?recId=171,Privacy Policy,https://public.wmo.int/en/privacy-policy
WMO Register of Alerting Authorities,https://alertingauthority.wmo.int/authorities.php?recId=171,Disclaimer,https://public.wmo.int/en/disclaimer
WMO Register of Alerting Authorities,https://alertingauthority.wmo.int/authorities.php?recId=171,Map disclaimer,https://public.wmo.int/en/disclaimer#mapdisclaimer
WMO Register of Alerting Authorities,https://alertingauthority.wmo.int/authorities.php?recId=172,,https://public.wmo.int/en
WMO Register of Alerting Authorities,https://alertingauthority.wmo.int/authorities.php?recId=172,HOME,https://public.wmo.int/en
WMO Register of Alerting Authorities,https://alertingauthority.wmo.int/authorities.php?recId=172,WORLDWEATHER,https://worldweather.wmo.int
WMO Register of Alerting Authorities,https://alertingauthority.wmo.int/authorities.php?recId=172,SEVERE WEATHER,https://severeweather.wmo.int
WMO Register of Alerting Authorities,https://alertingauthority.wmo.int/authorities.php?recId=172,Public Weather Services,https://public.wmo.int/en/programmes/public-weather-services-programme
WMO Register of Alerting Authorities,https://alertingauthority.wmo.int/authorities.php?recId=172,please contact us,https://public.wmo.int/en/about-us/contact-us
WMO Register of Alerting Authorities,https://alertingauthority.wmo.int/authorities.php?recId=172,https://feeds.meteoalarm.org/feeds/meteoalarm-legacy-atom-ukraine,https://feeds.meteoalarm.org/feeds/meteoalarm-legacy-atom-ukraine
WMO Register of Alerting Authorities,https://alertingauthority.wmo.int/authorities.php?recId=172,https://feeds.meteoalarm.org/feeds/meteoalarm-legacy-atom-ukraine,https://feeds.meteoalarm.org/feeds/meteoalarm-legacy-atom-ukraine
WMO Register of Alerting Authorities,https://alertingauthority.wmo.int/authorities.php?recId=172,https://www.meteo.gov.ua/en/,https://www.meteo.gov.ua/en/
WMO Register of Alerting Authorities,https://alertingauthority.wmo.int/authorities.php?recId=172,© World Meteorological Organization,https://old.wmo.int/extranet/pages/documents/wmo.vcf
WMO Register of Alerting Authorities,https://alertingauthority.wmo.int/authorities.php?recId=172,Copyright,https://public.wmo.int/en/copyright
WMO Register of Alerting Authorities,https://alertingauthority.wmo.int/authorities.php?recId=172,Privacy Policy,https://public.wmo.int/en/privacy-policy
WMO Register of Alerting Authorities,https://alertingauthority.wmo.int/authorities.php?recId=172,Disclaimer,https://public.wmo.int/en/disclaimer
WMO Register of Alerting Authorities,https://alertingauthority.wmo.int/authorities.php?recId=172,Map disclaimer,https://public.wmo.int/en/disclaimer#mapdisclaimer
WMO Register of Alerting Authorities,https://alertingauthority.wmo.int/authorities.php?recId=173,,https://public.wmo.int/en
WMO Register of Alerting Authorities,https://alertingauthority.wmo.int/authorities.php?recId=173,HOME,https://public.wmo.int/en
WMO Register of Alerting Authorities,https://alertingauthority.wmo.int/authorities.php?recId=173,WORLDWEATHER,https://worldweather.wmo.int
WMO Register of Alerting Authorities,https://alertingauthority.wmo.int/authorities.php?recId=173,SEVERE WEATHER,https://severeweather.wmo.int
WMO Register of Alerting Authorities,https://alertingauthority.wmo.int/authorities.php?recId=173,Public Weather Services,https://public.wmo.int/en/programmes/public-weather-services-programme
WMO Register of Alerting Authorities,https://alertingauthority.wmo.int/authorities.php?recId=173,please contact us,https://public.wmo.int/en/about-us/contact-us
WMO Register of Alerting Authorities,https://alertingauthority.wmo.int/authorities.php?recId=173,http://www.worldweather.org/117/m117.htm,http://www.worldweather.org/117/m117.htm
WMO Register of Alerting Authorities,https://alertingauthority.wmo.int/authorities.php?recId=173,© World Meteorological Organization,https://old.wmo.int/extranet/pages/documents/wmo.vcf
WMO Register of Alerting Authorities,https://alertingauthority.wmo.int/authorities.php?recId=173,Copyright,https://public.wmo.int/en/copyright
WMO Register of Alerting Authorities,https://alertingauthority.wmo.int/authorities.php?recId=173,Privacy Policy,https://public.wmo.int/en/privacy-policy
WMO Register of Alerting Authorities,https://alertingauthority.wmo.int/authorities.php?recId=173,Disclaimer,https://public.wmo.int/en/disclaimer
WMO Register of Alerting Authorities,https://alertingauthority.wmo.int/authorities.php?recId=173,Map disclaimer,https://public.wmo.int/en/disclaimer#mapdisclaimer
WMO Register of Alerting Authorities,https://alertingauthority.wmo.int/authorities.php?recId=174,,https://public.wmo.int/en
WMO Register of Alerting Authorities,https://alertingauthority.wmo.int/authorities.php?recId=174,HOME,https://public.wmo.int/en
WMO Register of Alerting Authorities,https://alertingauthority.wmo.int/authorities.php?recId=174,WORLDWEATHER,https://worldweather.wmo.int
WMO Register of Alerting Authorities,https://alertingauthority.wmo.int/authorities.php?recId=174,SEVERE WEATHER,https://severeweather.wmo.int
WMO Register of Alerting Authorities,https://alertingauthority.wmo.int/authorities.php?recId=174,Public Weather Services,https://public.wmo.int/en/programmes/public-weather-services-programme
WMO Register of Alerting Authorities,https://alertingauthority.wmo.int/authorities.php?recId=174,please contact us,https://public.wmo.int/en/about-us/contact-us
WMO Register of Alerting Authorities,https://alertingauthority.wmo.int/authorities.php?recId=174,https://feeds.meteoalarm.org/feeds/meteoalarm-legacy-atom-united-kingdom,https://feeds.meteoalarm.org/feeds/meteoalarm-legacy-atom-united-kingdom
WMO Register of Alerting Authorities,https://alertingauthority.wmo.int/authorities.php?recId=174,http://www.metoffice.gov.uk/,http://www.metoffice.gov.uk/
WMO Register of Alerting Authorities,https://alertingauthority.wmo.int/authorities.php?recId=174,© World Meteorological Organization,https://old.wmo.int/extranet/pages/documents/wmo.vcf
WMO Register of Alerting Authorities,https://alertingauthority.wmo.int/authorities.php?recId=174,Copyright,https://public.wmo.int/en/copyright
WMO Register of Alerting Authorities,https://alertingauthority.wmo.int/authorities.php?recId=174,Privacy Policy,https://public.wmo.int/en/privacy-policy
WMO Register of Alerting Authorities,https://alertingauthority.wmo.int/authorities.php?recId=174,Disclaimer,https://public.wmo.int/en/disclaimer
WMO Register of Alerting Authorities,https://alertingauthority.wmo.int/authorities.php?recId=174,Map disclaimer,https://public.wmo.int/en/disclaimer#mapdisclaimer
WMO Register of Alerting Authorities,https://alertingauthority.wmo.int/authorities.php?recId=175,,https://public.wmo.int/en
WMO Register of Alerting Authorities,https://alertingauthority.wmo.int/authorities.php?recId=175,HOME,https://public.wmo.int/en
WMO Register of Alerting Authorities,https://alertingauthority.wmo.int/authorities.php?recId=175,WORLDWEATHER,https://worldweather.wmo.int
WMO Register of Alerting Authorities,https://alertingauthority.wmo.int/authorities.php?recId=175,SEVERE WEATHER,https://severeweather.wmo.int
WMO Register of Alerting Authorities,https://alertingauthority.wmo.int/authorities.php?recId=175,Public Weather Services,https://public.wmo.int/en/programmes/public-weather-services-programme
WMO Register of Alerting Authorities,https://alertingauthority.wmo.int/authorities.php?recId=175,please contact us,https://public.wmo.int/en/about-us/contact-us
WMO Register of Alerting Authorities,https://alertingauthority.wmo.int/authorities.php?recId=175,https://check-for-flooding.service.gov.uk/,https://check-for-flooding.service.gov.uk/
WMO Register of Alerting Authorities,https://alertingauthority.wmo.int/authorities.php?recId=175,© World Meteorological Organization,https://old.wmo.int/extranet/pages/documents/wmo.vcf
WMO Register of Alerting Authorities,https://alertingauthority.wmo.int/authorities.php?recId=175,Copyright,https://public.wmo.int/en/copyright
WMO Register of Alerting Authorities,https://alertingauthority.wmo.int/authorities.php?recId=175,Privacy Policy,https://public.wmo.int/en/privacy-policy
WMO Register of Alerting Authorities,https://alertingauthority.wmo.int/authorities.php?recId=175,Disclaimer,https://public.wmo.int/en/disclaimer
WMO Register of Alerting Authorities,https://alertingauthority.wmo.int/authorities.php?recId=175,Map disclaimer,https://public.wmo.int/en/disclaimer#mapdisclaimer
WMO Register of Alerting Authorities,https://alertingauthority.wmo.int/authorities.php?recId=176,,https://public.wmo.int/en
WMO Register of Alerting Authorities,https://alertingauthority.wmo.int/authorities.php?recId=176,HOME,https://public.wmo.int/en
WMO Register of Alerting Authorities,https://alertingauthority.wmo.int/authorities.php?recId=176,WORLDWEATHER,https://worldweather.wmo.int
WMO Register of Alerting Authorities,https://alertingauthority.wmo.int/authorities.php?recId=176,SEVERE WEATHER,https://severeweather.wmo.int
WMO Register of Alerting Authorities,https://alertingauthority.wmo.int/authorities.php?recId=176,Public Weather Services,https://public.wmo.int/en/programmes/public-weather-services-programme
WMO Register of Alerting Authorities,https://alertingauthority.wmo.int/authorities.php?recId=176,please contact us,https://public.wmo.int/en/about-us/contact-us
WMO Register of Alerting Authorities,https://alertingauthority.wmo.int/authorities.php?recId=176,https://cap-sources.s3.amazonaws.com/tz-tma-en/rss.xml,https://cap-sources.s3.amazonaws.com/tz-tma-en/rss.xml
WMO Register of Alerting Authorities,https://alertingauthority.wmo.int/authorities.php?recId=176,http://www.meteo.go.tz,http://www.meteo.go.tz
WMO Register of Alerting Authorities,https://alertingauthority.wmo.int/authorities.php?recId=176,© World Meteorological Organization,https://old.wmo.int/extranet/pages/documents/wmo.vcf
WMO Register of Alerting Authorities,https://alertingauthority.wmo.int/authorities.php?recId=176,Copyright,https://public.wmo.int/en/copyright
WMO Register of Alerting Authorities,https://alertingauthority.wmo.int/authorities.php?recId=176,Privacy Policy,https://public.wmo.int/en/privacy-policy
WMO Register of Alerting Authorities,https://alertingauthority.wmo.int/authorities.php?recId=176,Disclaimer,https://public.wmo.int/en/disclaimer
WMO Register of Alerting Authorities,https://alertingauthority.wmo.int/authorities.php?recId=176,Map disclaimer,https://public.wmo.int/en/disclaimer#mapdisclaimer
WMO Register of Alerting Authorities,https://alertingauthority.wmo.int/authorities.php?recId=177,,https://public.wmo.int/en
WMO Register of Alerting Authorities,https://alertingauthority.wmo.int/authorities.php?recId=177,HOME,https://public.wmo.int/en
WMO Register of Alerting Authorities,https://alertingauthority.wmo.int/authorities.php?recId=177,WORLDWEATHER,https://worldweather.wmo.int
WMO Register of Alerting Authorities,https://alertingauthority.wmo.int/authorities.php?recId=177,SEVERE WEATHER,https://severeweather.wmo.int
WMO Register of Alerting Authorities,https://alertingauthority.wmo.int/authorities.php?recId=177,Public Weather Services,https://public.wmo.int/en/programmes/public-weather-services-programme
WMO Register of Alerting Authorities,https://alertingauthority.wmo.int/authorities.php?recId=177,please contact us,https://public.wmo.int/en/about-us/contact-us
WMO Register of Alerting Authorities,https://alertingauthority.wmo.int/authorities.php?recId=177,https://alerts.weather.gov/cap/us.php?x=0,https://alerts.weather.gov/cap/us.php?x=0
WMO Register of Alerting Authorities,https://alertingauthority.wmo.int/authorities.php?recId=177,http://www.worldweather.org/093/m093.htm,http://www.worldweather.org/093/m093.htm
WMO Register of Alerting Authorities,https://alertingauthority.wmo.int/authorities.php?recId=177,© World Meteorological Organization,https://old.wmo.int/extranet/pages/documents/wmo.vcf
WMO Register of Alerting Authorities,https://alertingauthority.wmo.int/authorities.php?recId=177,Copyright,https://public.wmo.int/en/copyright
WMO Register of Alerting Authorities,https://alertingauthority.wmo.int/authorities.php?recId=177,Privacy Policy,https://public.wmo.int/en/privacy-policy
WMO Register of Alerting Authorities,https://alertingauthority.wmo.int/authorities.php?recId=177,Disclaimer,https://public.wmo.int/en/disclaimer
WMO Register of Alerting Authorities,https://alertingauthority.wmo.int/authorities.php?recId=177,Map disclaimer,https://public.wmo.int/en/disclaimer#mapdisclaimer
WMO Register of Alerting Authorities,https://alertingauthority.wmo.int/authorities.php?recId=178,,https://public.wmo.int/en
WMO Register of Alerting Authorities,https://alertingauthority.wmo.int/authorities.php?recId=178,HOME,https://public.wmo.int/en
WMO Register of Alerting Authorities,https://alertingauthority.wmo.int/authorities.php?recId=178,WORLDWEATHER,https://worldweather.wmo.int
WMO Register of Alerting Authorities,https://alertingauthority.wmo.int/authorities.php?recId=178,SEVERE WEATHER,https://severeweather.wmo.int
WMO Register of Alerting Authorities,https://alertingauthority.wmo.int/authorities.php?recId=178,Public Weather Services,https://public.wmo.int/en/programmes/public-weather-services-programme
WMO Register of Alerting Authorities,https://alertingauthority.wmo.int/authorities.php?recId=178,please contact us,https://public.wmo.int/en/about-us/contact-us
WMO Register of Alerting Authorities,https://alertingauthority.wmo.int/authorities.php?recId=178,https://www.inumet.gub.uy/reportes/riesgo/rss.xml,https://www.inumet.gub.uy/reportes/riesgo/rss.xml
WMO Register of Alerting Authorities,https://alertingauthority.wmo.int/authorities.php?recId=178,https://www.inumet.gub.uy/,https://www.inumet.gub.uy/
WMO Register of Alerting Authorities,https://alertingauthority.wmo.int/authorities.php?recId=178,© World Meteorological Organization,https://old.wmo.int/extranet/pages/documents/wmo.vcf
WMO Register of Alerting Authorities,https://alertingauthority.wmo.int/authorities.php?recId=178,Copyright,https://public.wmo.int/en/copyright
WMO Register of Alerting Authorities,https://alertingauthority.wmo.int/authorities.php?recId=178,Privacy Policy,https://public.wmo.int/en/privacy-policy
WMO Register of Alerting Authorities,https://alertingauthority.wmo.int/authorities.php?recId=178,Disclaimer,https://public.wmo.int/en/disclaimer
WMO Register of Alerting Authorities,https://alertingauthority.wmo.int/authorities.php?recId=178,Map disclaimer,https://public.wmo.int/en/disclaimer#mapdisclaimer
WMO Register of Alerting Authorities,https://alertingauthority.wmo.int/authorities.php?recId=179,,https://public.wmo.int/en
WMO Register of Alerting Authorities,https://alertingauthority.wmo.int/authorities.php?recId=179,HOME,https://public.wmo.int/en
WMO Register of Alerting Authorities,https://alertingauthority.wmo.int/authorities.php?recId=179,WORLDWEATHER,https://worldweather.wmo.int
WMO Register of Alerting Authorities,https://alertingauthority.wmo.int/authorities.php?recId=179,SEVERE WEATHER,https://severeweather.wmo.int
WMO Register of Alerting Authorities,https://alertingauthority.wmo.int/authorities.php?recId=179,Public Weather Services,https://public.wmo.int/en/programmes/public-weather-services-programme
WMO Register of Alerting Authorities,https://alertingauthority.wmo.int/authorities.php?recId=179,please contact us,https://public.wmo.int/en/about-us/contact-us
WMO Register of Alerting Authorities,https://alertingauthority.wmo.int/authorities.php?recId=179,https://cap-sources.s3.amazonaws.com/vu-vmgd-en/rss.xml,https://cap-sources.s3.amazonaws.com/vu-vmgd-en/rss.xml
WMO Register of Alerting Authorities,https://alertingauthority.wmo.int/authorities.php?recId=179,http://www.meteo.gov.vu,http://www.meteo.gov.vu
WMO Register of Alerting Authorities,https://alertingauthority.wmo.int/authorities.php?recId=179,© World Meteorological Organization,https://old.wmo.int/extranet/pages/documents/wmo.vcf
WMO Register of Alerting Authorities,https://alertingauthority.wmo.int/authorities.php?recId=179,Copyright,https://public.wmo.int/en/copyright
WMO Register of Alerting Authorities,https://alertingauthority.wmo.int/authorities.php?recId=179,Privacy Policy,https://public.wmo.int/en/privacy-policy
WMO Register of Alerting Authorities,https://alertingauthority.wmo.int/authorities.php?recId=179,Disclaimer,https://public.wmo.int/en/disclaimer
WMO Register of Alerting Authorities,https://alertingauthority.wmo.int/authorities.php?recId=179,Map disclaimer,https://public.wmo.int/en/disclaimer#mapdisclaimer
WMO Register of Alerting Authorities,https://alertingauthority.wmo.int/authorities.php?recId=180,,https://public.wmo.int/en
WMO Register of Alerting Authorities,https://alertingauthority.wmo.int/authorities.php?recId=180,HOME,https://public.wmo.int/en
WMO Register of Alerting Authorities,https://alertingauthority.wmo.int/authorities.php?recId=180,WORLDWEATHER,https://worldweather.wmo.int
WMO Register of Alerting Authorities,https://alertingauthority.wmo.int/authorities.php?recId=180,SEVERE WEATHER,https://severeweather.wmo.int
WMO Register of Alerting Authorities,https://alertingauthority.wmo.int/authorities.php?recId=180,Public Weather Services,https://public.wmo.int/en/programmes/public-weather-services-programme
WMO Register of Alerting Authorities,https://alertingauthority.wmo.int/authorities.php?recId=180,please contact us,https://public.wmo.int/en/about-us/contact-us
WMO Register of Alerting Authorities,https://alertingauthority.wmo.int/authorities.php?recId=180,http://www.worldweather.org/135/m135.htm,http://www.worldweather.org/135/m135.htm
WMO Register of Alerting Authorities,https://alertingauthority.wmo.int/authorities.php?recId=180,© World Meteorological Organization,https://old.wmo.int/extranet/pages/documents/wmo.vcf
WMO Register of Alerting Authorities,https://alertingauthority.wmo.int/authorities.php?recId=180,Copyright,https://public.wmo.int/en/copyright
WMO Register of Alerting Authorities,https://alertingauthority.wmo.int/authorities.php?recId=180,Privacy Policy,https://public.wmo.int/en/privacy-policy
WMO Register of Alerting Authorities,https://alertingauthority.wmo.int/authorities.php?recId=180,Disclaimer,https://public.wmo.int/en/disclaimer
WMO Register of Alerting Authorities,https://alertingauthority.wmo.int/authorities.php?recId=180,Map disclaimer,https://public.wmo.int/en/disclaimer#mapdisclaimer
WMO Register of Alerting Authorities,https://alertingauthority.wmo.int/authorities.php?recId=181,,https://public.wmo.int/en
WMO Register of Alerting Authorities,https://alertingauthority.wmo.int/authorities.php?recId=181,HOME,https://public.wmo.int/en
WMO Register of Alerting Authorities,https://alertingauthority.wmo.int/authorities.php?recId=181,WORLDWEATHER,https://worldweather.wmo.int
WMO Register of Alerting Authorities,https://alertingauthority.wmo.int/authorities.php?recId=181,SEVERE WEATHER,https://severeweather.wmo.int
WMO Register of Alerting Authorities,https://alertingauthority.wmo.int/authorities.php?recId=181,Public Weather Services,https://public.wmo.int/en/programmes/public-weather-services-programme
WMO Register of Alerting Authorities,https://alertingauthority.wmo.int/authorities.php?recId=181,please contact us,https://public.wmo.int/en/about-us/contact-us
WMO Register of Alerting Authorities,https://alertingauthority.wmo.int/authorities.php?recId=181,http://www.worldweather.org/082/m082.htm,http://www.worldweather.org/082/m082.htm
WMO Register of Alerting Authorities,https://alertingauthority.wmo.int/authorities.php?recId=181,© World Meteorological Organization,https://old.wmo.int/extranet/pages/documents/wmo.vcf
WMO Register of Alerting Authorities,https://alertingauthority.wmo.int/authorities.php?recId=181,Copyright,https://public.wmo.int/en/copyright
WMO Register of Alerting Authorities,https://alertingauthority.wmo.int/authorities.php?recId=181,Privacy Policy,https://public.wmo.int/en/privacy-policy
WMO Register of Alerting Authorities,https://alertingauthority.wmo.int/authorities.php?recId=181,Disclaimer,https://public.wmo.int/en/disclaimer
WMO Register of Alerting Authorities,https://alertingauthority.wmo.int/authorities.php?recId=181,Map disclaimer,https://public.wmo.int/en/disclaimer#mapdisclaimer
WMO Register of Alerting Authorities,https://alertingauthority.wmo.int/authorities.php?recId=182,,https://public.wmo.int/en
WMO Register of Alerting Authorities,https://alertingauthority.wmo.int/authorities.php?recId=182,HOME,https://public.wmo.int/en
WMO Register of Alerting Authorities,https://alertingauthority.wmo.int/authorities.php?recId=182,WORLDWEATHER,https://worldweather.wmo.int
WMO Register of Alerting Authorities,https://alertingauthority.wmo.int/authorities.php?recId=182,SEVERE WEATHER,https://severeweather.wmo.int
WMO Register of Alerting Authorities,https://alertingauthority.wmo.int/authorities.php?recId=182,Public Weather Services,https://public.wmo.int/en/programmes/public-weather-services-programme
WMO Register of Alerting Authorities,https://alertingauthority.wmo.int/authorities.php?recId=182,please contact us,https://public.wmo.int/en/about-us/contact-us
WMO Register of Alerting Authorities,https://alertingauthority.wmo.int/authorities.php?recId=182,https://cap-sources.s3.amazonaws.com/in-imd-en/rss.xml,https://cap-sources.s3.amazonaws.com/in-imd-en/rss.xml
WMO Register of Alerting Authorities,https://alertingauthority.wmo.int/authorities.php?recId=182,http://www.worldweather.org/066/m066.htm,http://www.worldweather.org/066/m066.htm
WMO Register of Alerting Authorities,https://alertingauthority.wmo.int/authorities.php?recId=182,© World Meteorological Organization,https://old.wmo.int/extranet/pages/documents/wmo.vcf
WMO Register of Alerting Authorities,https://alertingauthority.wmo.int/authorities.php?recId=182,Copyright,https://public.wmo.int/en/copyright
WMO Register of Alerting Authorities,https://alertingauthority.wmo.int/authorities.php?recId=182,Privacy Policy,https://public.wmo.int/en/privacy-policy
WMO Register of Alerting Authorities,https://alertingauthority.wmo.int/authorities.php?recId=182,Disclaimer,https://public.wmo.int/en/disclaimer
WMO Register of Alerting Authorities,https://alertingauthority.wmo.int/authorities.php?recId=182,Map disclaimer,https://public.wmo.int/en/disclaimer#mapdisclaimer
WMO Register of Alerting Authorities,https://alertingauthority.wmo.int/authorities.php?recId=183,,https://public.wmo.int/en
WMO Register of Alerting Authorities,https://alertingauthority.wmo.int/authorities.php?recId=183,HOME,https://public.wmo.int/en
WMO Register of Alerting Authorities,https://alertingauthority.wmo.int/authorities.php?recId=183,WORLDWEATHER,https://worldweather.wmo.int
WMO Register of Alerting Authorities,https://alertingauthority.wmo.int/authorities.php?recId=183,SEVERE WEATHER,https://severeweather.wmo.int
WMO Register of Alerting Authorities,https://alertingauthority.wmo.int/authorities.php?recId=183,Public Weather Services,https://public.wmo.int/en/programmes/public-weather-services-programme
WMO Register of Alerting Authorities,https://alertingauthority.wmo.int/authorities.php?recId=183,please contact us,https://public.wmo.int/en/about-us/contact-us
WMO Register of Alerting Authorities,https://alertingauthority.wmo.int/authorities.php?recId=183,https://www.bmkg.go.id/alerts/nowcast/id,https://www.bmkg.go.id/alerts/nowcast/id
WMO Register of Alerting Authorities,https://alertingauthority.wmo.int/authorities.php?recId=183,https://www.bmkg.go.id/alerts/nowcast/en,https://www.bmkg.go.id/alerts/nowcast/en
WMO Register of Alerting Authorities,https://alertingauthority.wmo.int/authorities.php?recId=183,https://bmkg-content-inatews.storage.googleapis.com/capatomlast40event.xml,https://bmkg-content-inatews.storage.googleapis.com/capatomlast40event.xml
WMO Register of Alerting Authorities,https://alertingauthority.wmo.int/authorities.php?recId=183,http://worldweather.wmo.int/en/country.html?countryCode=43,http://worldweather.wmo.int/en/country.html?countryCode=43
WMO Register of Alerting Authorities,https://alertingauthority.wmo.int/authorities.php?recId=183,© World Meteorological Organization,https://old.wmo.int/extranet/pages/documents/wmo.vcf
WMO Register of Alerting Authorities,https://alertingauthority.wmo.int/authorities.php?recId=183,Copyright,https://public.wmo.int/en/copyright
WMO Register of Alerting Authorities,https://alertingauthority.wmo.int/authorities.php?recId=183,Privacy Policy,https://public.wmo.int/en/privacy-policy
WMO Register of Alerting Authorities,https://alertingauthority.wmo.int/authorities.php?recId=183,Disclaimer,https://public.wmo.int/en/disclaimer
WMO Register of Alerting Authorities,https://alertingauthority.wmo.int/authorities.php?recId=183,Map disclaimer,https://public.wmo.int/en/disclaimer#mapdisclaimer
WMO Register of Alerting Authorities,https://alertingauthority.wmo.int/authorities.php?recId=184,,https://public.wmo.int/en
WMO Register of Alerting Authorities,https://alertingauthority.wmo.int/authorities.php?recId=184,HOME,https://public.wmo.int/en
WMO Register of Alerting Authorities,https://alertingauthority.wmo.int/authorities.php?recId=184,WORLDWEATHER,https://worldweather.wmo.int
WMO Register of Alerting Authorities,https://alertingauthority.wmo.int/authorities.php?recId=184,SEVERE WEATHER,https://severeweather.wmo.int
WMO Register of Alerting Authorities,https://alertingauthority.wmo.int/authorities.php?recId=184,Public Weather Services,https://public.wmo.int/en/programmes/public-weather-services-programme
WMO Register of Alerting Authorities,https://alertingauthority.wmo.int/authorities.php?recId=184,please contact us,https://public.wmo.int/en/about-us/contact-us
WMO Register of Alerting Authorities,https://alertingauthority.wmo.int/authorities.php?recId=184,http://www.worldweather.org/112/c00214.htm,http://www.worldweather.org/112/c00214.htm
WMO Register of Alerting Authorities,https://alertingauthority.wmo.int/authorities.php?recId=184,© World Meteorological Organization,https://old.wmo.int/extranet/pages/documents/wmo.vcf
WMO Register of Alerting Authorities,https://alertingauthority.wmo.int/authorities.php?recId=184,Copyright,https://public.wmo.int/en/copyright
WMO Register of Alerting Authorities,https://alertingauthority.wmo.int/authorities.php?recId=184,Privacy Policy,https://public.wmo.int/en/privacy-policy
WMO Register of Alerting Authorities,https://alertingauthority.wmo.int/authorities.php?recId=184,Disclaimer,https://public.wmo.int/en/disclaimer
WMO Register of Alerting Authorities,https://alertingauthority.wmo.int/authorities.php?recId=184,Map disclaimer,https://public.wmo.int/en/disclaimer#mapdisclaimer
WMO Register of Alerting Authorities,https://alertingauthority.wmo.int/authorities.php?recId=185,,https://public.wmo.int/en
WMO Register of Alerting Authorities,https://alertingauthority.wmo.int/authorities.php?recId=185,HOME,https://public.wmo.int/en
WMO Register of Alerting Authorities,https://alertingauthority.wmo.int/authorities.php?recId=185,WORLDWEATHER,https://worldweather.wmo.int
WMO Register of Alerting Authorities,https://alertingauthority.wmo.int/authorities.php?recId=185,SEVERE WEATHER,https://severeweather.wmo.int
WMO Register of Alerting Authorities,https://alertingauthority.wmo.int/authorities.php?recId=185,Public Weather Services,https://public.wmo.int/en/programmes/public-weather-services-programme
WMO Register of Alerting Authorities,https://alertingauthority.wmo.int/authorities.php?recId=185,please contact us,https://public.wmo.int/en/about-us/contact-us
WMO Register of Alerting Authorities,https://alertingauthority.wmo.int/authorities.php?recId=185,https://cap-sources.s3.amazonaws.com/mu-mms-en/rss.xml,https://cap-sources.s3.amazonaws.com/mu-mms-en/rss.xml
WMO Register of Alerting Authorities,https://alertingauthority.wmo.int/authorities.php?recId=185,http://www.worldweather.org/178/m178.htm,http://www.worldweather.org/178/m178.htm
WMO Register of Alerting Authorities,https://alertingauthority.wmo.int/authorities.php?recId=185,© World Meteorological Organization,https://old.wmo.int/extranet/pages/documents/wmo.vcf
WMO Register of Alerting Authorities,https://alertingauthority.wmo.int/authorities.php?recId=185,Copyright,https://public.wmo.int/en/copyright
WMO Register of Alerting Authorities,https://alertingauthority.wmo.int/authorities.php?recId=185,Privacy Policy,https://public.wmo.int/en/privacy-policy
WMO Register of Alerting Authorities,https://alertingauthority.wmo.int/authorities.php?recId=185,Disclaimer,https://public.wmo.int/en/disclaimer
WMO Register of Alerting Authorities,https://alertingauthority.wmo.int/authorities.php?recId=185,Map disclaimer,https://public.wmo.int/en/disclaimer#mapdisclaimer
WMO Register of Alerting Authorities,https://alertingauthority.wmo.int/authorities.php?recId=186,,https://public.wmo.int/en
WMO Register of Alerting Authorities,https://alertingauthority.wmo.int/authorities.php?recId=186,HOME,https://public.wmo.int/en
WMO Register of Alerting Authorities,https://alertingauthority.wmo.int/authorities.php?recId=186,WORLDWEATHER,https://worldweather.wmo.int
WMO Register of Alerting Authorities,https://alertingauthority.wmo.int/authorities.php?recId=186,SEVERE WEATHER,https://severeweather.wmo.int
WMO Register of Alerting Authorities,https://alertingauthority.wmo.int/authorities.php?recId=186,Public Weather Services,https://public.wmo.int/en/programmes/public-weather-services-programme
WMO Register of Alerting Authorities,https://alertingauthority.wmo.int/authorities.php?recId=186,please contact us,https://public.wmo.int/en/about-us/contact-us
WMO Register of Alerting Authorities,https://alertingauthority.wmo.int/authorities.php?recId=186,https://cap-sources.s3.amazonaws.com/cm-meteo-fr/rss.xml,https://cap-sources.s3.amazonaws.com/cm-meteo-fr/rss.xml
WMO Register of Alerting Authorities,https://alertingauthority.wmo.int/authorities.php?recId=186,https://cap-sources.s3.amazonaws.com/cm-meteo-en/rss.xml,https://cap-sources.s3.amazonaws.com/cm-meteo-en/rss.xml
WMO Register of Alerting Authorities,https://alertingauthority.wmo.int/authorities.php?recId=186,https://cap-sources.s3.amazonaws.com/cm-meteo-ha/rss.xml,https://cap-sources.s3.amazonaws.com/cm-meteo-ha/rss.xml
WMO Register of Alerting Authorities,https://alertingauthority.wmo.int/authorities.php?recId=186,http://www.worldweather.org/034/m034.htm,http://www.worldweather.org/034/m034.htm
WMO Register of Alerting Authorities,https://alertingauthority.wmo.int/authorities.php?recId=186,© World Meteorological Organization,https://old.wmo.int/extranet/pages/documents/wmo.vcf
WMO Register of Alerting Authorities,https://alertingauthority.wmo.int/authorities.php?recId=186,Copyright,https://public.wmo.int/en/copyright
WMO Register of Alerting Authorities,https://alertingauthority.wmo.int/authorities.php?recId=186,Privacy Policy,https://public.wmo.int/en/privacy-policy
WMO Register of Alerting Authorities,https://alertingauthority.wmo.int/authorities.php?recId=186,Disclaimer,https://public.wmo.int/en/disclaimer
WMO Register of Alerting Authorities,https://alertingauthority.wmo.int/authorities.php?recId=186,Map disclaimer,https://public.wmo.int/en/disclaimer#mapdisclaimer
WMO Register of Alerting Authorities,https://alertingauthority.wmo.int/authorities.php?recId=187,,https://public.wmo.int/en
WMO Register of Alerting Authorities,https://alertingauthority.wmo.int/authorities.php?recId=187,HOME,https://public.wmo.int/en
WMO Register of Alerting Authorities,https://alertingauthority.wmo.int/authorities.php?recId=187,WORLDWEATHER,https://worldweather.wmo.int
WMO Register of Alerting Authorities,https://alertingauthority.wmo.int/authorities.php?recId=187,SEVERE WEATHER,https://severeweather.wmo.int
WMO Register of Alerting Authorities,https://alertingauthority.wmo.int/authorities.php?recId=187,Public Weather Services,https://public.wmo.int/en/programmes/public-weather-services-programme
WMO Register of Alerting Authorities,https://alertingauthority.wmo.int/authorities.php?recId=187,please contact us,https://public.wmo.int/en/about-us/contact-us
WMO Register of Alerting Authorities,https://alertingauthority.wmo.int/authorities.php?recId=187,© World Meteorological Organization,https://old.wmo.int/extranet/pages/documents/wmo.vcf
WMO Register of Alerting Authorities,https://alertingauthority.wmo.int/authorities.php?recId=187,Copyright,https://public.wmo.int/en/copyright
WMO Register of Alerting Authorities,https://alertingauthority.wmo.int/authorities.php?recId=187,Privacy Policy,https://public.wmo.int/en/privacy-policy
WMO Register of Alerting Authorities,https://alertingauthority.wmo.int/authorities.php?recId=187,Disclaimer,https://public.wmo.int/en/disclaimer
WMO Register of Alerting Authorities,https://alertingauthority.wmo.int/authorities.php?recId=187,Map disclaimer,https://public.wmo.int/en/disclaimer#mapdisclaimer
WMO Register of Alerting Authorities,https://alertingauthority.wmo.int/authorities.php?recId=188,,https://public.wmo.int/en
WMO Register of Alerting Authorities,https://alertingauthority.wmo.int/authorities.php?recId=188,HOME,https://public.wmo.int/en
WMO Register of Alerting Authorities,https://alertingauthority.wmo.int/authorities.php?recId=188,WORLDWEATHER,https://worldweather.wmo.int
WMO Register of Alerting Authorities,https://alertingauthority.wmo.int/authorities.php?recId=188,SEVERE WEATHER,https://severeweather.wmo.int
WMO Register of Alerting Authorities,https://alertingauthority.wmo.int/authorities.php?recId=188,Public Weather Services,https://public.wmo.int/en/programmes/public-weather-services-programme
WMO Register of Alerting Authorities,https://alertingauthority.wmo.int/authorities.php?recId=188,please contact us,https://public.wmo.int/en/about-us/contact-us
WMO Register of Alerting Authorities,https://alertingauthority.wmo.int/authorities.php?recId=188,© World Meteorological Organization,https://old.wmo.int/extranet/pages/documents/wmo.vcf
WMO Register of Alerting Authorities,https://alertingauthority.wmo.int/authorities.php?recId=188,Copyright,https://public.wmo.int/en/copyright
WMO Register of Alerting Authorities,https://alertingauthority.wmo.int/authorities.php?recId=188,Privacy Policy,https://public.wmo.int/en/privacy-policy
WMO Register of Alerting Authorities,https://alertingauthority.wmo.int/authorities.php?recId=188,Disclaimer,https://public.wmo.int/en/disclaimer
WMO Register of Alerting Authorities,https://alertingauthority.wmo.int/authorities.php?recId=188,Map disclaimer,https://public.wmo.int/en/disclaimer#mapdisclaimer
WMO Register of Alerting Authorities,https://alertingauthority.wmo.int/authorities.php?recId=189,,https://public.wmo.int/en
WMO Register of Alerting Authorities,https://alertingauthority.wmo.int/authorities.php?recId=189,HOME,https://public.wmo.int/en
WMO Register of Alerting Authorities,https://alertingauthority.wmo.int/authorities.php?recId=189,WORLDWEATHER,https://worldweather.wmo.int
WMO Register of Alerting Authorities,https://alertingauthority.wmo.int/authorities.php?recId=189,SEVERE WEATHER,https://severeweather.wmo.int
WMO Register of Alerting Authorities,https://alertingauthority.wmo.int/authorities.php?recId=189,Public Weather Services,https://public.wmo.int/en/programmes/public-weather-services-programme
WMO Register of Alerting Authorities,https://alertingauthority.wmo.int/authorities.php?recId=189,please contact us,https://public.wmo.int/en/about-us/contact-us
WMO Register of Alerting Authorities,https://alertingauthority.wmo.int/authorities.php?recId=189,https://zmd.gov.zm/api/cap/rss.xml,https://zmd.gov.zm/api/cap/rss.xml
WMO Register of Alerting Authorities,https://alertingauthority.wmo.int/authorities.php?recId=189,https://cap-sources.s3.amazonaws.com/zm-zmd-en/rss.xml,https://cap-sources.s3.amazonaws.com/zm-zmd-en/rss.xml
WMO Register of Alerting Authorities,https://alertingauthority.wmo.int/authorities.php?recId=189,© World Meteorological Organization,https://old.wmo.int/extranet/pages/documents/wmo.vcf
WMO Register of Alerting Authorities,https://alertingauthority.wmo.int/authorities.php?recId=189,Copyright,https://public.wmo.int/en/copyright
WMO Register of Alerting Authorities,https://alertingauthority.wmo.int/authorities.php?recId=189,Privacy Policy,https://public.wmo.int/en/privacy-policy
WMO Register of Alerting Authorities,https://alertingauthority.wmo.int/authorities.php?recId=189,Disclaimer,https://public.wmo.int/en/disclaimer
WMO Register of Alerting Authorities,https://alertingauthority.wmo.int/authorities.php?recId=189,Map disclaimer,https://public.wmo.int/en/disclaimer#mapdisclaimer
WMO Register of Alerting Authorities,https://alertingauthority.wmo.int/authorities.php?recId=190,,https://public.wmo.int/en
WMO Register of Alerting Authorities,https://alertingauthority.wmo.int/authorities.php?recId=190,HOME,https://public.wmo.int/en
WMO Register of Alerting Authorities,https://alertingauthority.wmo.int/authorities.php?recId=190,WORLDWEATHER,https://worldweather.wmo.int
WMO Register of Alerting Authorities,https://alertingauthority.wmo.int/authorities.php?recId=190,SEVERE WEATHER,https://severeweather.wmo.int
WMO Register of Alerting Authorities,https://alertingauthority.wmo.int/authorities.php?recId=190,Public Weather Services,https://public.wmo.int/en/programmes/public-weather-services-programme
WMO Register of Alerting Authorities,https://alertingauthority.wmo.int/authorities.php?recId=190,please contact us,https://public.wmo.int/en/about-us/contact-us
WMO Register of Alerting Authorities,https://alertingauthority.wmo.int/authorities.php?recId=190,https://www.weatherzw.org.zw/api/cap/rss.xml,https://www.weatherzw.org.zw/api/cap/rss.xml
WMO Register of Alerting Authorities,https://alertingauthority.wmo.int/authorities.php?recId=190,https://www.weatherzw.org.zw,https://www.weatherzw.org.zw
WMO Register of Alerting Authorities,https://alertingauthority.wmo.int/authorities.php?recId=190,© World Meteorological Organization,https://old.wmo.int/extranet/pages/documents/wmo.vcf
WMO Register of Alerting Authorities,https://alertingauthority.wmo.int/authorities.php?recId=190,Copyright,https://public.wmo.int/en/copyright
WMO Register of Alerting Authorities,https://alertingauthority.wmo.int/authorities.php?recId=190,Privacy Policy,https://public.wmo.int/en/privacy-policy
WMO Register of Alerting Authorities,https://alertingauthority.wmo.int/authorities.php?recId=190,Disclaimer,https://public.wmo.int/en/disclaimer
WMO Register of Alerting Authorities,https://alertingauthority.wmo.int/authorities.php?recId=190,Map disclaimer,https://public.wmo.int/en/disclaimer#mapdisclaimer
WMO Register of Alerting Authorities,https://alertingauthority.wmo.int/authorities.php?recId=191,,https://public.wmo.int/en
WMO Register of Alerting Authorities,https://alertingauthority.wmo.int/authorities.php?recId=191,HOME,https://public.wmo.int/en
WMO Register of Alerting Authorities,https://alertingauthority.wmo.int/authorities.php?recId=191,WORLDWEATHER,https://worldweather.wmo.int
WMO Register of Alerting Authorities,https://alertingauthority.wmo.int/authorities.php?recId=191,SEVERE WEATHER,https://severeweather.wmo.int
WMO Register of Alerting Authorities,https://alertingauthority.wmo.int/authorities.php?recId=191,Public Weather Services,https://public.wmo.int/en/programmes/public-weather-services-programme
WMO Register of Alerting Authorities,https://alertingauthority.wmo.int/authorities.php?recId=191,please contact us,https://public.wmo.int/en/about-us/contact-us
WMO Register of Alerting Authorities,https://alertingauthority.wmo.int/authorities.php?recId=191,© World Meteorological Organization,https://old.wmo.int/extranet/pages/documents/wmo.vcf
WMO Register of Alerting Authorities,https://alertingauthority.wmo.int/authorities.php?recId=191,Copyright,https://public.wmo.int/en/copyright
WMO Register of Alerting Authorities,https://alertingauthority.wmo.int/authorities.php?recId=191,Privacy Policy,https://public.wmo.int/en/privacy-policy
WMO Register of Alerting Authorities,https://alertingauthority.wmo.int/authorities.php?recId=191,Disclaimer,https://public.wmo.int/en/disclaimer
WMO Register of Alerting Authorities,https://alertingauthority.wmo.int/authorities.php?recId=191,Map disclaimer,https://public.wmo.int/en/disclaimer#mapdisclaimer
WMO Register of Alerting Authorities,https://alertingauthority.wmo.int/authorities.php?recId=192,,https://public.wmo.int/en
WMO Register of Alerting Authorities,https://alertingauthority.wmo.int/authorities.php?recId=192,HOME,https://public.wmo.int/en
WMO Register of Alerting Authorities,https://alertingauthority.wmo.int/authorities.php?recId=192,WORLDWEATHER,https://worldweather.wmo.int
WMO Register of Alerting Authorities,https://alertingauthority.wmo.int/authorities.php?recId=192,SEVERE WEATHER,https://severeweather.wmo.int
WMO Register of Alerting Authorities,https://alertingauthority.wmo.int/authorities.php?recId=192,Public Weather Services,https://public.wmo.int/en/programmes/public-weather-services-programme
WMO Register of Alerting Authorities,https://alertingauthority.wmo.int/authorities.php?recId=192,please contact us,https://public.wmo.int/en/about-us/contact-us
WMO Register of Alerting Authorities,https://alertingauthority.wmo.int/authorities.php?recId=192,© World Meteorological Organization,https://old.wmo.int/extranet/pages/documents/wmo.vcf
WMO Register of Alerting Authorities,https://alertingauthority.wmo.int/authorities.php?recId=192,Copyright,https://public.wmo.int/en/copyright
WMO Register of Alerting Authorities,https://alertingauthority.wmo.int/authorities.php?recId=192,Privacy Policy,https://public.wmo.int/en/privacy-policy
WMO Register of Alerting Authorities,https://alertingauthority.wmo.int/authorities.php?recId=192,Disclaimer,https://public.wmo.int/en/disclaimer
WMO Register of Alerting Authorities,https://alertingauthority.wmo.int/authorities.php?recId=192,Map disclaimer,https://public.wmo.int/en/disclaimer#mapdisclaimer
WMO Register of Alerting Authorities,https://alertingauthority.wmo.int/authorities.php?recId=193,,https://public.wmo.int/en
WMO Register of Alerting Authorities,https://alertingauthority.wmo.int/authorities.php?recId=193,HOME,https://public.wmo.int/en
WMO Register of Alerting Authorities,https://alertingauthority.wmo.int/authorities.php?recId=193,WORLDWEATHER,https://worldweather.wmo.int
WMO Register of Alerting Authorities,https://alertingauthority.wmo.int/authorities.php?recId=193,SEVERE WEATHER,https://severeweather.wmo.int
WMO Register of Alerting Authorities,https://alertingauthority.wmo.int/authorities.php?recId=193,Public Weather Services,https://public.wmo.int/en/programmes/public-weather-services-programme
WMO Register of Alerting Authorities,https://alertingauthority.wmo.int/authorities.php?recId=193,please contact us,https://public.wmo.int/en/about-us/contact-us
WMO Register of Alerting Authorities,https://alertingauthority.wmo.int/authorities.php?recId=193,© World Meteorological Organization,https://old.wmo.int/extranet/pages/documents/wmo.vcf
WMO Register of Alerting Authorities,https://alertingauthority.wmo.int/authorities.php?recId=193,Copyright,https://public.wmo.int/en/copyright
WMO Register of Alerting Authorities,https://alertingauthority.wmo.int/authorities.php?recId=193,Privacy Policy,https://public.wmo.int/en/privacy-policy
WMO Register of Alerting Authorities,https://alertingauthority.wmo.int/authorities.php?recId=193,Disclaimer,https://public.wmo.int/en/disclaimer
WMO Register of Alerting Authorities,https://alertingauthority.wmo.int/authorities.php?recId=193,Map disclaimer,https://public.wmo.int/en/disclaimer#mapdisclaimer
WMO Register of Alerting Authorities,https://alertingauthority.wmo.int/authorities.php?recId=194,,https://public.wmo.int/en
WMO Register of Alerting Authorities,https://alertingauthority.wmo.int/authorities.php?recId=194,HOME,https://public.wmo.int/en
WMO Register of Alerting Authorities,https://alertingauthority.wmo.int/authorities.php?recId=194,WORLDWEATHER,https://worldweather.wmo.int
WMO Register of Alerting Authorities,https://alertingauthority.wmo.int/authorities.php?recId=194,SEVERE WEATHER,https://severeweather.wmo.int
WMO Register of Alerting Authorities,https://alertingauthority.wmo.int/authorities.php?recId=194,Public Weather Services,https://public.wmo.int/en/programmes/public-weather-services-programme
WMO Register of Alerting Authorities,https://alertingauthority.wmo.int/authorities.php?recId=194,please contact us,https://public.wmo.int/en/about-us/contact-us
WMO Register of Alerting Authorities,https://alertingauthority.wmo.int/authorities.php?recId=194,© World Meteorological Organization,https://old.wmo.int/extranet/pages/documents/wmo.vcf
WMO Register of Alerting Authorities,https://alertingauthority.wmo.int/authorities.php?recId=194,Copyright,https://public.wmo.int/en/copyright
WMO Register of Alerting Authorities,https://alertingauthority.wmo.int/authorities.php?recId=194,Privacy Policy,https://public.wmo.int/en/privacy-policy
WMO Register of Alerting Authorities,https://alertingauthority.wmo.int/authorities.php?recId=194,Disclaimer,https://public.wmo.int/en/disclaimer
WMO Register of Alerting Authorities,https://alertingauthority.wmo.int/authorities.php?recId=194,Map disclaimer,https://public.wmo.int/en/disclaimer#mapdisclaimer
WMO Register of Alerting Authorities,https://alertingauthority.wmo.int/authorities.php?recId=195,,https://public.wmo.int/en
WMO Register of Alerting Authorities,https://alertingauthority.wmo.int/authorities.php?recId=195,HOME,https://public.wmo.int/en
WMO Register of Alerting Authorities,https://alertingauthority.wmo.int/authorities.php?recId=195,WORLDWEATHER,https://worldweather.wmo.int
WMO Register of Alerting Authorities,https://alertingauthority.wmo.int/authorities.php?recId=195,SEVERE WEATHER,https://severeweather.wmo.int
WMO Register of Alerting Authorities,https://alertingauthority.wmo.int/authorities.php?recId=195,Public Weather Services,https://public.wmo.int/en/programmes/public-weather-services-programme
WMO Register of Alerting Authorities,https://alertingauthority.wmo.int/authorities.php?recId=195,please contact us,https://public.wmo.int/en/about-us/contact-us
WMO Register of Alerting Authorities,https://alertingauthority.wmo.int/authorities.php?recId=195,© World Meteorological Organization,https://old.wmo.int/extranet/pages/documents/wmo.vcf
WMO Register of Alerting Authorities,https://alertingauthority.wmo.int/authorities.php?recId=195,Copyright,https://public.wmo.int/en/copyright
WMO Register of Alerting Authorities,https://alertingauthority.wmo.int/authorities.php?recId=195,Privacy Policy,https://public.wmo.int/en/privacy-policy
WMO Register of Alerting Authorities,https://alertingauthority.wmo.int/authorities.php?recId=195,Disclaimer,https://public.wmo.int/en/disclaimer
WMO Register of Alerting Authorities,https://alertingauthority.wmo.int/authorities.php?recId=195,Map disclaimer,https://public.wmo.int/en/disclaimer#mapdisclaimer
WMO Register of Alerting Authorities,https://alertingauthority.wmo.int/authorities.php?recId=196,,https://public.wmo.int/en
WMO Register of Alerting Authorities,https://alertingauthority.wmo.int/authorities.php?recId=196,HOME,https://public.wmo.int/en
WMO Register of Alerting Authorities,https://alertingauthority.wmo.int/authorities.php?recId=196,WORLDWEATHER,https://worldweather.wmo.int
WMO Register of Alerting Authorities,https://alertingauthority.wmo.int/authorities.php?recId=196,SEVERE WEATHER,https://severeweather.wmo.int
WMO Register of Alerting Authorities,https://alertingauthority.wmo.int/authorities.php?recId=196,Public Weather Services,https://public.wmo.int/en/programmes/public-weather-services-programme
WMO Register of Alerting Authorities,https://alertingauthority.wmo.int/authorities.php?recId=196,please contact us,https://public.wmo.int/en/about-us/contact-us
WMO Register of Alerting Authorities,https://alertingauthority.wmo.int/authorities.php?recId=196,© World Meteorological Organization,https://old.wmo.int/extranet/pages/documents/wmo.vcf
WMO Register of Alerting Authorities,https://alertingauthority.wmo.int/authorities.php?recId=196,Copyright,https://public.wmo.int/en/copyright
WMO Register of Alerting Authorities,https://alertingauthority.wmo.int/authorities.php?recId=196,Privacy Policy,https://public.wmo.int/en/privacy-policy
WMO Register of Alerting Authorities,https://alertingauthority.wmo.int/authorities.php?recId=196,Disclaimer,https://public.wmo.int/en/disclaimer
WMO Register of Alerting Authorities,https://alertingauthority.wmo.int/authorities.php?recId=196,Map disclaimer,https://public.wmo.int/en/disclaimer#mapdisclaimer
WMO Register of Alerting Authorities,https://alertingauthority.wmo.int/authorities.php?recId=197,,https://public.wmo.int/en
WMO Register of Alerting Authorities,https://alertingauthority.wmo.int/authorities.php?recId=197,HOME,https://public.wmo.int/en
WMO Register of Alerting Authorities,https://alertingauthority.wmo.int/authorities.php?recId=197,WORLDWEATHER,https://worldweather.wmo.int
WMO Register of Alerting Authorities,https://alertingauthority.wmo.int/authorities.php?recId=197,SEVERE WEATHER,https://severeweather.wmo.int
WMO Register of Alerting Authorities,https://alertingauthority.wmo.int/authorities.php?recId=197,Public Weather Services,https://public.wmo.int/en/programmes/public-weather-services-programme
WMO Register of Alerting Authorities,https://alertingauthority.wmo.int/authorities.php?recId=197,please contact us,https://public.wmo.int/en/about-us/contact-us
WMO Register of Alerting Authorities,https://alertingauthority.wmo.int/authorities.php?recId=197,© World Meteorological Organization,https://old.wmo.int/extranet/pages/documents/wmo.vcf
WMO Register of Alerting Authorities,https://alertingauthority.wmo.int/authorities.php?recId=197,Copyright,https://public.wmo.int/en/copyright
WMO Register of Alerting Authorities,https://alertingauthority.wmo.int/authorities.php?recId=197,Privacy Policy,https://public.wmo.int/en/privacy-policy
WMO Register of Alerting Authorities,https://alertingauthority.wmo.int/authorities.php?recId=197,Disclaimer,https://public.wmo.int/en/disclaimer
WMO Register of Alerting Authorities,https://alertingauthority.wmo.int/authorities.php?recId=197,Map disclaimer,https://public.wmo.int/en/disclaimer#mapdisclaimer
WMO Register of Alerting Authorities,https://alertingauthority.wmo.int/authorities.php?recId=198,,https://public.wmo.int/en
WMO Register of Alerting Authorities,https://alertingauthority.wmo.int/authorities.php?recId=198,HOME,https://public.wmo.int/en
WMO Register of Alerting Authorities,https://alertingauthority.wmo.int/authorities.php?recId=198,WORLDWEATHER,https://worldweather.wmo.int
WMO Register of Alerting Authorities,https://alertingauthority.wmo.int/authorities.php?recId=198,SEVERE WEATHER,https://severeweather.wmo.int
WMO Register of Alerting Authorities,https://alertingauthority.wmo.int/authorities.php?recId=198,Public Weather Services,https://public.wmo.int/en/programmes/public-weather-services-programme
WMO Register of Alerting Authorities,https://alertingauthority.wmo.int/authorities.php?recId=198,please contact us,https://public.wmo.int/en/about-us/contact-us
WMO Register of Alerting Authorities,https://alertingauthority.wmo.int/authorities.php?recId=198,© World Meteorological Organization,https://old.wmo.int/extranet/pages/documents/wmo.vcf
WMO Register of Alerting Authorities,https://alertingauthority.wmo.int/authorities.php?recId=198,Copyright,https://public.wmo.int/en/copyright
WMO Register of Alerting Authorities,https://alertingauthority.wmo.int/authorities.php?recId=198,Privacy Policy,https://public.wmo.int/en/privacy-policy
WMO Register of Alerting Authorities,https://alertingauthority.wmo.int/authorities.php?recId=198,Disclaimer,https://public.wmo.int/en/disclaimer
WMO Register of Alerting Authorities,https://alertingauthority.wmo.int/authorities.php?recId=198,Map disclaimer,https://public.wmo.int/en/disclaimer#mapdisclaimer
WMO Register of Alerting Authorities,https://alertingauthority.wmo.int/authorities.php?recId=199,,https://public.wmo.int/en
WMO Register of Alerting Authorities,https://alertingauthority.wmo.int/authorities.php?recId=199,HOME,https://public.wmo.int/en
WMO Register of Alerting Authorities,https://alertingauthority.wmo.int/authorities.php?recId=199,WORLDWEATHER,https://worldweather.wmo.int
WMO Register of Alerting Authorities,https://alertingauthority.wmo.int/authorities.php?recId=199,SEVERE WEATHER,https://severeweather.wmo.int
WMO Register of Alerting Authorities,https://alertingauthority.wmo.int/authorities.php?recId=199,Public Weather Services,https://public.wmo.int/en/programmes/public-weather-services-programme
WMO Register of Alerting Authorities,https://alertingauthority.wmo.int/authorities.php?recId=199,please contact us,https://public.wmo.int/en/about-us/contact-us
WMO Register of Alerting Authorities,https://alertingauthority.wmo.int/authorities.php?recId=199,© World Meteorological Organization,https://old.wmo.int/extranet/pages/documents/wmo.vcf
WMO Register of Alerting Authorities,https://alertingauthority.wmo.int/authorities.php?recId=199,Copyright,https://public.wmo.int/en/copyright
WMO Register of Alerting Authorities,https://alertingauthority.wmo.int/authorities.php?recId=199,Privacy Policy,https://public.wmo.int/en/privacy-policy
WMO Register of Alerting Authorities,https://alertingauthority.wmo.int/authorities.php?recId=199,Disclaimer,https://public.wmo.int/en/disclaimer
WMO Register of Alerting Authorities,https://alertingauthority.wmo.int/authorities.php?recId=199,Map disclaimer,https://public.wmo.int/en/disclaimer#mapdisclaimer
WMO Register of Alerting Authorities,https://alertingauthority.wmo.int/authorities.php?recId=200,,https://public.wmo.int/en
WMO Register of Alerting Authorities,https://alertingauthority.wmo.int/authorities.php?recId=200,HOME,https://public.wmo.int/en
WMO Register of Alerting Authorities,https://alertingauthority.wmo.int/authorities.php?recId=200,WORLDWEATHER,https://worldweather.wmo.int
WMO Register of Alerting Authorities,https://alertingauthority.wmo.int/authorities.php?recId=200,SEVERE WEATHER,https://severeweather.wmo.int
WMO Register of Alerting Authorities,https://alertingauthority.wmo.int/authorities.php?recId=200,Public Weather Services,https://public.wmo.int/en/programmes/public-weather-services-programme
WMO Register of Alerting Authorities,https://alertingauthority.wmo.int/authorities.php?recId=200,please contact us,https://public.wmo.int/en/about-us/contact-us
WMO Register of Alerting Authorities,https://alertingauthority.wmo.int/authorities.php?recId=200,© World Meteorological Organization,https://old.wmo.int/extranet/pages/documents/wmo.vcf
WMO Register of Alerting Authorities,https://alertingauthority.wmo.int/authorities.php?recId=200,Copyright,https://public.wmo.int/en/copyright
WMO Register of Alerting Authorities,https://alertingauthority.wmo.int/authorities.php?recId=200,Privacy Policy,https://public.wmo.int/en/privacy-policy
WMO Register of Alerting Authorities,https://alertingauthority.wmo.int/authorities.php?recId=200,Disclaimer,https://public.wmo.int/en/disclaimer
WMO Register of Alerting Authorities,https://alertingauthority.wmo.int/authorities.php?recId=200,Map disclaimer,https://public.wmo.int/en/disclaimer#mapdisclaimer
WMO Register of Alerting Authorities,https://alertingauthority.wmo.int/authorities.php?recId=201,,https://public.wmo.int/en
WMO Register of Alerting Authorities,https://alertingauthority.wmo.int/authorities.php?recId=201,HOME,https://public.wmo.int/en
WMO Register of Alerting Authorities,https://alertingauthority.wmo.int/authorities.php?recId=201,WORLDWEATHER,https://worldweather.wmo.int
WMO Register of Alerting Authorities,https://alertingauthority.wmo.int/authorities.php?recId=201,SEVERE WEATHER,https://severeweather.wmo.int
WMO Register of Alerting Authorities,https://alertingauthority.wmo.int/authorities.php?recId=201,Public Weather Services,https://public.wmo.int/en/programmes/public-weather-services-programme
WMO Register of Alerting Authorities,https://alertingauthority.wmo.int/authorities.php?recId=201,please contact us,https://public.wmo.int/en/about-us/contact-us
WMO Register of Alerting Authorities,https://alertingauthority.wmo.int/authorities.php?recId=201,© World Meteorological Organization,https://old.wmo.int/extranet/pages/documents/wmo.vcf
WMO Register of Alerting Authorities,https://alertingauthority.wmo.int/authorities.php?recId=201,Copyright,https://public.wmo.int/en/copyright
WMO Register of Alerting Authorities,https://alertingauthority.wmo.int/authorities.php?recId=201,Privacy Policy,https://public.wmo.int/en/privacy-policy
WMO Register of Alerting Authorities,https://alertingauthority.wmo.int/authorities.php?recId=201,Disclaimer,https://public.wmo.int/en/disclaimer
WMO Register of Alerting Authorities,https://alertingauthority.wmo.int/authorities.php?recId=201,Map disclaimer,https://public.wmo.int/en/disclaimer#mapdisclaimer
WMO Register of Alerting Authorities,https://alertingauthority.wmo.int/authorities.php?recId=202,,https://public.wmo.int/en
WMO Register of Alerting Authorities,https://alertingauthority.wmo.int/authorities.php?recId=202,HOME,https://public.wmo.int/en
WMO Register of Alerting Authorities,https://alertingauthority.wmo.int/authorities.php?recId=202,WORLDWEATHER,https://worldweather.wmo.int
WMO Register of Alerting Authorities,https://alertingauthority.wmo.int/authorities.php?recId=202,SEVERE WEATHER,https://severeweather.wmo.int
WMO Register of Alerting Authorities,https://alertingauthority.wmo.int/authorities.php?recId=202,Public Weather Services,https://public.wmo.int/en/programmes/public-weather-services-programme
WMO Register of Alerting Authorities,https://alertingauthority.wmo.int/authorities.php?recId=202,please contact us,https://public.wmo.int/en/about-us/contact-us
WMO Register of Alerting Authorities,https://alertingauthority.wmo.int/authorities.php?recId=202,http://www.worldweather.org/115/m115.htm,http://www.worldweather.org/115/m115.htm
WMO Register of Alerting Authorities,https://alertingauthority.wmo.int/authorities.php?recId=202,© World Meteorological Organization,https://old.wmo.int/extranet/pages/documents/wmo.vcf
WMO Register of Alerting Authorities,https://alertingauthority.wmo.int/authorities.php?recId=202,Copyright,https://public.wmo.int/en/copyright
WMO Register of Alerting Authorities,https://alertingauthority.wmo.int/authorities.php?recId=202,Privacy Policy,https://public.wmo.int/en/privacy-policy
WMO Register of Alerting Authorities,https://alertingauthority.wmo.int/authorities.php?recId=202,Disclaimer,https://public.wmo.int/en/disclaimer
WMO Register of Alerting Authorities,https://alertingauthority.wmo.int/authorities.php?recId=202,Map disclaimer,https://public.wmo.int/en/disclaimer#mapdisclaimer
WMO Register of Alerting Authorities,https://alertingauthority.wmo.int/authorities.php?recId=203,,https://public.wmo.int/en
WMO Register of Alerting Authorities,https://alertingauthority.wmo.int/authorities.php?recId=203,HOME,https://public.wmo.int/en
WMO Register of Alerting Authorities,https://alertingauthority.wmo.int/authorities.php?recId=203,WORLDWEATHER,https://worldweather.wmo.int
WMO Register of Alerting Authorities,https://alertingauthority.wmo.int/authorities.php?recId=203,SEVERE WEATHER,https://severeweather.wmo.int
WMO Register of Alerting Authorities,https://alertingauthority.wmo.int/authorities.php?recId=203,Public Weather Services,https://public.wmo.int/en/programmes/public-weather-services-programme
WMO Register of Alerting Authorities,https://alertingauthority.wmo.int/authorities.php?recId=203,please contact us,https://public.wmo.int/en/about-us/contact-us
WMO Register of Alerting Authorities,https://alertingauthority.wmo.int/authorities.php?recId=203,http://www.worldweather.org/129/c00261.htm,http://www.worldweather.org/129/c00261.htm
WMO Register of Alerting Authorities,https://alertingauthority.wmo.int/authorities.php?recId=203,© World Meteorological Organization,https://old.wmo.int/extranet/pages/documents/wmo.vcf
WMO Register of Alerting Authorities,https://alertingauthority.wmo.int/authorities.php?recId=203,Copyright,https://public.wmo.int/en/copyright
WMO Register of Alerting Authorities,https://alertingauthority.wmo.int/authorities.php?recId=203,Privacy Policy,https://public.wmo.int/en/privacy-policy
WMO Register of Alerting Authorities,https://alertingauthority.wmo.int/authorities.php?recId=203,Disclaimer,https://public.wmo.int/en/disclaimer
WMO Register of Alerting Authorities,https://alertingauthority.wmo.int/authorities.php?recId=203,Map disclaimer,https://public.wmo.int/en/disclaimer#mapdisclaimer
WMO Register of Alerting Authorities,https://alertingauthority.wmo.int/authorities.php?recId=204,,https://public.wmo.int/en
WMO Register of Alerting Authorities,https://alertingauthority.wmo.int/authorities.php?recId=204,HOME,https://public.wmo.int/en
WMO Register of Alerting Authorities,https://alertingauthority.wmo.int/authorities.php?recId=204,WORLDWEATHER,https://worldweather.wmo.int
WMO Register of Alerting Authorities,https://alertingauthority.wmo.int/authorities.php?recId=204,SEVERE WEATHER,https://severeweather.wmo.int
WMO Register of Alerting Authorities,https://alertingauthority.wmo.int/authorities.php?recId=204,Public Weather Services,https://public.wmo.int/en/programmes/public-weather-services-programme
WMO Register of Alerting Authorities,https://alertingauthority.wmo.int/authorities.php?recId=204,please contact us,https://public.wmo.int/en/about-us/contact-us
WMO Register of Alerting Authorities,https://alertingauthority.wmo.int/authorities.php?recId=204,© World Meteorological Organization,https://old.wmo.int/extranet/pages/documents/wmo.vcf
WMO Register of Alerting Authorities,https://alertingauthority.wmo.int/authorities.php?recId=204,Copyright,https://public.wmo.int/en/copyright
WMO Register of Alerting Authorities,https://alertingauthority.wmo.int/authorities.php?recId=204,Privacy Policy,https://public.wmo.int/en/privacy-policy
WMO Register of Alerting Authorities,https://alertingauthority.wmo.int/authorities.php?recId=204,Disclaimer,https://public.wmo.int/en/disclaimer
WMO Register of Alerting Authorities,https://alertingauthority.wmo.int/authorities.php?recId=204,Map disclaimer,https://public.wmo.int/en/disclaimer#mapdisclaimer
WMO Register of Alerting Authorities,https://alertingauthority.wmo.int/authorities.php?recId=205,,https://public.wmo.int/en
WMO Register of Alerting Authorities,https://alertingauthority.wmo.int/authorities.php?recId=205,HOME,https://public.wmo.int/en
WMO Register of Alerting Authorities,https://alertingauthority.wmo.int/authorities.php?recId=205,WORLDWEATHER,https://worldweather.wmo.int
WMO Register of Alerting Authorities,https://alertingauthority.wmo.int/authorities.php?recId=205,SEVERE WEATHER,https://severeweather.wmo.int
WMO Register of Alerting Authorities,https://alertingauthority.wmo.int/authorities.php?recId=205,Public Weather Services,https://public.wmo.int/en/programmes/public-weather-services-programme
WMO Register of Alerting Authorities,https://alertingauthority.wmo.int/authorities.php?recId=205,please contact us,https://public.wmo.int/en/about-us/contact-us
WMO Register of Alerting Authorities,https://alertingauthority.wmo.int/authorities.php?recId=205,http://www.worldweather.org/007/m007.htm,http://www.worldweather.org/007/m007.htm
WMO Register of Alerting Authorities,https://alertingauthority.wmo.int/authorities.php?recId=205,© World Meteorological Organization,https://old.wmo.int/extranet/pages/documents/wmo.vcf
WMO Register of Alerting Authorities,https://alertingauthority.wmo.int/authorities.php?recId=205,Copyright,https://public.wmo.int/en/copyright
WMO Register of Alerting Authorities,https://alertingauthority.wmo.int/authorities.php?recId=205,Privacy Policy,https://public.wmo.int/en/privacy-policy
WMO Register of Alerting Authorities,https://alertingauthority.wmo.int/authorities.php?recId=205,Disclaimer,https://public.wmo.int/en/disclaimer
WMO Register of Alerting Authorities,https://alertingauthority.wmo.int/authorities.php?recId=205,Map disclaimer,https://public.wmo.int/en/disclaimer#mapdisclaimer
WMO Register of Alerting Authorities,https://alertingauthority.wmo.int/authorities.php?recId=206,,https://public.wmo.int/en
WMO Register of Alerting Authorities,https://alertingauthority.wmo.int/authorities.php?recId=206,HOME,https://public.wmo.int/en
WMO Register of Alerting Authorities,https://alertingauthority.wmo.int/authorities.php?recId=206,WORLDWEATHER,https://worldweather.wmo.int
WMO Register of Alerting Authorities,https://alertingauthority.wmo.int/authorities.php?recId=206,SEVERE WEATHER,https://severeweather.wmo.int
WMO Register of Alerting Authorities,https://alertingauthority.wmo.int/authorities.php?recId=206,Public Weather Services,https://public.wmo.int/en/programmes/public-weather-services-programme
WMO Register of Alerting Authorities,https://alertingauthority.wmo.int/authorities.php?recId=206,please contact us,https://public.wmo.int/en/about-us/contact-us
WMO Register of Alerting Authorities,https://alertingauthority.wmo.int/authorities.php?recId=206,https://www.meteobenin.bj/api/cap/rss.xml,https://www.meteobenin.bj/api/cap/rss.xml
WMO Register of Alerting Authorities,https://alertingauthority.wmo.int/authorities.php?recId=206,https://www.meteobenin.bj,https://www.meteobenin.bj
WMO Register of Alerting Authorities,https://alertingauthority.wmo.int/authorities.php?recId=206,© World Meteorological Organization,https://old.wmo.int/extranet/pages/documents/wmo.vcf
WMO Register of Alerting Authorities,https://alertingauthority.wmo.int/authorities.php?recId=206,Copyright,https://public.wmo.int/en/copyright
WMO Register of Alerting Authorities,https://alertingauthority.wmo.int/authorities.php?recId=206,Privacy Policy,https://public.wmo.int/en/privacy-policy
WMO Register of Alerting Authorities,https://alertingauthority.wmo.int/authorities.php?recId=206,Disclaimer,https://public.wmo.int/en/disclaimer
WMO Register of Alerting Authorities,https://alertingauthority.wmo.int/authorities.php?recId=206,Map disclaimer,https://public.wmo.int/en/disclaimer#mapdisclaimer
WMO Register of Alerting Authorities,https://alertingauthority.wmo.int/authorities.php?recId=207,,https://public.wmo.int/en
WMO Register of Alerting Authorities,https://alertingauthority.wmo.int/authorities.php?recId=207,HOME,https://public.wmo.int/en
WMO Register of Alerting Authorities,https://alertingauthority.wmo.int/authorities.php?recId=207,WORLDWEATHER,https://worldweather.wmo.int
WMO Register of Alerting Authorities,https://alertingauthority.wmo.int/authorities.php?recId=207,SEVERE WEATHER,https://severeweather.wmo.int
WMO Register of Alerting Authorities,https://alertingauthority.wmo.int/authorities.php?recId=207,Public Weather Services,https://public.wmo.int/en/programmes/public-weather-services-programme
WMO Register of Alerting Authorities,https://alertingauthority.wmo.int/authorities.php?recId=207,please contact us,https://public.wmo.int/en/about-us/contact-us
WMO Register of Alerting Authorities,https://alertingauthority.wmo.int/authorities.php?recId=207,http://www.worldweather.org/191/m191.htm,http://www.worldweather.org/191/m191.htm
WMO Register of Alerting Authorities,https://alertingauthority.wmo.int/authorities.php?recId=207,© World Meteorological Organization,https://old.wmo.int/extranet/pages/documents/wmo.vcf
WMO Register of Alerting Authorities,https://alertingauthority.wmo.int/authorities.php?recId=207,Copyright,https://public.wmo.int/en/copyright
WMO Register of Alerting Authorities,https://alertingauthority.wmo.int/authorities.php?recId=207,Privacy Policy,https://public.wmo.int/en/privacy-policy
WMO Register of Alerting Authorities,https://alertingauthority.wmo.int/authorities.php?recId=207,Disclaimer,https://public.wmo.int/en/disclaimer
WMO Register of Alerting Authorities,https://alertingauthority.wmo.int/authorities.php?recId=207,Map disclaimer,https://public.wmo.int/en/disclaimer#mapdisclaimer
WMO Register of Alerting Authorities,https://alertingauthority.wmo.int/authorities.php?recId=208,,https://public.wmo.int/en
WMO Register of Alerting Authorities,https://alertingauthority.wmo.int/authorities.php?recId=208,HOME,https://public.wmo.int/en
WMO Register of Alerting Authorities,https://alertingauthority.wmo.int/authorities.php?recId=208,WORLDWEATHER,https://worldweather.wmo.int
WMO Register of Alerting Authorities,https://alertingauthority.wmo.int/authorities.php?recId=208,SEVERE WEATHER,https://severeweather.wmo.int
WMO Register of Alerting Authorities,https://alertingauthority.wmo.int/authorities.php?recId=208,Public Weather Services,https://public.wmo.int/en/programmes/public-weather-services-programme
WMO Register of Alerting Authorities,https://alertingauthority.wmo.int/authorities.php?recId=208,please contact us,https://public.wmo.int/en/about-us/contact-us
WMO Register of Alerting Authorities,https://alertingauthority.wmo.int/authorities.php?recId=208,© World Meteorological Organization,https://old.wmo.int/extranet/pages/documents/wmo.vcf
WMO Register of Alerting Authorities,https://alertingauthority.wmo.int/authorities.php?recId=208,Copyright,https://public.wmo.int/en/copyright
WMO Register of Alerting Authorities,https://alertingauthority.wmo.int/authorities.php?recId=208,Privacy Policy,https://public.wmo.int/en/privacy-policy
WMO Register of Alerting Authorities,https://alertingauthority.wmo.int/authorities.php?recId=208,Disclaimer,https://public.wmo.int/en/disclaimer
WMO Register of Alerting Authorities,https://alertingauthority.wmo.int/authorities.php?recId=208,Map disclaimer,https://public.wmo.int/en/disclaimer#mapdisclaimer
WMO Register of Alerting Authorities,https://alertingauthority.wmo.int/authorities.php?recId=209,,https://public.wmo.int/en
WMO Register of Alerting Authorities,https://alertingauthority.wmo.int/authorities.php?recId=209,HOME,https://public.wmo.int/en
WMO Register of Alerting Authorities,https://alertingauthority.wmo.int/authorities.php?recId=209,WORLDWEATHER,https://worldweather.wmo.int
WMO Register of Alerting Authorities,https://alertingauthority.wmo.int/authorities.php?recId=209,SEVERE WEATHER,https://severeweather.wmo.int
WMO Register of Alerting Authorities,https://alertingauthority.wmo.int/authorities.php?recId=209,Public Weather Services,https://public.wmo.int/en/programmes/public-weather-services-programme
WMO Register of Alerting Authorities,https://alertingauthority.wmo.int/authorities.php?recId=209,please contact us,https://public.wmo.int/en/about-us/contact-us
WMO Register of Alerting Authorities,https://alertingauthority.wmo.int/authorities.php?recId=209,http://www.worldweather.org/023/c00095.htm,http://www.worldweather.org/023/c00095.htm
WMO Register of Alerting Authorities,https://alertingauthority.wmo.int/authorities.php?recId=209,© World Meteorological Organization,https://old.wmo.int/extranet/pages/documents/wmo.vcf
WMO Register of Alerting Authorities,https://alertingauthority.wmo.int/authorities.php?recId=209,Copyright,https://public.wmo.int/en/copyright
WMO Register of Alerting Authorities,https://alertingauthority.wmo.int/authorities.php?recId=209,Privacy Policy,https://public.wmo.int/en/privacy-policy
WMO Register of Alerting Authorities,https://alertingauthority.wmo.int/authorities.php?recId=209,Disclaimer,https://public.wmo.int/en/disclaimer
WMO Register of Alerting Authorities,https://alertingauthority.wmo.int/authorities.php?recId=209,Map disclaimer,https://public.wmo.int/en/disclaimer#mapdisclaimer
WMO Register of Alerting Authorities,https://alertingauthority.wmo.int/authorities.php?recId=210,,https://public.wmo.int/en
WMO Register of Alerting Authorities,https://alertingauthority.wmo.int/authorities.php?recId=210,HOME,https://public.wmo.int/en
WMO Register of Alerting Authorities,https://alertingauthority.wmo.int/authorities.php?recId=210,WORLDWEATHER,https://worldweather.wmo.int
WMO Register of Alerting Authorities,https://alertingauthority.wmo.int/authorities.php?recId=210,SEVERE WEATHER,https://severeweather.wmo.int
WMO Register of Alerting Authorities,https://alertingauthority.wmo.int/authorities.php?recId=210,Public Weather Services,https://public.wmo.int/en/programmes/public-weather-services-programme
WMO Register of Alerting Authorities,https://alertingauthority.wmo.int/authorities.php?recId=210,please contact us,https://public.wmo.int/en/about-us/contact-us
WMO Register of Alerting Authorities,https://alertingauthority.wmo.int/authorities.php?recId=210,http://www.worldweather.org/100/c00196.htm,http://www.worldweather.org/100/c00196.htm
WMO Register of Alerting Authorities,https://alertingauthority.wmo.int/authorities.php?recId=210,© World Meteorological Organization,https://old.wmo.int/extranet/pages/documents/wmo.vcf
WMO Register of Alerting Authorities,https://alertingauthority.wmo.int/authorities.php?recId=210,Copyright,https://public.wmo.int/en/copyright
WMO Register of Alerting Authorities,https://alertingauthority.wmo.int/authorities.php?recId=210,Privacy Policy,https://public.wmo.int/en/privacy-policy
WMO Register of Alerting Authorities,https://alertingauthority.wmo.int/authorities.php?recId=210,Disclaimer,https://public.wmo.int/en/disclaimer
WMO Register of Alerting Authorities,https://alertingauthority.wmo.int/authorities.php?recId=210,Map disclaimer,https://public.wmo.int/en/disclaimer#mapdisclaimer
WMO Register of Alerting Authorities,https://alertingauthority.wmo.int/authorities.php?recId=211,,https://public.wmo.int/en
WMO Register of Alerting Authorities,https://alertingauthority.wmo.int/authorities.php?recId=211,HOME,https://public.wmo.int/en
WMO Register of Alerting Authorities,https://alertingauthority.wmo.int/authorities.php?recId=211,WORLDWEATHER,https://worldweather.wmo.int
WMO Register of Alerting Authorities,https://alertingauthority.wmo.int/authorities.php?recId=211,SEVERE WEATHER,https://severeweather.wmo.int
WMO Register of Alerting Authorities,https://alertingauthority.wmo.int/authorities.php?recId=211,Public Weather Services,https://public.wmo.int/en/programmes/public-weather-services-programme
WMO Register of Alerting Authorities,https://alertingauthority.wmo.int/authorities.php?recId=211,please contact us,https://public.wmo.int/en/about-us/contact-us
WMO Register of Alerting Authorities,https://alertingauthority.wmo.int/authorities.php?recId=211,https://www.meteotchad.org/api/cap/rss.xml,https://www.meteotchad.org/api/cap/rss.xml
WMO Register of Alerting Authorities,https://alertingauthority.wmo.int/authorities.php?recId=211,http://www.meteotchad.org,http://www.meteotchad.org
WMO Register of Alerting Authorities,https://alertingauthority.wmo.int/authorities.php?recId=211,© World Meteorological Organization,https://old.wmo.int/extranet/pages/documents/wmo.vcf
WMO Register of Alerting Authorities,https://alertingauthority.wmo.int/authorities.php?recId=211,Copyright,https://public.wmo.int/en/copyright
WMO Register of Alerting Authorities,https://alertingauthority.wmo.int/authorities.php?recId=211,Privacy Policy,https://public.wmo.int/en/privacy-policy
WMO Register of Alerting Authorities,https://alertingauthority.wmo.int/authorities.php?recId=211,Disclaimer,https://public.wmo.int/en/disclaimer
WMO Register of Alerting Authorities,https://alertingauthority.wmo.int/authorities.php?recId=211,Map disclaimer,https://public.wmo.int/en/disclaimer#mapdisclaimer
WMO Register of Alerting Authorities,https://alertingauthority.wmo.int/authorities.php?recId=212,,https://public.wmo.int/en
WMO Register of Alerting Authorities,https://alertingauthority.wmo.int/authorities.php?recId=212,HOME,https://public.wmo.int/en
WMO Register of Alerting Authorities,https://alertingauthority.wmo.int/authorities.php?recId=212,WORLDWEATHER,https://worldweather.wmo.int
WMO Register of Alerting Authorities,https://alertingauthority.wmo.int/authorities.php?recId=212,SEVERE WEATHER,https://severeweather.wmo.int
WMO Register of Alerting Authorities,https://alertingauthority.wmo.int/authorities.php?recId=212,Public Weather Services,https://public.wmo.int/en/programmes/public-weather-services-programme
WMO Register of Alerting Authorities,https://alertingauthority.wmo.int/authorities.php?recId=212,please contact us,https://public.wmo.int/en/about-us/contact-us
WMO Register of Alerting Authorities,https://alertingauthority.wmo.int/authorities.php?recId=212,https://meteocomores.km/api/cap/rss.xml,https://meteocomores.km/api/cap/rss.xml
WMO Register of Alerting Authorities,https://alertingauthority.wmo.int/authorities.php?recId=212,https://meteocomores.km/,https://meteocomores.km/
WMO Register of Alerting Authorities,https://alertingauthority.wmo.int/authorities.php?recId=212,© World Meteorological Organization,https://old.wmo.int/extranet/pages/documents/wmo.vcf
WMO Register of Alerting Authorities,https://alertingauthority.wmo.int/authorities.php?recId=212,Copyright,https://public.wmo.int/en/copyright
WMO Register of Alerting Authorities,https://alertingauthority.wmo.int/authorities.php?recId=212,Privacy Policy,https://public.wmo.int/en/privacy-policy
WMO Register of Alerting Authorities,https://alertingauthority.wmo.int/authorities.php?recId=212,Disclaimer,https://public.wmo.int/en/disclaimer
WMO Register of Alerting Authorities,https://alertingauthority.wmo.int/authorities.php?recId=212,Map disclaimer,https://public.wmo.int/en/disclaimer#mapdisclaimer
WMO Register of Alerting Authorities,https://alertingauthority.wmo.int/authorities.php?recId=213,,https://public.wmo.int/en
WMO Register of Alerting Authorities,https://alertingauthority.wmo.int/authorities.php?recId=213,HOME,https://public.wmo.int/en
WMO Register of Alerting Authorities,https://alertingauthority.wmo.int/authorities.php?recId=213,WORLDWEATHER,https://worldweather.wmo.int
WMO Register of Alerting Authorities,https://alertingauthority.wmo.int/authorities.php?recId=213,SEVERE WEATHER,https://severeweather.wmo.int
WMO Register of Alerting Authorities,https://alertingauthority.wmo.int/authorities.php?recId=213,Public Weather Services,https://public.wmo.int/en/programmes/public-weather-services-programme
WMO Register of Alerting Authorities,https://alertingauthority.wmo.int/authorities.php?recId=213,please contact us,https://public.wmo.int/en/about-us/contact-us
WMO Register of Alerting Authorities,https://alertingauthority.wmo.int/authorities.php?recId=213,http://www.worldweather.org/131/m131.htm,http://www.worldweather.org/131/m131.htm
WMO Register of Alerting Authorities,https://alertingauthority.wmo.int/authorities.php?recId=213,© World Meteorological Organization,https://old.wmo.int/extranet/pages/documents/wmo.vcf
WMO Register of Alerting Authorities,https://alertingauthority.wmo.int/authorities.php?recId=213,Copyright,https://public.wmo.int/en/copyright
WMO Register of Alerting Authorities,https://alertingauthority.wmo.int/authorities.php?recId=213,Privacy Policy,https://public.wmo.int/en/privacy-policy
WMO Register of Alerting Authorities,https://alertingauthority.wmo.int/authorities.php?recId=213,Disclaimer,https://public.wmo.int/en/disclaimer
WMO Register of Alerting Authorities,https://alertingauthority.wmo.int/authorities.php?recId=213,Map disclaimer,https://public.wmo.int/en/disclaimer#mapdisclaimer
WMO Register of Alerting Authorities,https://alertingauthority.wmo.int/authorities.php?recId=214,,https://public.wmo.int/en
WMO Register of Alerting Authorities,https://alertingauthority.wmo.int/authorities.php?recId=214,HOME,https://public.wmo.int/en
WMO Register of Alerting Authorities,https://alertingauthority.wmo.int/authorities.php?recId=214,WORLDWEATHER,https://worldweather.wmo.int
WMO Register of Alerting Authorities,https://alertingauthority.wmo.int/authorities.php?recId=214,SEVERE WEATHER,https://severeweather.wmo.int
WMO Register of Alerting Authorities,https://alertingauthority.wmo.int/authorities.php?recId=214,Public Weather Services,https://public.wmo.int/en/programmes/public-weather-services-programme
WMO Register of Alerting Authorities,https://alertingauthority.wmo.int/authorities.php?recId=214,please contact us,https://public.wmo.int/en/about-us/contact-us
WMO Register of Alerting Authorities,https://alertingauthority.wmo.int/authorities.php?recId=214,http://www.worldweather.org/120/c00230.htm,http://www.worldweather.org/120/c00230.htm
WMO Register of Alerting Authorities,https://alertingauthority.wmo.int/authorities.php?recId=214,© World Meteorological Organization,https://old.wmo.int/extranet/pages/documents/wmo.vcf
WMO Register of Alerting Authorities,https://alertingauthority.wmo.int/authorities.php?recId=214,Copyright,https://public.wmo.int/en/copyright
WMO Register of Alerting Authorities,https://alertingauthority.wmo.int/authorities.php?recId=214,Privacy Policy,https://public.wmo.int/en/privacy-policy
WMO Register of Alerting Authorities,https://alertingauthority.wmo.int/authorities.php?recId=214,Disclaimer,https://public.wmo.int/en/disclaimer
WMO Register of Alerting Authorities,https://alertingauthority.wmo.int/authorities.php?recId=214,Map disclaimer,https://public.wmo.int/en/disclaimer#mapdisclaimer
WMO Register of Alerting Authorities,https://alertingauthority.wmo.int/authorities.php?recId=215,,https://public.wmo.int/en
WMO Register of Alerting Authorities,https://alertingauthority.wmo.int/authorities.php?recId=215,HOME,https://public.wmo.int/en
WMO Register of Alerting Authorities,https://alertingauthority.wmo.int/authorities.php?recId=215,WORLDWEATHER,https://worldweather.wmo.int
WMO Register of Alerting Authorities,https://alertingauthority.wmo.int/authorities.php?recId=215,SEVERE WEATHER,https://severeweather.wmo.int
WMO Register of Alerting Authorities,https://alertingauthority.wmo.int/authorities.php?recId=215,Public Weather Services,https://public.wmo.int/en/programmes/public-weather-services-programme
WMO Register of Alerting Authorities,https://alertingauthority.wmo.int/authorities.php?recId=215,please contact us,https://public.wmo.int/en/about-us/contact-us
WMO Register of Alerting Authorities,https://alertingauthority.wmo.int/authorities.php?recId=215,https://meteodjibouti.dj/api/cap/rss.xml,https://meteodjibouti.dj/api/cap/rss.xml
WMO Register of Alerting Authorities,https://alertingauthority.wmo.int/authorities.php?recId=215,https://meteodjibouti.dj/,https://meteodjibouti.dj/
WMO Register of Alerting Authorities,https://alertingauthority.wmo.int/authorities.php?recId=215,© World Meteorological Organization,https://old.wmo.int/extranet/pages/documents/wmo.vcf
WMO Register of Alerting Authorities,https://alertingauthority.wmo.int/authorities.php?recId=215,Copyright,https://public.wmo.int/en/copyright
WMO Register of Alerting Authorities,https://alertingauthority.wmo.int/authorities.php?recId=215,Privacy Policy,https://public.wmo.int/en/privacy-policy
WMO Register of Alerting Authorities,https://alertingauthority.wmo.int/authorities.php?recId=215,Disclaimer,https://public.wmo.int/en/disclaimer
WMO Register of Alerting Authorities,https://alertingauthority.wmo.int/authorities.php?recId=215,Map disclaimer,https://public.wmo.int/en/disclaimer#mapdisclaimer
WMO Register of Alerting Authorities,https://alertingauthority.wmo.int/authorities.php?recId=216,,https://public.wmo.int/en
WMO Register of Alerting Authorities,https://alertingauthority.wmo.int/authorities.php?recId=216,HOME,https://public.wmo.int/en
WMO Register of Alerting Authorities,https://alertingauthority.wmo.int/authorities.php?recId=216,WORLDWEATHER,https://worldweather.wmo.int
WMO Register of Alerting Authorities,https://alertingauthority.wmo.int/authorities.php?recId=216,SEVERE WEATHER,https://severeweather.wmo.int
WMO Register of Alerting Authorities,https://alertingauthority.wmo.int/authorities.php?recId=216,Public Weather Services,https://public.wmo.int/en/programmes/public-weather-services-programme
WMO Register of Alerting Authorities,https://alertingauthority.wmo.int/authorities.php?recId=216,please contact us,https://public.wmo.int/en/about-us/contact-us
WMO Register of Alerting Authorities,https://alertingauthority.wmo.int/authorities.php?recId=216,http://www.worldweather.org/134/c00287.htm,http://www.worldweather.org/134/c00287.htm
WMO Register of Alerting Authorities,https://alertingauthority.wmo.int/authorities.php?recId=216,© World Meteorological Organization,https://old.wmo.int/extranet/pages/documents/wmo.vcf
WMO Register of Alerting Authorities,https://alertingauthority.wmo.int/authorities.php?recId=216,Copyright,https://public.wmo.int/en/copyright
WMO Register of Alerting Authorities,https://alertingauthority.wmo.int/authorities.php?recId=216,Privacy Policy,https://public.wmo.int/en/privacy-policy
WMO Register of Alerting Authorities,https://alertingauthority.wmo.int/authorities.php?recId=216,Disclaimer,https://public.wmo.int/en/disclaimer
WMO Register of Alerting Authorities,https://alertingauthority.wmo.int/authorities.php?recId=216,Map disclaimer,https://public.wmo.int/en/disclaimer#mapdisclaimer
WMO Register of Alerting Authorities,https://alertingauthority.wmo.int/authorities.php?recId=217,,https://public.wmo.int/en
WMO Register of Alerting Authorities,https://alertingauthority.wmo.int/authorities.php?recId=217,HOME,https://public.wmo.int/en
WMO Register of Alerting Authorities,https://alertingauthority.wmo.int/authorities.php?recId=217,WORLDWEATHER,https://worldweather.wmo.int
WMO Register of Alerting Authorities,https://alertingauthority.wmo.int/authorities.php?recId=217,SEVERE WEATHER,https://severeweather.wmo.int
WMO Register of Alerting Authorities,https://alertingauthority.wmo.int/authorities.php?recId=217,Public Weather Services,https://public.wmo.int/en/programmes/public-weather-services-programme
WMO Register of Alerting Authorities,https://alertingauthority.wmo.int/authorities.php?recId=217,please contact us,https://public.wmo.int/en/about-us/contact-us
WMO Register of Alerting Authorities,https://alertingauthority.wmo.int/authorities.php?recId=217,http://www.worldweather.org/042/m042.htm,http://www.worldweather.org/042/m042.htm
WMO Register of Alerting Authorities,https://alertingauthority.wmo.int/authorities.php?recId=217,© World Meteorological Organization,https://old.wmo.int/extranet/pages/documents/wmo.vcf
WMO Register of Alerting Authorities,https://alertingauthority.wmo.int/authorities.php?recId=217,Copyright,https://public.wmo.int/en/copyright
WMO Register of Alerting Authorities,https://alertingauthority.wmo.int/authorities.php?recId=217,Privacy Policy,https://public.wmo.int/en/privacy-policy
WMO Register of Alerting Authorities,https://alertingauthority.wmo.int/authorities.php?recId=217,Disclaimer,https://public.wmo.int/en/disclaimer
WMO Register of Alerting Authorities,https://alertingauthority.wmo.int/authorities.php?recId=217,Map disclaimer,https://public.wmo.int/en/disclaimer#mapdisclaimer
WMO Register of Alerting Authorities,https://alertingauthority.wmo.int/authorities.php?recId=218,,https://public.wmo.int/en
WMO Register of Alerting Authorities,https://alertingauthority.wmo.int/authorities.php?recId=218,HOME,https://public.wmo.int/en
WMO Register of Alerting Authorities,https://alertingauthority.wmo.int/authorities.php?recId=218,WORLDWEATHER,https://worldweather.wmo.int
WMO Register of Alerting Authorities,https://alertingauthority.wmo.int/authorities.php?recId=218,SEVERE WEATHER,https://severeweather.wmo.int
WMO Register of Alerting Authorities,https://alertingauthority.wmo.int/authorities.php?recId=218,Public Weather Services,https://public.wmo.int/en/programmes/public-weather-services-programme
WMO Register of Alerting Authorities,https://alertingauthority.wmo.int/authorities.php?recId=218,please contact us,https://public.wmo.int/en/about-us/contact-us
WMO Register of Alerting Authorities,https://alertingauthority.wmo.int/authorities.php?recId=218,https://meteogambia.gm/api/cap/rss.xml,https://meteogambia.gm/api/cap/rss.xml
WMO Register of Alerting Authorities,https://alertingauthority.wmo.int/authorities.php?recId=218,https://meteogambia.gm,https://meteogambia.gm
WMO Register of Alerting Authorities,https://alertingauthority.wmo.int/authorities.php?recId=218,© World Meteorological Organization,https://old.wmo.int/extranet/pages/documents/wmo.vcf
WMO Register of Alerting Authorities,https://alertingauthority.wmo.int/authorities.php?recId=218,Copyright,https://public.wmo.int/en/copyright
WMO Register of Alerting Authorities,https://alertingauthority.wmo.int/authorities.php?recId=218,Privacy Policy,https://public.wmo.int/en/privacy-policy
WMO Register of Alerting Authorities,https://alertingauthority.wmo.int/authorities.php?recId=218,Disclaimer,https://public.wmo.int/en/disclaimer
WMO Register of Alerting Authorities,https://alertingauthority.wmo.int/authorities.php?recId=218,Map disclaimer,https://public.wmo.int/en/disclaimer#mapdisclaimer
WMO Register of Alerting Authorities,https://alertingauthority.wmo.int/authorities.php?recId=219,,https://public.wmo.int/en
WMO Register of Alerting Authorities,https://alertingauthority.wmo.int/authorities.php?recId=219,HOME,https://public.wmo.int/en
WMO Register of Alerting Authorities,https://alertingauthority.wmo.int/authorities.php?recId=219,WORLDWEATHER,https://worldweather.wmo.int
WMO Register of Alerting Authorities,https://alertingauthority.wmo.int/authorities.php?recId=219,SEVERE WEATHER,https://severeweather.wmo.int
WMO Register of Alerting Authorities,https://alertingauthority.wmo.int/authorities.php?recId=219,Public Weather Services,https://public.wmo.int/en/programmes/public-weather-services-programme
WMO Register of Alerting Authorities,https://alertingauthority.wmo.int/authorities.php?recId=219,please contact us,https://public.wmo.int/en/about-us/contact-us
WMO Register of Alerting Authorities,https://alertingauthority.wmo.int/authorities.php?recId=219,https://anmeteo.gov.gn/api/cap/rss.xml,https://anmeteo.gov.gn/api/cap/rss.xml
WMO Register of Alerting Authorities,https://alertingauthority.wmo.int/authorities.php?recId=219,https://anmeteo.gov.gn,https://anmeteo.gov.gn
WMO Register of Alerting Authorities,https://alertingauthority.wmo.int/authorities.php?recId=219,© World Meteorological Organization,https://old.wmo.int/extranet/pages/documents/wmo.vcf
WMO Register of Alerting Authorities,https://alertingauthority.wmo.int/authorities.php?recId=219,Copyright,https://public.wmo.int/en/copyright
WMO Register of Alerting Authorities,https://alertingauthority.wmo.int/authorities.php?recId=219,Privacy Policy,https://public.wmo.int/en/privacy-policy
WMO Register of Alerting Authorities,https://alertingauthority.wmo.int/authorities.php?recId=219,Disclaimer,https://public.wmo.int/en/disclaimer
WMO Register of Alerting Authorities,https://alertingauthority.wmo.int/authorities.php?recId=219,Map disclaimer,https://public.wmo.int/en/disclaimer#mapdisclaimer
WMO Register of Alerting Authorities,https://alertingauthority.wmo.int/authorities.php?recId=220,,https://public.wmo.int/en
WMO Register of Alerting Authorities,https://alertingauthority.wmo.int/authorities.php?recId=220,HOME,https://public.wmo.int/en
WMO Register of Alerting Authorities,https://alertingauthority.wmo.int/authorities.php?recId=220,WORLDWEATHER,https://worldweather.wmo.int
WMO Register of Alerting Authorities,https://alertingauthority.wmo.int/authorities.php?recId=220,SEVERE WEATHER,https://severeweather.wmo.int
WMO Register of Alerting Authorities,https://alertingauthority.wmo.int/authorities.php?recId=220,Public Weather Services,https://public.wmo.int/en/programmes/public-weather-services-programme
WMO Register of Alerting Authorities,https://alertingauthority.wmo.int/authorities.php?recId=220,please contact us,https://public.wmo.int/en/about-us/contact-us
WMO Register of Alerting Authorities,https://alertingauthority.wmo.int/authorities.php?recId=220,https://cap-sources.s3.amazonaws.com/gy-hms-en/rss.xml,https://cap-sources.s3.amazonaws.com/gy-hms-en/rss.xml
WMO Register of Alerting Authorities,https://alertingauthority.wmo.int/authorities.php?recId=220,http://www.hydromet.gov.gy,http://www.hydromet.gov.gy
WMO Register of Alerting Authorities,https://alertingauthority.wmo.int/authorities.php?recId=220,© World Meteorological Organization,https://old.wmo.int/extranet/pages/documents/wmo.vcf
WMO Register of Alerting Authorities,https://alertingauthority.wmo.int/authorities.php?recId=220,Copyright,https://public.wmo.int/en/copyright
WMO Register of Alerting Authorities,https://alertingauthority.wmo.int/authorities.php?recId=220,Privacy Policy,https://public.wmo.int/en/privacy-policy
WMO Register of Alerting Authorities,https://alertingauthority.wmo.int/authorities.php?recId=220,Disclaimer,https://public.wmo.int/en/disclaimer
WMO Register of Alerting Authorities,https://alertingauthority.wmo.int/authorities.php?recId=220,Map disclaimer,https://public.wmo.int/en/disclaimer#mapdisclaimer
WMO Register of Alerting Authorities,https://alertingauthority.wmo.int/authorities.php?recId=221,,https://public.wmo.int/en
WMO Register of Alerting Authorities,https://alertingauthority.wmo.int/authorities.php?recId=221,HOME,https://public.wmo.int/en
WMO Register of Alerting Authorities,https://alertingauthority.wmo.int/authorities.php?recId=221,WORLDWEATHER,https://worldweather.wmo.int
WMO Register of Alerting Authorities,https://alertingauthority.wmo.int/authorities.php?recId=221,SEVERE WEATHER,https://severeweather.wmo.int
WMO Register of Alerting Authorities,https://alertingauthority.wmo.int/authorities.php?recId=221,Public Weather Services,https://public.wmo.int/en/programmes/public-weather-services-programme
WMO Register of Alerting Authorities,https://alertingauthority.wmo.int/authorities.php?recId=221,please contact us,https://public.wmo.int/en/about-us/contact-us
WMO Register of Alerting Authorities,https://alertingauthority.wmo.int/authorities.php?recId=221,https://cap-sources.s3.amazonaws.com/iq-imos-ar/rss.xml,https://cap-sources.s3.amazonaws.com/iq-imos-ar/rss.xml
WMO Register of Alerting Authorities,https://alertingauthority.wmo.int/authorities.php?recId=221,https://cap-sources.s3.amazonaws.com/iq-imos-en/rss.xml,https://cap-sources.s3.amazonaws.com/iq-imos-en/rss.xml
WMO Register of Alerting Authorities,https://alertingauthority.wmo.int/authorities.php?recId=221,http://www.worldweather.org/154/m154.htm,http://www.worldweather.org/154/m154.htm
WMO Register of Alerting Authorities,https://alertingauthority.wmo.int/authorities.php?recId=221,© World Meteorological Organization,https://old.wmo.int/extranet/pages/documents/wmo.vcf
WMO Register of Alerting Authorities,https://alertingauthority.wmo.int/authorities.php?recId=221,Copyright,https://public.wmo.int/en/copyright
WMO Register of Alerting Authorities,https://alertingauthority.wmo.int/authorities.php?recId=221,Privacy Policy,https://public.wmo.int/en/privacy-policy
WMO Register of Alerting Authorities,https://alertingauthority.wmo.int/authorities.php?recId=221,Disclaimer,https://public.wmo.int/en/disclaimer
WMO Register of Alerting Authorities,https://alertingauthority.wmo.int/authorities.php?recId=221,Map disclaimer,https://public.wmo.int/en/disclaimer#mapdisclaimer
WMO Register of Alerting Authorities,https://alertingauthority.wmo.int/authorities.php?recId=222,,https://public.wmo.int/en
WMO Register of Alerting Authorities,https://alertingauthority.wmo.int/authorities.php?recId=222,HOME,https://public.wmo.int/en
WMO Register of Alerting Authorities,https://alertingauthority.wmo.int/authorities.php?recId=222,WORLDWEATHER,https://worldweather.wmo.int
WMO Register of Alerting Authorities,https://alertingauthority.wmo.int/authorities.php?recId=222,SEVERE WEATHER,https://severeweather.wmo.int
WMO Register of Alerting Authorities,https://alertingauthority.wmo.int/authorities.php?recId=222,Public Weather Services,https://public.wmo.int/en/programmes/public-weather-services-programme
WMO Register of Alerting Authorities,https://alertingauthority.wmo.int/authorities.php?recId=222,please contact us,https://public.wmo.int/en/about-us/contact-us
WMO Register of Alerting Authorities,https://alertingauthority.wmo.int/authorities.php?recId=222,https://www.met.gov.kw/rss_eng/kuwait_cap.xml,https://www.met.gov.kw/rss_eng/kuwait_cap.xml
WMO Register of Alerting Authorities,https://alertingauthority.wmo.int/authorities.php?recId=222,http://www.worldweather.org/113/c00217.htm,http://www.worldweather.org/113/c00217.htm
WMO Register of Alerting Authorities,https://alertingauthority.wmo.int/authorities.php?recId=222,© World Meteorological Organization,https://old.wmo.int/extranet/pages/documents/wmo.vcf
WMO Register of Alerting Authorities,https://alertingauthority.wmo.int/authorities.php?recId=222,Copyright,https://public.wmo.int/en/copyright
WMO Register of Alerting Authorities,https://alertingauthority.wmo.int/authorities.php?recId=222,Privacy Policy,https://public.wmo.int/en/privacy-policy
WMO Register of Alerting Authorities,https://alertingauthority.wmo.int/authorities.php?recId=222,Disclaimer,https://public.wmo.int/en/disclaimer
WMO Register of Alerting Authorities,https://alertingauthority.wmo.int/authorities.php?recId=222,Map disclaimer,https://public.wmo.int/en/disclaimer#mapdisclaimer
WMO Register of Alerting Authorities,https://alertingauthority.wmo.int/authorities.php?recId=223,,https://public.wmo.int/en
WMO Register of Alerting Authorities,https://alertingauthority.wmo.int/authorities.php?recId=223,HOME,https://public.wmo.int/en
WMO Register of Alerting Authorities,https://alertingauthority.wmo.int/authorities.php?recId=223,WORLDWEATHER,https://worldweather.wmo.int
WMO Register of Alerting Authorities,https://alertingauthority.wmo.int/authorities.php?recId=223,SEVERE WEATHER,https://severeweather.wmo.int
WMO Register of Alerting Authorities,https://alertingauthority.wmo.int/authorities.php?recId=223,Public Weather Services,https://public.wmo.int/en/programmes/public-weather-services-programme
WMO Register of Alerting Authorities,https://alertingauthority.wmo.int/authorities.php?recId=223,please contact us,https://public.wmo.int/en/about-us/contact-us
WMO Register of Alerting Authorities,https://alertingauthority.wmo.int/authorities.php?recId=223,https://cap-sources.s3.amazonaws.com/ls-lms-en/rss.xml,https://cap-sources.s3.amazonaws.com/ls-lms-en/rss.xml 
WMO Register of Alerting Authorities,https://alertingauthority.wmo.int/authorities.php?recId=223,https://cap-sources.s3.amazonaws.com/ls-lms-st/rss.xml,https://cap-sources.s3.amazonaws.com/ls-lms-st/rss.xml
WMO Register of Alerting Authorities,https://alertingauthority.wmo.int/authorities.php?recId=223,http://www.worldweather.org/155/m155.htm,http://www.worldweather.org/155/m155.htm
WMO Register of Alerting Authorities,https://alertingauthority.wmo.int/authorities.php?recId=223,© World Meteorological Organization,https://old.wmo.int/extranet/pages/documents/wmo.vcf
WMO Register of Alerting Authorities,https://alertingauthority.wmo.int/authorities.php?recId=223,Copyright,https://public.wmo.int/en/copyright
WMO Register of Alerting Authorities,https://alertingauthority.wmo.int/authorities.php?recId=223,Privacy Policy,https://public.wmo.int/en/privacy-policy
WMO Register of Alerting Authorities,https://alertingauthority.wmo.int/authorities.php?recId=223,Disclaimer,https://public.wmo.int/en/disclaimer
WMO Register of Alerting Authorities,https://alertingauthority.wmo.int/authorities.php?recId=223,Map disclaimer,https://public.wmo.int/en/disclaimer#mapdisclaimer
WMO Register of Alerting Authorities,https://alertingauthority.wmo.int/authorities.php?recId=224,,https://public.wmo.int/en
WMO Register of Alerting Authorities,https://alertingauthority.wmo.int/authorities.php?recId=224,HOME,https://public.wmo.int/en
WMO Register of Alerting Authorities,https://alertingauthority.wmo.int/authorities.php?recId=224,WORLDWEATHER,https://worldweather.wmo.int
WMO Register of Alerting Authorities,https://alertingauthority.wmo.int/authorities.php?recId=224,SEVERE WEATHER,https://severeweather.wmo.int
WMO Register of Alerting Authorities,https://alertingauthority.wmo.int/authorities.php?recId=224,Public Weather Services,https://public.wmo.int/en/programmes/public-weather-services-programme
WMO Register of Alerting Authorities,https://alertingauthority.wmo.int/authorities.php?recId=224,please contact us,https://public.wmo.int/en/about-us/contact-us
WMO Register of Alerting Authorities,https://alertingauthority.wmo.int/authorities.php?recId=224,© World Meteorological Organization,https://old.wmo.int/extranet/pages/documents/wmo.vcf
WMO Register of Alerting Authorities,https://alertingauthority.wmo.int/authorities.php?recId=224,Copyright,https://public.wmo.int/en/copyright
WMO Register of Alerting Authorities,https://alertingauthority.wmo.int/authorities.php?recId=224,Privacy Policy,https://public.wmo.int/en/privacy-policy
WMO Register of Alerting Authorities,https://alertingauthority.wmo.int/authorities.php?recId=224,Disclaimer,https://public.wmo.int/en/disclaimer
WMO Register of Alerting Authorities,https://alertingauthority.wmo.int/authorities.php?recId=224,Map disclaimer,https://public.wmo.int/en/disclaimer#mapdisclaimer
WMO Register of Alerting Authorities,https://alertingauthority.wmo.int/authorities.php?recId=225,,https://public.wmo.int/en
WMO Register of Alerting Authorities,https://alertingauthority.wmo.int/authorities.php?recId=225,HOME,https://public.wmo.int/en
WMO Register of Alerting Authorities,https://alertingauthority.wmo.int/authorities.php?recId=225,WORLDWEATHER,https://worldweather.wmo.int
WMO Register of Alerting Authorities,https://alertingauthority.wmo.int/authorities.php?recId=225,SEVERE WEATHER,https://severeweather.wmo.int
WMO Register of Alerting Authorities,https://alertingauthority.wmo.int/authorities.php?recId=225,Public Weather Services,https://public.wmo.int/en/programmes/public-weather-services-programme
WMO Register of Alerting Authorities,https://alertingauthority.wmo.int/authorities.php?recId=225,please contact us,https://public.wmo.int/en/about-us/contact-us
WMO Register of Alerting Authorities,https://alertingauthority.wmo.int/authorities.php?recId=225,© World Meteorological Organization,https://old.wmo.int/extranet/pages/documents/wmo.vcf
WMO Register of Alerting Authorities,https://alertingauthority.wmo.int/authorities.php?recId=225,Copyright,https://public.wmo.int/en/copyright
WMO Register of Alerting Authorities,https://alertingauthority.wmo.int/authorities.php?recId=225,Privacy Policy,https://public.wmo.int/en/privacy-policy
WMO Register of Alerting Authorities,https://alertingauthority.wmo.int/authorities.php?recId=225,Disclaimer,https://public.wmo.int/en/disclaimer
WMO Register of Alerting Authorities,https://alertingauthority.wmo.int/authorities.php?recId=225,Map disclaimer,https://public.wmo.int/en/disclaimer#mapdisclaimer
WMO Register of Alerting Authorities,https://alertingauthority.wmo.int/authorities.php?recId=226,,https://public.wmo.int/en
WMO Register of Alerting Authorities,https://alertingauthority.wmo.int/authorities.php?recId=226,HOME,https://public.wmo.int/en
WMO Register of Alerting Authorities,https://alertingauthority.wmo.int/authorities.php?recId=226,WORLDWEATHER,https://worldweather.wmo.int
WMO Register of Alerting Authorities,https://alertingauthority.wmo.int/authorities.php?recId=226,SEVERE WEATHER,https://severeweather.wmo.int
WMO Register of Alerting Authorities,https://alertingauthority.wmo.int/authorities.php?recId=226,Public Weather Services,https://public.wmo.int/en/programmes/public-weather-services-programme
WMO Register of Alerting Authorities,https://alertingauthority.wmo.int/authorities.php?recId=226,please contact us,https://public.wmo.int/en/about-us/contact-us
WMO Register of Alerting Authorities,https://alertingauthority.wmo.int/authorities.php?recId=226,http://www.worldweather.org/077/m077.htm,http://www.worldweather.org/077/m077.htm
WMO Register of Alerting Authorities,https://alertingauthority.wmo.int/authorities.php?recId=226,© World Meteorological Organization,https://old.wmo.int/extranet/pages/documents/wmo.vcf
WMO Register of Alerting Authorities,https://alertingauthority.wmo.int/authorities.php?recId=226,Copyright,https://public.wmo.int/en/copyright
WMO Register of Alerting Authorities,https://alertingauthority.wmo.int/authorities.php?recId=226,Privacy Policy,https://public.wmo.int/en/privacy-policy
WMO Register of Alerting Authorities,https://alertingauthority.wmo.int/authorities.php?recId=226,Disclaimer,https://public.wmo.int/en/disclaimer
WMO Register of Alerting Authorities,https://alertingauthority.wmo.int/authorities.php?recId=226,Map disclaimer,https://public.wmo.int/en/disclaimer#mapdisclaimer
WMO Register of Alerting Authorities,https://alertingauthority.wmo.int/authorities.php?recId=227,,https://public.wmo.int/en
WMO Register of Alerting Authorities,https://alertingauthority.wmo.int/authorities.php?recId=227,HOME,https://public.wmo.int/en
WMO Register of Alerting Authorities,https://alertingauthority.wmo.int/authorities.php?recId=227,WORLDWEATHER,https://worldweather.wmo.int
WMO Register of Alerting Authorities,https://alertingauthority.wmo.int/authorities.php?recId=227,SEVERE WEATHER,https://severeweather.wmo.int
WMO Register of Alerting Authorities,https://alertingauthority.wmo.int/authorities.php?recId=227,Public Weather Services,https://public.wmo.int/en/programmes/public-weather-services-programme
WMO Register of Alerting Authorities,https://alertingauthority.wmo.int/authorities.php?recId=227,please contact us,https://public.wmo.int/en/about-us/contact-us
WMO Register of Alerting Authorities,https://alertingauthority.wmo.int/authorities.php?recId=227,© World Meteorological Organization,https://old.wmo.int/extranet/pages/documents/wmo.vcf
WMO Register of Alerting Authorities,https://alertingauthority.wmo.int/authorities.php?recId=227,Copyright,https://public.wmo.int/en/copyright
WMO Register of Alerting Authorities,https://alertingauthority.wmo.int/authorities.php?recId=227,Privacy Policy,https://public.wmo.int/en/privacy-policy
WMO Register of Alerting Authorities,https://alertingauthority.wmo.int/authorities.php?recId=227,Disclaimer,https://public.wmo.int/en/disclaimer
WMO Register of Alerting Authorities,https://alertingauthority.wmo.int/authorities.php?recId=227,Map disclaimer,https://public.wmo.int/en/disclaimer#mapdisclaimer
WMO Register of Alerting Authorities,https://alertingauthority.wmo.int/authorities.php?recId=228,,https://public.wmo.int/en
WMO Register of Alerting Authorities,https://alertingauthority.wmo.int/authorities.php?recId=228,HOME,https://public.wmo.int/en
WMO Register of Alerting Authorities,https://alertingauthority.wmo.int/authorities.php?recId=228,WORLDWEATHER,https://worldweather.wmo.int
WMO Register of Alerting Authorities,https://alertingauthority.wmo.int/authorities.php?recId=228,SEVERE WEATHER,https://severeweather.wmo.int
WMO Register of Alerting Authorities,https://alertingauthority.wmo.int/authorities.php?recId=228,Public Weather Services,https://public.wmo.int/en/programmes/public-weather-services-programme
WMO Register of Alerting Authorities,https://alertingauthority.wmo.int/authorities.php?recId=228,please contact us,https://public.wmo.int/en/about-us/contact-us
WMO Register of Alerting Authorities,https://alertingauthority.wmo.int/authorities.php?recId=228,https://slmet.gov.sl/api/cap/rss.xml,https://slmet.gov.sl/api/cap/rss.xml
WMO Register of Alerting Authorities,https://alertingauthority.wmo.int/authorities.php?recId=228,https://slmet.gov.sl,https://slmet.gov.sl
WMO Register of Alerting Authorities,https://alertingauthority.wmo.int/authorities.php?recId=228,© World Meteorological Organization,https://old.wmo.int/extranet/pages/documents/wmo.vcf
WMO Register of Alerting Authorities,https://alertingauthority.wmo.int/authorities.php?recId=228,Copyright,https://public.wmo.int/en/copyright
WMO Register of Alerting Authorities,https://alertingauthority.wmo.int/authorities.php?recId=228,Privacy Policy,https://public.wmo.int/en/privacy-policy
WMO Register of Alerting Authorities,https://alertingauthority.wmo.int/authorities.php?recId=228,Disclaimer,https://public.wmo.int/en/disclaimer
WMO Register of Alerting Authorities,https://alertingauthority.wmo.int/authorities.php?recId=228,Map disclaimer,https://public.wmo.int/en/disclaimer#mapdisclaimer
WMO Register of Alerting Authorities,https://alertingauthority.wmo.int/authorities.php?recId=229,,https://public.wmo.int/en
WMO Register of Alerting Authorities,https://alertingauthority.wmo.int/authorities.php?recId=229,HOME,https://public.wmo.int/en
WMO Register of Alerting Authorities,https://alertingauthority.wmo.int/authorities.php?recId=229,WORLDWEATHER,https://worldweather.wmo.int
WMO Register of Alerting Authorities,https://alertingauthority.wmo.int/authorities.php?recId=229,SEVERE WEATHER,https://severeweather.wmo.int
WMO Register of Alerting Authorities,https://alertingauthority.wmo.int/authorities.php?recId=229,Public Weather Services,https://public.wmo.int/en/programmes/public-weather-services-programme
WMO Register of Alerting Authorities,https://alertingauthority.wmo.int/authorities.php?recId=229,please contact us,https://public.wmo.int/en/about-us/contact-us
WMO Register of Alerting Authorities,https://alertingauthority.wmo.int/authorities.php?recId=229,https://cap-sources.s3.amazonaws.com/sb-met-en/rss.xml,https://cap-sources.s3.amazonaws.com/sb-met-en/rss.xml
WMO Register of Alerting Authorities,https://alertingauthority.wmo.int/authorities.php?recId=229,https://www.met.gov.sb/,https://www.met.gov.sb/
WMO Register of Alerting Authorities,https://alertingauthority.wmo.int/authorities.php?recId=229,© World Meteorological Organization,https://old.wmo.int/extranet/pages/documents/wmo.vcf
WMO Register of Alerting Authorities,https://alertingauthority.wmo.int/authorities.php?recId=229,Copyright,https://public.wmo.int/en/copyright
WMO Register of Alerting Authorities,https://alertingauthority.wmo.int/authorities.php?recId=229,Privacy Policy,https://public.wmo.int/en/privacy-policy
WMO Register of Alerting Authorities,https://alertingauthority.wmo.int/authorities.php?recId=229,Disclaimer,https://public.wmo.int/en/disclaimer
WMO Register of Alerting Authorities,https://alertingauthority.wmo.int/authorities.php?recId=229,Map disclaimer,https://public.wmo.int/en/disclaimer#mapdisclaimer
WMO Register of Alerting Authorities,https://alertingauthority.wmo.int/authorities.php?recId=230,,https://public.wmo.int/en
WMO Register of Alerting Authorities,https://alertingauthority.wmo.int/authorities.php?recId=230,HOME,https://public.wmo.int/en
WMO Register of Alerting Authorities,https://alertingauthority.wmo.int/authorities.php?recId=230,WORLDWEATHER,https://worldweather.wmo.int
WMO Register of Alerting Authorities,https://alertingauthority.wmo.int/authorities.php?recId=230,SEVERE WEATHER,https://severeweather.wmo.int
WMO Register of Alerting Authorities,https://alertingauthority.wmo.int/authorities.php?recId=230,Public Weather Services,https://public.wmo.int/en/programmes/public-weather-services-programme
WMO Register of Alerting Authorities,https://alertingauthority.wmo.int/authorities.php?recId=230,please contact us,https://public.wmo.int/en/about-us/contact-us
WMO Register of Alerting Authorities,https://alertingauthority.wmo.int/authorities.php?recId=230,https://cap-sources.s3.amazonaws.com/sz-met-en/rss.xml,https://cap-sources.s3.amazonaws.com/sz-met-en/rss.xml
WMO Register of Alerting Authorities,https://alertingauthority.wmo.int/authorities.php?recId=230,http://www.swazimet.gov.sz/index.php,http://www.swazimet.gov.sz/index.php
WMO Register of Alerting Authorities,https://alertingauthority.wmo.int/authorities.php?recId=230,© World Meteorological Organization,https://old.wmo.int/extranet/pages/documents/wmo.vcf
WMO Register of Alerting Authorities,https://alertingauthority.wmo.int/authorities.php?recId=230,Copyright,https://public.wmo.int/en/copyright
WMO Register of Alerting Authorities,https://alertingauthority.wmo.int/authorities.php?recId=230,Privacy Policy,https://public.wmo.int/en/privacy-policy
WMO Register of Alerting Authorities,https://alertingauthority.wmo.int/authorities.php?recId=230,Disclaimer,https://public.wmo.int/en/disclaimer
WMO Register of Alerting Authorities,https://alertingauthority.wmo.int/authorities.php?recId=230,Map disclaimer,https://public.wmo.int/en/disclaimer#mapdisclaimer
WMO Register of Alerting Authorities,https://alertingauthority.wmo.int/authorities.php?recId=231,,https://public.wmo.int/en
WMO Register of Alerting Authorities,https://alertingauthority.wmo.int/authorities.php?recId=231,HOME,https://public.wmo.int/en
WMO Register of Alerting Authorities,https://alertingauthority.wmo.int/authorities.php?recId=231,WORLDWEATHER,https://worldweather.wmo.int
WMO Register of Alerting Authorities,https://alertingauthority.wmo.int/authorities.php?recId=231,SEVERE WEATHER,https://severeweather.wmo.int
WMO Register of Alerting Authorities,https://alertingauthority.wmo.int/authorities.php?recId=231,Public Weather Services,https://public.wmo.int/en/programmes/public-weather-services-programme
WMO Register of Alerting Authorities,https://alertingauthority.wmo.int/authorities.php?recId=231,please contact us,https://public.wmo.int/en/about-us/contact-us
WMO Register of Alerting Authorities,https://alertingauthority.wmo.int/authorities.php?recId=231,http://www.worldweather.org/099/m099.htm,http://www.worldweather.org/099/m099.htm
WMO Register of Alerting Authorities,https://alertingauthority.wmo.int/authorities.php?recId=231,© World Meteorological Organization,https://old.wmo.int/extranet/pages/documents/wmo.vcf
WMO Register of Alerting Authorities,https://alertingauthority.wmo.int/authorities.php?recId=231,Copyright,https://public.wmo.int/en/copyright
WMO Register of Alerting Authorities,https://alertingauthority.wmo.int/authorities.php?recId=231,Privacy Policy,https://public.wmo.int/en/privacy-policy
WMO Register of Alerting Authorities,https://alertingauthority.wmo.int/authorities.php?recId=231,Disclaimer,https://public.wmo.int/en/disclaimer
WMO Register of Alerting Authorities,https://alertingauthority.wmo.int/authorities.php?recId=231,Map disclaimer,https://public.wmo.int/en/disclaimer#mapdisclaimer
WMO Register of Alerting Authorities,https://alertingauthority.wmo.int/authorities.php?recId=232,,https://public.wmo.int/en
WMO Register of Alerting Authorities,https://alertingauthority.wmo.int/authorities.php?recId=232,HOME,https://public.wmo.int/en
WMO Register of Alerting Authorities,https://alertingauthority.wmo.int/authorities.php?recId=232,WORLDWEATHER,https://worldweather.wmo.int
WMO Register of Alerting Authorities,https://alertingauthority.wmo.int/authorities.php?recId=232,SEVERE WEATHER,https://severeweather.wmo.int
WMO Register of Alerting Authorities,https://alertingauthority.wmo.int/authorities.php?recId=232,Public Weather Services,https://public.wmo.int/en/programmes/public-weather-services-programme
WMO Register of Alerting Authorities,https://alertingauthority.wmo.int/authorities.php?recId=232,please contact us,https://public.wmo.int/en/about-us/contact-us
WMO Register of Alerting Authorities,https://alertingauthority.wmo.int/authorities.php?recId=232,http://www.worldweather.org/111/c00212.htm,http://www.worldweather.org/111/c00212.htm
WMO Register of Alerting Authorities,https://alertingauthority.wmo.int/authorities.php?recId=232,© World Meteorological Organization,https://old.wmo.int/extranet/pages/documents/wmo.vcf
WMO Register of Alerting Authorities,https://alertingauthority.wmo.int/authorities.php?recId=232,Copyright,https://public.wmo.int/en/copyright
WMO Register of Alerting Authorities,https://alertingauthority.wmo.int/authorities.php?recId=232,Privacy Policy,https://public.wmo.int/en/privacy-policy
WMO Register of Alerting Authorities,https://alertingauthority.wmo.int/authorities.php?recId=232,Disclaimer,https://public.wmo.int/en/disclaimer
WMO Register of Alerting Authorities,https://alertingauthority.wmo.int/authorities.php?recId=232,Map disclaimer,https://public.wmo.int/en/disclaimer#mapdisclaimer
WMO Register of Alerting Authorities,https://alertingauthority.wmo.int/authorities.php?recId=233,,https://public.wmo.int/en
WMO Register of Alerting Authorities,https://alertingauthority.wmo.int/authorities.php?recId=233,HOME,https://public.wmo.int/en
WMO Register of Alerting Authorities,https://alertingauthority.wmo.int/authorities.php?recId=233,WORLDWEATHER,https://worldweather.wmo.int
WMO Register of Alerting Authorities,https://alertingauthority.wmo.int/authorities.php?recId=233,SEVERE WEATHER,https://severeweather.wmo.int
WMO Register of Alerting Authorities,https://alertingauthority.wmo.int/authorities.php?recId=233,Public Weather Services,https://public.wmo.int/en/programmes/public-weather-services-programme
WMO Register of Alerting Authorities,https://alertingauthority.wmo.int/authorities.php?recId=233,please contact us,https://public.wmo.int/en/about-us/contact-us
WMO Register of Alerting Authorities,https://alertingauthority.wmo.int/authorities.php?recId=233,http://weather.bg/,http://weather.bg/
WMO Register of Alerting Authorities,https://alertingauthority.wmo.int/authorities.php?recId=233,© World Meteorological Organization,https://old.wmo.int/extranet/pages/documents/wmo.vcf
WMO Register of Alerting Authorities,https://alertingauthority.wmo.int/authorities.php?recId=233,Copyright,https://public.wmo.int/en/copyright
WMO Register of Alerting Authorities,https://alertingauthority.wmo.int/authorities.php?recId=233,Privacy Policy,https://public.wmo.int/en/privacy-policy
WMO Register of Alerting Authorities,https://alertingauthority.wmo.int/authorities.php?recId=233,Disclaimer,https://public.wmo.int/en/disclaimer
WMO Register of Alerting Authorities,https://alertingauthority.wmo.int/authorities.php?recId=233,Map disclaimer,https://public.wmo.int/en/disclaimer#mapdisclaimer
WMO Register of Alerting Authorities,https://alertingauthority.wmo.int/authorities.php?recId=234,,https://public.wmo.int/en
WMO Register of Alerting Authorities,https://alertingauthority.wmo.int/authorities.php?recId=234,HOME,https://public.wmo.int/en
WMO Register of Alerting Authorities,https://alertingauthority.wmo.int/authorities.php?recId=234,WORLDWEATHER,https://worldweather.wmo.int
WMO Register of Alerting Authorities,https://alertingauthority.wmo.int/authorities.php?recId=234,SEVERE WEATHER,https://severeweather.wmo.int
WMO Register of Alerting Authorities,https://alertingauthority.wmo.int/authorities.php?recId=234,Public Weather Services,https://public.wmo.int/en/programmes/public-weather-services-programme
WMO Register of Alerting Authorities,https://alertingauthority.wmo.int/authorities.php?recId=234,please contact us,https://public.wmo.int/en/about-us/contact-us
WMO Register of Alerting Authorities,https://alertingauthority.wmo.int/authorities.php?recId=234,https://meteoalert.meteoinfo.ru/uzbekistan/cap-feed/en/atom.xml,https://meteoalert.meteoinfo.ru/uzbekistan/cap-feed/en/atom.xml
WMO Register of Alerting Authorities,https://alertingauthority.wmo.int/authorities.php?recId=234,https://meteoalert.meteoinfo.ru/uzbekistan/cap-feed/ru/atom.xml,https://meteoalert.meteoinfo.ru/uzbekistan/cap-feed/ru/atom.xml
WMO Register of Alerting Authorities,https://alertingauthority.wmo.int/authorities.php?recId=234,http://www.worldweather.org/032/m032.htm,http://www.worldweather.org/032/m032.htm
WMO Register of Alerting Authorities,https://alertingauthority.wmo.int/authorities.php?recId=234,© World Meteorological Organization,https://old.wmo.int/extranet/pages/documents/wmo.vcf
WMO Register of Alerting Authorities,https://alertingauthority.wmo.int/authorities.php?recId=234,Copyright,https://public.wmo.int/en/copyright
WMO Register of Alerting Authorities,https://alertingauthority.wmo.int/authorities.php?recId=234,Privacy Policy,https://public.wmo.int/en/privacy-policy
WMO Register of Alerting Authorities,https://alertingauthority.wmo.int/authorities.php?recId=234,Disclaimer,https://public.wmo.int/en/disclaimer
WMO Register of Alerting Authorities,https://alertingauthority.wmo.int/authorities.php?recId=234,Map disclaimer,https://public.wmo.int/en/disclaimer#mapdisclaimer
WMO Register of Alerting Authorities,https://alertingauthority.wmo.int/authorities.php?recId=235,,https://public.wmo.int/en
WMO Register of Alerting Authorities,https://alertingauthority.wmo.int/authorities.php?recId=235,HOME,https://public.wmo.int/en
WMO Register of Alerting Authorities,https://alertingauthority.wmo.int/authorities.php?recId=235,WORLDWEATHER,https://worldweather.wmo.int
WMO Register of Alerting Authorities,https://alertingauthority.wmo.int/authorities.php?recId=235,SEVERE WEATHER,https://severeweather.wmo.int
WMO Register of Alerting Authorities,https://alertingauthority.wmo.int/authorities.php?recId=235,Public Weather Services,https://public.wmo.int/en/programmes/public-weather-services-programme
WMO Register of Alerting Authorities,https://alertingauthority.wmo.int/authorities.php?recId=235,please contact us,https://public.wmo.int/en/about-us/contact-us
WMO Register of Alerting Authorities,https://alertingauthority.wmo.int/authorities.php?recId=235,http://www.worldweather.org/040/m040.htm,http://www.worldweather.org/040/m040.htm
WMO Register of Alerting Authorities,https://alertingauthority.wmo.int/authorities.php?recId=235,© World Meteorological Organization,https://old.wmo.int/extranet/pages/documents/wmo.vcf
WMO Register of Alerting Authorities,https://alertingauthority.wmo.int/authorities.php?recId=235,Copyright,https://public.wmo.int/en/copyright
WMO Register of Alerting Authorities,https://alertingauthority.wmo.int/authorities.php?recId=235,Privacy Policy,https://public.wmo.int/en/privacy-policy
WMO Register of Alerting Authorities,https://alertingauthority.wmo.int/authorities.php?recId=235,Disclaimer,https://public.wmo.int/en/disclaimer
WMO Register of Alerting Authorities,https://alertingauthority.wmo.int/authorities.php?recId=235,Map disclaimer,https://public.wmo.int/en/disclaimer#mapdisclaimer
WMO Register of Alerting Authorities,https://alertingauthority.wmo.int/authorities.php?recId=236,,https://public.wmo.int/en
WMO Register of Alerting Authorities,https://alertingauthority.wmo.int/authorities.php?recId=236,HOME,https://public.wmo.int/en
WMO Register of Alerting Authorities,https://alertingauthority.wmo.int/authorities.php?recId=236,WORLDWEATHER,https://worldweather.wmo.int
WMO Register of Alerting Authorities,https://alertingauthority.wmo.int/authorities.php?recId=236,SEVERE WEATHER,https://severeweather.wmo.int
WMO Register of Alerting Authorities,https://alertingauthority.wmo.int/authorities.php?recId=236,Public Weather Services,https://public.wmo.int/en/programmes/public-weather-services-programme
WMO Register of Alerting Authorities,https://alertingauthority.wmo.int/authorities.php?recId=236,please contact us,https://public.wmo.int/en/about-us/contact-us
WMO Register of Alerting Authorities,https://alertingauthority.wmo.int/authorities.php?recId=236,https://www.igebu.bi/api/cap/rss.xml,https://www.igebu.bi/api/cap/rss.xml
WMO Register of Alerting Authorities,https://alertingauthority.wmo.int/authorities.php?recId=236,https://www.igebu.bi/,https://www.igebu.bi/
WMO Register of Alerting Authorities,https://alertingauthority.wmo.int/authorities.php?recId=236,© World Meteorological Organization,https://old.wmo.int/extranet/pages/documents/wmo.vcf
WMO Register of Alerting Authorities,https://alertingauthority.wmo.int/authorities.php?recId=236,Copyright,https://public.wmo.int/en/copyright
WMO Register of Alerting Authorities,https://alertingauthority.wmo.int/authorities.php?recId=236,Privacy Policy,https://public.wmo.int/en/privacy-policy
WMO Register of Alerting Authorities,https://alertingauthority.wmo.int/authorities.php?recId=236,Disclaimer,https://public.wmo.int/en/disclaimer
WMO Register of Alerting Authorities,https://alertingauthority.wmo.int/authorities.php?recId=236,Map disclaimer,https://public.wmo.int/en/disclaimer#mapdisclaimer
WMO Register of Alerting Authorities,https://alertingauthority.wmo.int/authorities.php?recId=237,,https://public.wmo.int/en
WMO Register of Alerting Authorities,https://alertingauthority.wmo.int/authorities.php?recId=237,HOME,https://public.wmo.int/en
WMO Register of Alerting Authorities,https://alertingauthority.wmo.int/authorities.php?recId=237,WORLDWEATHER,https://worldweather.wmo.int
WMO Register of Alerting Authorities,https://alertingauthority.wmo.int/authorities.php?recId=237,SEVERE WEATHER,https://severeweather.wmo.int
WMO Register of Alerting Authorities,https://alertingauthority.wmo.int/authorities.php?recId=237,Public Weather Services,https://public.wmo.int/en/programmes/public-weather-services-programme
WMO Register of Alerting Authorities,https://alertingauthority.wmo.int/authorities.php?recId=237,please contact us,https://public.wmo.int/en/about-us/contact-us
WMO Register of Alerting Authorities,https://alertingauthority.wmo.int/authorities.php?recId=237,https://cap-sources.s3.amazonaws.com/cf-dmn-fr/rss.xml,https://cap-sources.s3.amazonaws.com/cf-dmn-fr/rss.xml
WMO Register of Alerting Authorities,https://alertingauthority.wmo.int/authorities.php?recId=237,© World Meteorological Organization,https://old.wmo.int/extranet/pages/documents/wmo.vcf
WMO Register of Alerting Authorities,https://alertingauthority.wmo.int/authorities.php?recId=237,Copyright,https://public.wmo.int/en/copyright
WMO Register of Alerting Authorities,https://alertingauthority.wmo.int/authorities.php?recId=237,Privacy Policy,https://public.wmo.int/en/privacy-policy
WMO Register of Alerting Authorities,https://alertingauthority.wmo.int/authorities.php?recId=237,Disclaimer,https://public.wmo.int/en/disclaimer
WMO Register of Alerting Authorities,https://alertingauthority.wmo.int/authorities.php?recId=237,Map disclaimer,https://public.wmo.int/en/disclaimer#mapdisclaimer
WMO Register of Alerting Authorities,https://alertingauthority.wmo.int/authorities.php?recId=238,,https://public.wmo.int/en
WMO Register of Alerting Authorities,https://alertingauthority.wmo.int/authorities.php?recId=238,HOME,https://public.wmo.int/en
WMO Register of Alerting Authorities,https://alertingauthority.wmo.int/authorities.php?recId=238,WORLDWEATHER,https://worldweather.wmo.int
WMO Register of Alerting Authorities,https://alertingauthority.wmo.int/authorities.php?recId=238,SEVERE WEATHER,https://severeweather.wmo.int
WMO Register of Alerting Authorities,https://alertingauthority.wmo.int/authorities.php?recId=238,Public Weather Services,https://public.wmo.int/en/programmes/public-weather-services-programme
WMO Register of Alerting Authorities,https://alertingauthority.wmo.int/authorities.php?recId=238,please contact us,https://public.wmo.int/en/about-us/contact-us
WMO Register of Alerting Authorities,https://alertingauthority.wmo.int/authorities.php?recId=238,https://meteoliberia.com/api/cap/rss.xml,https://meteoliberia.com/api/cap/rss.xml
WMO Register of Alerting Authorities,https://alertingauthority.wmo.int/authorities.php?recId=238,https://meteoliberia.com,https://meteoliberia.com
WMO Register of Alerting Authorities,https://alertingauthority.wmo.int/authorities.php?recId=238,© World Meteorological Organization,https://old.wmo.int/extranet/pages/documents/wmo.vcf
WMO Register of Alerting Authorities,https://alertingauthority.wmo.int/authorities.php?recId=238,Copyright,https://public.wmo.int/en/copyright
WMO Register of Alerting Authorities,https://alertingauthority.wmo.int/authorities.php?recId=238,Privacy Policy,https://public.wmo.int/en/privacy-policy
WMO Register of Alerting Authorities,https://alertingauthority.wmo.int/authorities.php?recId=238,Disclaimer,https://public.wmo.int/en/disclaimer
WMO Register of Alerting Authorities,https://alertingauthority.wmo.int/authorities.php?recId=238,Map disclaimer,https://public.wmo.int/en/disclaimer#mapdisclaimer
WMO Register of Alerting Authorities,https://alertingauthority.wmo.int/authorities.php?recId=239,,https://public.wmo.int/en
WMO Register of Alerting Authorities,https://alertingauthority.wmo.int/authorities.php?recId=239,HOME,https://public.wmo.int/en
WMO Register of Alerting Authorities,https://alertingauthority.wmo.int/authorities.php?recId=239,WORLDWEATHER,https://worldweather.wmo.int
WMO Register of Alerting Authorities,https://alertingauthority.wmo.int/authorities.php?recId=239,SEVERE WEATHER,https://severeweather.wmo.int
WMO Register of Alerting Authorities,https://alertingauthority.wmo.int/authorities.php?recId=239,Public Weather Services,https://public.wmo.int/en/programmes/public-weather-services-programme
WMO Register of Alerting Authorities,https://alertingauthority.wmo.int/authorities.php?recId=239,please contact us,https://public.wmo.int/en/about-us/contact-us
WMO Register of Alerting Authorities,https://alertingauthority.wmo.int/authorities.php?recId=239,© World Meteorological Organization,https://old.wmo.int/extranet/pages/documents/wmo.vcf
WMO Register of Alerting Authorities,https://alertingauthority.wmo.int/authorities.php?recId=239,Copyright,https://public.wmo.int/en/copyright
WMO Register of Alerting Authorities,https://alertingauthority.wmo.int/authorities.php?recId=239,Privacy Policy,https://public.wmo.int/en/privacy-policy
WMO Register of Alerting Authorities,https://alertingauthority.wmo.int/authorities.php?recId=239,Disclaimer,https://public.wmo.int/en/disclaimer
WMO Register of Alerting Authorities,https://alertingauthority.wmo.int/authorities.php?recId=239,Map disclaimer,https://public.wmo.int/en/disclaimer#mapdisclaimer
WMO Register of Alerting Authorities,https://alertingauthority.wmo.int/authorities.php?recId=240,,https://public.wmo.int/en
WMO Register of Alerting Authorities,https://alertingauthority.wmo.int/authorities.php?recId=240,HOME,https://public.wmo.int/en
WMO Register of Alerting Authorities,https://alertingauthority.wmo.int/authorities.php?recId=240,WORLDWEATHER,https://worldweather.wmo.int
WMO Register of Alerting Authorities,https://alertingauthority.wmo.int/authorities.php?recId=240,SEVERE WEATHER,https://severeweather.wmo.int
WMO Register of Alerting Authorities,https://alertingauthority.wmo.int/authorities.php?recId=240,Public Weather Services,https://public.wmo.int/en/programmes/public-weather-services-programme
WMO Register of Alerting Authorities,https://alertingauthority.wmo.int/authorities.php?recId=240,please contact us,https://public.wmo.int/en/about-us/contact-us
WMO Register of Alerting Authorities,https://alertingauthority.wmo.int/authorities.php?recId=240,http://www.worldweather.org/193/c01378.htm,http://www.worldweather.org/193/c01378.htm
WMO Register of Alerting Authorities,https://alertingauthority.wmo.int/authorities.php?recId=240,© World Meteorological Organization,https://old.wmo.int/extranet/pages/documents/wmo.vcf
WMO Register of Alerting Authorities,https://alertingauthority.wmo.int/authorities.php?recId=240,Copyright,https://public.wmo.int/en/copyright
WMO Register of Alerting Authorities,https://alertingauthority.wmo.int/authorities.php?recId=240,Privacy Policy,https://public.wmo.int/en/privacy-policy
WMO Register of Alerting Authorities,https://alertingauthority.wmo.int/authorities.php?recId=240,Disclaimer,https://public.wmo.int/en/disclaimer
WMO Register of Alerting Authorities,https://alertingauthority.wmo.int/authorities.php?recId=240,Map disclaimer,https://public.wmo.int/en/disclaimer#mapdisclaimer
WMO Register of Alerting Authorities,https://alertingauthority.wmo.int/authorities.php?recId=241,,https://public.wmo.int/en
WMO Register of Alerting Authorities,https://alertingauthority.wmo.int/authorities.php?recId=241,HOME,https://public.wmo.int/en
WMO Register of Alerting Authorities,https://alertingauthority.wmo.int/authorities.php?recId=241,WORLDWEATHER,https://worldweather.wmo.int
WMO Register of Alerting Authorities,https://alertingauthority.wmo.int/authorities.php?recId=241,SEVERE WEATHER,https://severeweather.wmo.int
WMO Register of Alerting Authorities,https://alertingauthority.wmo.int/authorities.php?recId=241,Public Weather Services,https://public.wmo.int/en/programmes/public-weather-services-programme
WMO Register of Alerting Authorities,https://alertingauthority.wmo.int/authorities.php?recId=241,please contact us,https://public.wmo.int/en/about-us/contact-us
WMO Register of Alerting Authorities,https://alertingauthority.wmo.int/authorities.php?recId=241,© World Meteorological Organization,https://old.wmo.int/extranet/pages/documents/wmo.vcf
WMO Register of Alerting Authorities,https://alertingauthority.wmo.int/authorities.php?recId=241,Copyright,https://public.wmo.int/en/copyright
WMO Register of Alerting Authorities,https://alertingauthority.wmo.int/authorities.php?recId=241,Privacy Policy,https://public.wmo.int/en/privacy-policy
WMO Register of Alerting Authorities,https://alertingauthority.wmo.int/authorities.php?recId=241,Disclaimer,https://public.wmo.int/en/disclaimer
WMO Register of Alerting Authorities,https://alertingauthority.wmo.int/authorities.php?recId=241,Map disclaimer,https://public.wmo.int/en/disclaimer#mapdisclaimer
WMO Register of Alerting Authorities,https://alertingauthority.wmo.int/authorities.php?recId=242,,https://public.wmo.int/en
WMO Register of Alerting Authorities,https://alertingauthority.wmo.int/authorities.php?recId=242,HOME,https://public.wmo.int/en
WMO Register of Alerting Authorities,https://alertingauthority.wmo.int/authorities.php?recId=242,WORLDWEATHER,https://worldweather.wmo.int
WMO Register of Alerting Authorities,https://alertingauthority.wmo.int/authorities.php?recId=242,SEVERE WEATHER,https://severeweather.wmo.int
WMO Register of Alerting Authorities,https://alertingauthority.wmo.int/authorities.php?recId=242,Public Weather Services,https://public.wmo.int/en/programmes/public-weather-services-programme
WMO Register of Alerting Authorities,https://alertingauthority.wmo.int/authorities.php?recId=242,please contact us,https://public.wmo.int/en/about-us/contact-us
WMO Register of Alerting Authorities,https://alertingauthority.wmo.int/authorities.php?recId=242,© World Meteorological Organization,https://old.wmo.int/extranet/pages/documents/wmo.vcf
WMO Register of Alerting Authorities,https://alertingauthority.wmo.int/authorities.php?recId=242,Copyright,https://public.wmo.int/en/copyright
WMO Register of Alerting Authorities,https://alertingauthority.wmo.int/authorities.php?recId=242,Privacy Policy,https://public.wmo.int/en/privacy-policy
WMO Register of Alerting Authorities,https://alertingauthority.wmo.int/authorities.php?recId=242,Disclaimer,https://public.wmo.int/en/disclaimer
WMO Register of Alerting Authorities,https://alertingauthority.wmo.int/authorities.php?recId=242,Map disclaimer,https://public.wmo.int/en/disclaimer#mapdisclaimer
WMO Register of Alerting Authorities,https://alertingauthority.wmo.int/authorities.php?recId=243,,https://public.wmo.int/en
WMO Register of Alerting Authorities,https://alertingauthority.wmo.int/authorities.php?recId=243,HOME,https://public.wmo.int/en
WMO Register of Alerting Authorities,https://alertingauthority.wmo.int/authorities.php?recId=243,WORLDWEATHER,https://worldweather.wmo.int
WMO Register of Alerting Authorities,https://alertingauthority.wmo.int/authorities.php?recId=243,SEVERE WEATHER,https://severeweather.wmo.int
WMO Register of Alerting Authorities,https://alertingauthority.wmo.int/authorities.php?recId=243,Public Weather Services,https://public.wmo.int/en/programmes/public-weather-services-programme
WMO Register of Alerting Authorities,https://alertingauthority.wmo.int/authorities.php?recId=243,please contact us,https://public.wmo.int/en/about-us/contact-us
WMO Register of Alerting Authorities,https://alertingauthority.wmo.int/authorities.php?recId=243,© World Meteorological Organization,https://old.wmo.int/extranet/pages/documents/wmo.vcf
WMO Register of Alerting Authorities,https://alertingauthority.wmo.int/authorities.php?recId=243,Copyright,https://public.wmo.int/en/copyright
WMO Register of Alerting Authorities,https://alertingauthority.wmo.int/authorities.php?recId=243,Privacy Policy,https://public.wmo.int/en/privacy-policy
WMO Register of Alerting Authorities,https://alertingauthority.wmo.int/authorities.php?recId=243,Disclaimer,https://public.wmo.int/en/disclaimer
WMO Register of Alerting Authorities,https://alertingauthority.wmo.int/authorities.php?recId=243,Map disclaimer,https://public.wmo.int/en/disclaimer#mapdisclaimer
WMO Register of Alerting Authorities,https://alertingauthority.wmo.int/authorities.php?recId=244,,https://public.wmo.int/en
WMO Register of Alerting Authorities,https://alertingauthority.wmo.int/authorities.php?recId=244,HOME,https://public.wmo.int/en
WMO Register of Alerting Authorities,https://alertingauthority.wmo.int/authorities.php?recId=244,WORLDWEATHER,https://worldweather.wmo.int
WMO Register of Alerting Authorities,https://alertingauthority.wmo.int/authorities.php?recId=244,SEVERE WEATHER,https://severeweather.wmo.int
WMO Register of Alerting Authorities,https://alertingauthority.wmo.int/authorities.php?recId=244,Public Weather Services,https://public.wmo.int/en/programmes/public-weather-services-programme
WMO Register of Alerting Authorities,https://alertingauthority.wmo.int/authorities.php?recId=244,please contact us,https://public.wmo.int/en/about-us/contact-us
WMO Register of Alerting Authorities,https://alertingauthority.wmo.int/authorities.php?recId=244,https://cap-sources.s3.amazonaws.com/tl-dnmg-pt/rss.xml,https://cap-sources.s3.amazonaws.com/tl-dnmg-pt/rss.xml
WMO Register of Alerting Authorities,https://alertingauthority.wmo.int/authorities.php?recId=244,https://cap-sources.s3.amazonaws.com/tl-dnmg-pt/rss.xml,https://cap-sources.s3.amazonaws.com/tl-dnmg-pt/rss.xml
WMO Register of Alerting Authorities,https://alertingauthority.wmo.int/authorities.php?recId=244,© World Meteorological Organization,https://old.wmo.int/extranet/pages/documents/wmo.vcf
WMO Register of Alerting Authorities,https://alertingauthority.wmo.int/authorities.php?recId=244,Copyright,https://public.wmo.int/en/copyright
WMO Register of Alerting Authorities,https://alertingauthority.wmo.int/authorities.php?recId=244,Privacy Policy,https://public.wmo.int/en/privacy-policy
WMO Register of Alerting Authorities,https://alertingauthority.wmo.int/authorities.php?recId=244,Disclaimer,https://public.wmo.int/en/disclaimer
WMO Register of Alerting Authorities,https://alertingauthority.wmo.int/authorities.php?recId=244,Map disclaimer,https://public.wmo.int/en/disclaimer#mapdisclaimer
WMO Register of Alerting Authorities,https://alertingauthority.wmo.int/authorities.php?recId=245,,https://public.wmo.int/en
WMO Register of Alerting Authorities,https://alertingauthority.wmo.int/authorities.php?recId=245,HOME,https://public.wmo.int/en
WMO Register of Alerting Authorities,https://alertingauthority.wmo.int/authorities.php?recId=245,WORLDWEATHER,https://worldweather.wmo.int
WMO Register of Alerting Authorities,https://alertingauthority.wmo.int/authorities.php?recId=245,SEVERE WEATHER,https://severeweather.wmo.int
WMO Register of Alerting Authorities,https://alertingauthority.wmo.int/authorities.php?recId=245,Public Weather Services,https://public.wmo.int/en/programmes/public-weather-services-programme
WMO Register of Alerting Authorities,https://alertingauthority.wmo.int/authorities.php?recId=245,please contact us,https://public.wmo.int/en/about-us/contact-us
WMO Register of Alerting Authorities,https://alertingauthority.wmo.int/authorities.php?recId=245,http://www.protezionecivile.gov.it/jcms/en/rischi.wp,http://www.protezionecivile.gov.it/jcms/en/rischi.wp
WMO Register of Alerting Authorities,https://alertingauthority.wmo.int/authorities.php?recId=245,© World Meteorological Organization,https://old.wmo.int/extranet/pages/documents/wmo.vcf
WMO Register of Alerting Authorities,https://alertingauthority.wmo.int/authorities.php?recId=245,Copyright,https://public.wmo.int/en/copyright
WMO Register of Alerting Authorities,https://alertingauthority.wmo.int/authorities.php?recId=245,Privacy Policy,https://public.wmo.int/en/privacy-policy
WMO Register of Alerting Authorities,https://alertingauthority.wmo.int/authorities.php?recId=245,Disclaimer,https://public.wmo.int/en/disclaimer
WMO Register of Alerting Authorities,https://alertingauthority.wmo.int/authorities.php?recId=245,Map disclaimer,https://public.wmo.int/en/disclaimer#mapdisclaimer
WMO Register of Alerting Authorities,https://alertingauthority.wmo.int/authorities.php?recId=246,,https://public.wmo.int/en
WMO Register of Alerting Authorities,https://alertingauthority.wmo.int/authorities.php?recId=246,HOME,https://public.wmo.int/en
WMO Register of Alerting Authorities,https://alertingauthority.wmo.int/authorities.php?recId=246,WORLDWEATHER,https://worldweather.wmo.int
WMO Register of Alerting Authorities,https://alertingauthority.wmo.int/authorities.php?recId=246,SEVERE WEATHER,https://severeweather.wmo.int
WMO Register of Alerting Authorities,https://alertingauthority.wmo.int/authorities.php?recId=246,Public Weather Services,https://public.wmo.int/en/programmes/public-weather-services-programme
WMO Register of Alerting Authorities,https://alertingauthority.wmo.int/authorities.php?recId=246,please contact us,https://public.wmo.int/en/about-us/contact-us
WMO Register of Alerting Authorities,https://alertingauthority.wmo.int/authorities.php?recId=246,http://www.worldweather.org/072/c00156.htm,http://www.worldweather.org/072/c00156.htm
WMO Register of Alerting Authorities,https://alertingauthority.wmo.int/authorities.php?recId=246,© World Meteorological Organization,https://old.wmo.int/extranet/pages/documents/wmo.vcf
WMO Register of Alerting Authorities,https://alertingauthority.wmo.int/authorities.php?recId=246,Copyright,https://public.wmo.int/en/copyright
WMO Register of Alerting Authorities,https://alertingauthority.wmo.int/authorities.php?recId=246,Privacy Policy,https://public.wmo.int/en/privacy-policy
WMO Register of Alerting Authorities,https://alertingauthority.wmo.int/authorities.php?recId=246,Disclaimer,https://public.wmo.int/en/disclaimer
WMO Register of Alerting Authorities,https://alertingauthority.wmo.int/authorities.php?recId=246,Map disclaimer,https://public.wmo.int/en/disclaimer#mapdisclaimer
WMO Register of Alerting Authorities,https://alertingauthority.wmo.int/authorities.php?recId=247,,https://public.wmo.int/en
WMO Register of Alerting Authorities,https://alertingauthority.wmo.int/authorities.php?recId=247,HOME,https://public.wmo.int/en
WMO Register of Alerting Authorities,https://alertingauthority.wmo.int/authorities.php?recId=247,WORLDWEATHER,https://worldweather.wmo.int
WMO Register of Alerting Authorities,https://alertingauthority.wmo.int/authorities.php?recId=247,SEVERE WEATHER,https://severeweather.wmo.int
WMO Register of Alerting Authorities,https://alertingauthority.wmo.int/authorities.php?recId=247,Public Weather Services,https://public.wmo.int/en/programmes/public-weather-services-programme
WMO Register of Alerting Authorities,https://alertingauthority.wmo.int/authorities.php?recId=247,please contact us,https://public.wmo.int/en/about-us/contact-us
WMO Register of Alerting Authorities,https://alertingauthority.wmo.int/authorities.php?recId=247,© World Meteorological Organization,https://old.wmo.int/extranet/pages/documents/wmo.vcf
WMO Register of Alerting Authorities,https://alertingauthority.wmo.int/authorities.php?recId=247,Copyright,https://public.wmo.int/en/copyright
WMO Register of Alerting Authorities,https://alertingauthority.wmo.int/authorities.php?recId=247,Privacy Policy,https://public.wmo.int/en/privacy-policy
WMO Register of Alerting Authorities,https://alertingauthority.wmo.int/authorities.php?recId=247,Disclaimer,https://public.wmo.int/en/disclaimer
WMO Register of Alerting Authorities,https://alertingauthority.wmo.int/authorities.php?recId=247,Map disclaimer,https://public.wmo.int/en/disclaimer#mapdisclaimer
WMO Register of Alerting Authorities,https://alertingauthority.wmo.int/authorities.php?recId=248,,https://public.wmo.int/en
WMO Register of Alerting Authorities,https://alertingauthority.wmo.int/authorities.php?recId=248,HOME,https://public.wmo.int/en
WMO Register of Alerting Authorities,https://alertingauthority.wmo.int/authorities.php?recId=248,WORLDWEATHER,https://worldweather.wmo.int
WMO Register of Alerting Authorities,https://alertingauthority.wmo.int/authorities.php?recId=248,SEVERE WEATHER,https://severeweather.wmo.int
WMO Register of Alerting Authorities,https://alertingauthority.wmo.int/authorities.php?recId=248,Public Weather Services,https://public.wmo.int/en/programmes/public-weather-services-programme
WMO Register of Alerting Authorities,https://alertingauthority.wmo.int/authorities.php?recId=248,please contact us,https://public.wmo.int/en/about-us/contact-us
WMO Register of Alerting Authorities,https://alertingauthority.wmo.int/authorities.php?recId=248,© World Meteorological Organization,https://old.wmo.int/extranet/pages/documents/wmo.vcf
WMO Register of Alerting Authorities,https://alertingauthority.wmo.int/authorities.php?recId=248,Copyright,https://public.wmo.int/en/copyright
WMO Register of Alerting Authorities,https://alertingauthority.wmo.int/authorities.php?recId=248,Privacy Policy,https://public.wmo.int/en/privacy-policy
WMO Register of Alerting Authorities,https://alertingauthority.wmo.int/authorities.php?recId=248,Disclaimer,https://public.wmo.int/en/disclaimer
WMO Register of Alerting Authorities,https://alertingauthority.wmo.int/authorities.php?recId=248,Map disclaimer,https://public.wmo.int/en/disclaimer#mapdisclaimer
WMO Register of Alerting Authorities,https://alertingauthority.wmo.int/authorities.php?recId=249,,https://public.wmo.int/en
WMO Register of Alerting Authorities,https://alertingauthority.wmo.int/authorities.php?recId=249,HOME,https://public.wmo.int/en
WMO Register of Alerting Authorities,https://alertingauthority.wmo.int/authorities.php?recId=249,WORLDWEATHER,https://worldweather.wmo.int
WMO Register of Alerting Authorities,https://alertingauthority.wmo.int/authorities.php?recId=249,SEVERE WEATHER,https://severeweather.wmo.int
WMO Register of Alerting Authorities,https://alertingauthority.wmo.int/authorities.php?recId=249,Public Weather Services,https://public.wmo.int/en/programmes/public-weather-services-programme
WMO Register of Alerting Authorities,https://alertingauthority.wmo.int/authorities.php?recId=249,please contact us,https://public.wmo.int/en/about-us/contact-us
WMO Register of Alerting Authorities,https://alertingauthority.wmo.int/authorities.php?recId=249,http://www.tirol.gv.at/buerger/sicherheit/wasserkreislauf/,http://www.tirol.gv.at/buerger/sicherheit/wasserkreislauf/
WMO Register of Alerting Authorities,https://alertingauthority.wmo.int/authorities.php?recId=249,© World Meteorological Organization,https://old.wmo.int/extranet/pages/documents/wmo.vcf
WMO Register of Alerting Authorities,https://alertingauthority.wmo.int/authorities.php?recId=249,Copyright,https://public.wmo.int/en/copyright
WMO Register of Alerting Authorities,https://alertingauthority.wmo.int/authorities.php?recId=249,Privacy Policy,https://public.wmo.int/en/privacy-policy
WMO Register of Alerting Authorities,https://alertingauthority.wmo.int/authorities.php?recId=249,Disclaimer,https://public.wmo.int/en/disclaimer
WMO Register of Alerting Authorities,https://alertingauthority.wmo.int/authorities.php?recId=249,Map disclaimer,https://public.wmo.int/en/disclaimer#mapdisclaimer
WMO Register of Alerting Authorities,https://alertingauthority.wmo.int/authorities.php?recId=250,,https://public.wmo.int/en
WMO Register of Alerting Authorities,https://alertingauthority.wmo.int/authorities.php?recId=250,HOME,https://public.wmo.int/en
WMO Register of Alerting Authorities,https://alertingauthority.wmo.int/authorities.php?recId=250,WORLDWEATHER,https://worldweather.wmo.int
WMO Register of Alerting Authorities,https://alertingauthority.wmo.int/authorities.php?recId=250,SEVERE WEATHER,https://severeweather.wmo.int
WMO Register of Alerting Authorities,https://alertingauthority.wmo.int/authorities.php?recId=250,Public Weather Services,https://public.wmo.int/en/programmes/public-weather-services-programme
WMO Register of Alerting Authorities,https://alertingauthority.wmo.int/authorities.php?recId=250,please contact us,https://public.wmo.int/en/about-us/contact-us
WMO Register of Alerting Authorities,https://alertingauthority.wmo.int/authorities.php?recId=250,http://www.vorarlberg.at/hochwasser/,http://www.vorarlberg.at/hochwasser/
WMO Register of Alerting Authorities,https://alertingauthority.wmo.int/authorities.php?recId=250,© World Meteorological Organization,https://old.wmo.int/extranet/pages/documents/wmo.vcf
WMO Register of Alerting Authorities,https://alertingauthority.wmo.int/authorities.php?recId=250,Copyright,https://public.wmo.int/en/copyright
WMO Register of Alerting Authorities,https://alertingauthority.wmo.int/authorities.php?recId=250,Privacy Policy,https://public.wmo.int/en/privacy-policy
WMO Register of Alerting Authorities,https://alertingauthority.wmo.int/authorities.php?recId=250,Disclaimer,https://public.wmo.int/en/disclaimer
WMO Register of Alerting Authorities,https://alertingauthority.wmo.int/authorities.php?recId=250,Map disclaimer,https://public.wmo.int/en/disclaimer#mapdisclaimer
WMO Register of Alerting Authorities,https://alertingauthority.wmo.int/authorities.php?recId=251,,https://public.wmo.int/en
WMO Register of Alerting Authorities,https://alertingauthority.wmo.int/authorities.php?recId=251,HOME,https://public.wmo.int/en
WMO Register of Alerting Authorities,https://alertingauthority.wmo.int/authorities.php?recId=251,WORLDWEATHER,https://worldweather.wmo.int
WMO Register of Alerting Authorities,https://alertingauthority.wmo.int/authorities.php?recId=251,SEVERE WEATHER,https://severeweather.wmo.int
WMO Register of Alerting Authorities,https://alertingauthority.wmo.int/authorities.php?recId=251,Public Weather Services,https://public.wmo.int/en/programmes/public-weather-services-programme
WMO Register of Alerting Authorities,https://alertingauthority.wmo.int/authorities.php?recId=251,please contact us,https://public.wmo.int/en/about-us/contact-us
WMO Register of Alerting Authorities,https://alertingauthority.wmo.int/authorities.php?recId=251,http://www.earthquakescanada.nrcan.gc.ca/index-eng.php,http://www.earthquakescanada.nrcan.gc.ca/index-eng.php
WMO Register of Alerting Authorities,https://alertingauthority.wmo.int/authorities.php?recId=251,© World Meteorological Organization,https://old.wmo.int/extranet/pages/documents/wmo.vcf
WMO Register of Alerting Authorities,https://alertingauthority.wmo.int/authorities.php?recId=251,Copyright,https://public.wmo.int/en/copyright
WMO Register of Alerting Authorities,https://alertingauthority.wmo.int/authorities.php?recId=251,Privacy Policy,https://public.wmo.int/en/privacy-policy
WMO Register of Alerting Authorities,https://alertingauthority.wmo.int/authorities.php?recId=251,Disclaimer,https://public.wmo.int/en/disclaimer
WMO Register of Alerting Authorities,https://alertingauthority.wmo.int/authorities.php?recId=251,Map disclaimer,https://public.wmo.int/en/disclaimer#mapdisclaimer
WMO Register of Alerting Authorities,https://alertingauthority.wmo.int/authorities.php?recId=252,,https://public.wmo.int/en
WMO Register of Alerting Authorities,https://alertingauthority.wmo.int/authorities.php?recId=252,HOME,https://public.wmo.int/en
WMO Register of Alerting Authorities,https://alertingauthority.wmo.int/authorities.php?recId=252,WORLDWEATHER,https://worldweather.wmo.int
WMO Register of Alerting Authorities,https://alertingauthority.wmo.int/authorities.php?recId=252,SEVERE WEATHER,https://severeweather.wmo.int
WMO Register of Alerting Authorities,https://alertingauthority.wmo.int/authorities.php?recId=252,Public Weather Services,https://public.wmo.int/en/programmes/public-weather-services-programme
WMO Register of Alerting Authorities,https://alertingauthority.wmo.int/authorities.php?recId=252,please contact us,https://public.wmo.int/en/about-us/contact-us
WMO Register of Alerting Authorities,https://alertingauthority.wmo.int/authorities.php?recId=252,https://meteomauritanie.mr/api/cap/rss.xml,https://meteomauritanie.mr/api/cap/rss.xml
WMO Register of Alerting Authorities,https://alertingauthority.wmo.int/authorities.php?recId=252,https://meteomauritanie.mr,https://meteomauritanie.mr
WMO Register of Alerting Authorities,https://alertingauthority.wmo.int/authorities.php?recId=252,© World Meteorological Organization,https://old.wmo.int/extranet/pages/documents/wmo.vcf
WMO Register of Alerting Authorities,https://alertingauthority.wmo.int/authorities.php?recId=252,Copyright,https://public.wmo.int/en/copyright
WMO Register of Alerting Authorities,https://alertingauthority.wmo.int/authorities.php?recId=252,Privacy Policy,https://public.wmo.int/en/privacy-policy
WMO Register of Alerting Authorities,https://alertingauthority.wmo.int/authorities.php?recId=252,Disclaimer,https://public.wmo.int/en/disclaimer
WMO Register of Alerting Authorities,https://alertingauthority.wmo.int/authorities.php?recId=252,Map disclaimer,https://public.wmo.int/en/disclaimer#mapdisclaimer
WMO Register of Alerting Authorities,https://alertingauthority.wmo.int/authorities.php?recId=253,,https://public.wmo.int/en
WMO Register of Alerting Authorities,https://alertingauthority.wmo.int/authorities.php?recId=253,HOME,https://public.wmo.int/en
WMO Register of Alerting Authorities,https://alertingauthority.wmo.int/authorities.php?recId=253,WORLDWEATHER,https://worldweather.wmo.int
WMO Register of Alerting Authorities,https://alertingauthority.wmo.int/authorities.php?recId=253,SEVERE WEATHER,https://severeweather.wmo.int
WMO Register of Alerting Authorities,https://alertingauthority.wmo.int/authorities.php?recId=253,Public Weather Services,https://public.wmo.int/en/programmes/public-weather-services-programme
WMO Register of Alerting Authorities,https://alertingauthority.wmo.int/authorities.php?recId=253,please contact us,https://public.wmo.int/en/about-us/contact-us
WMO Register of Alerting Authorities,https://alertingauthority.wmo.int/authorities.php?recId=253,https://axa-primary.capews.com/capews/public/atom?type=cap,https://axa-primary.capews.com/capews/public/atom?type=cap
WMO Register of Alerting Authorities,https://alertingauthority.wmo.int/authorities.php?recId=253,http://www.antiguamet.com/,http://www.antiguamet.com/
WMO Register of Alerting Authorities,https://alertingauthority.wmo.int/authorities.php?recId=253,© World Meteorological Organization,https://old.wmo.int/extranet/pages/documents/wmo.vcf
WMO Register of Alerting Authorities,https://alertingauthority.wmo.int/authorities.php?recId=253,Copyright,https://public.wmo.int/en/copyright
WMO Register of Alerting Authorities,https://alertingauthority.wmo.int/authorities.php?recId=253,Privacy Policy,https://public.wmo.int/en/privacy-policy
WMO Register of Alerting Authorities,https://alertingauthority.wmo.int/authorities.php?recId=253,Disclaimer,https://public.wmo.int/en/disclaimer
WMO Register of Alerting Authorities,https://alertingauthority.wmo.int/authorities.php?recId=253,Map disclaimer,https://public.wmo.int/en/disclaimer#mapdisclaimer
WMO Register of Alerting Authorities,https://alertingauthority.wmo.int/authorities.php?recId=254,,https://public.wmo.int/en
WMO Register of Alerting Authorities,https://alertingauthority.wmo.int/authorities.php?recId=254,HOME,https://public.wmo.int/en
WMO Register of Alerting Authorities,https://alertingauthority.wmo.int/authorities.php?recId=254,WORLDWEATHER,https://worldweather.wmo.int
WMO Register of Alerting Authorities,https://alertingauthority.wmo.int/authorities.php?recId=254,SEVERE WEATHER,https://severeweather.wmo.int
WMO Register of Alerting Authorities,https://alertingauthority.wmo.int/authorities.php?recId=254,Public Weather Services,https://public.wmo.int/en/programmes/public-weather-services-programme
WMO Register of Alerting Authorities,https://alertingauthority.wmo.int/authorities.php?recId=254,please contact us,https://public.wmo.int/en/about-us/contact-us
WMO Register of Alerting Authorities,https://alertingauthority.wmo.int/authorities.php?recId=254,http://www.weather.gov.ky/,http://www.weather.gov.ky/
WMO Register of Alerting Authorities,https://alertingauthority.wmo.int/authorities.php?recId=254,© World Meteorological Organization,https://old.wmo.int/extranet/pages/documents/wmo.vcf
WMO Register of Alerting Authorities,https://alertingauthority.wmo.int/authorities.php?recId=254,Copyright,https://public.wmo.int/en/copyright
WMO Register of Alerting Authorities,https://alertingauthority.wmo.int/authorities.php?recId=254,Privacy Policy,https://public.wmo.int/en/privacy-policy
WMO Register of Alerting Authorities,https://alertingauthority.wmo.int/authorities.php?recId=254,Disclaimer,https://public.wmo.int/en/disclaimer
WMO Register of Alerting Authorities,https://alertingauthority.wmo.int/authorities.php?recId=254,Map disclaimer,https://public.wmo.int/en/disclaimer#mapdisclaimer
WMO Register of Alerting Authorities,https://alertingauthority.wmo.int/authorities.php?recId=255,,https://public.wmo.int/en
WMO Register of Alerting Authorities,https://alertingauthority.wmo.int/authorities.php?recId=255,HOME,https://public.wmo.int/en
WMO Register of Alerting Authorities,https://alertingauthority.wmo.int/authorities.php?recId=255,WORLDWEATHER,https://worldweather.wmo.int
WMO Register of Alerting Authorities,https://alertingauthority.wmo.int/authorities.php?recId=255,SEVERE WEATHER,https://severeweather.wmo.int
WMO Register of Alerting Authorities,https://alertingauthority.wmo.int/authorities.php?recId=255,Public Weather Services,https://public.wmo.int/en/programmes/public-weather-services-programme
WMO Register of Alerting Authorities,https://alertingauthority.wmo.int/authorities.php?recId=255,please contact us,https://public.wmo.int/en/about-us/contact-us
WMO Register of Alerting Authorities,https://alertingauthority.wmo.int/authorities.php?recId=255,© World Meteorological Organization,https://old.wmo.int/extranet/pages/documents/wmo.vcf
WMO Register of Alerting Authorities,https://alertingauthority.wmo.int/authorities.php?recId=255,Copyright,https://public.wmo.int/en/copyright
WMO Register of Alerting Authorities,https://alertingauthority.wmo.int/authorities.php?recId=255,Privacy Policy,https://public.wmo.int/en/privacy-policy
WMO Register of Alerting Authorities,https://alertingauthority.wmo.int/authorities.php?recId=255,Disclaimer,https://public.wmo.int/en/disclaimer
WMO Register of Alerting Authorities,https://alertingauthority.wmo.int/authorities.php?recId=255,Map disclaimer,https://public.wmo.int/en/disclaimer#mapdisclaimer
WMO Register of Alerting Authorities,https://alertingauthority.wmo.int/authorities.php?recId=256,,https://public.wmo.int/en
WMO Register of Alerting Authorities,https://alertingauthority.wmo.int/authorities.php?recId=256,HOME,https://public.wmo.int/en
WMO Register of Alerting Authorities,https://alertingauthority.wmo.int/authorities.php?recId=256,WORLDWEATHER,https://worldweather.wmo.int
WMO Register of Alerting Authorities,https://alertingauthority.wmo.int/authorities.php?recId=256,SEVERE WEATHER,https://severeweather.wmo.int
WMO Register of Alerting Authorities,https://alertingauthority.wmo.int/authorities.php?recId=256,Public Weather Services,https://public.wmo.int/en/programmes/public-weather-services-programme
WMO Register of Alerting Authorities,https://alertingauthority.wmo.int/authorities.php?recId=256,please contact us,https://public.wmo.int/en/about-us/contact-us
WMO Register of Alerting Authorities,https://alertingauthority.wmo.int/authorities.php?recId=256,© World Meteorological Organization,https://old.wmo.int/extranet/pages/documents/wmo.vcf
WMO Register of Alerting Authorities,https://alertingauthority.wmo.int/authorities.php?recId=256,Copyright,https://public.wmo.int/en/copyright
WMO Register of Alerting Authorities,https://alertingauthority.wmo.int/authorities.php?recId=256,Privacy Policy,https://public.wmo.int/en/privacy-policy
WMO Register of Alerting Authorities,https://alertingauthority.wmo.int/authorities.php?recId=256,Disclaimer,https://public.wmo.int/en/disclaimer
WMO Register of Alerting Authorities,https://alertingauthority.wmo.int/authorities.php?recId=256,Map disclaimer,https://public.wmo.int/en/disclaimer#mapdisclaimer
WMO Register of Alerting Authorities,https://alertingauthority.wmo.int/authorities.php?recId=257,,https://public.wmo.int/en
WMO Register of Alerting Authorities,https://alertingauthority.wmo.int/authorities.php?recId=257,HOME,https://public.wmo.int/en
WMO Register of Alerting Authorities,https://alertingauthority.wmo.int/authorities.php?recId=257,WORLDWEATHER,https://worldweather.wmo.int
WMO Register of Alerting Authorities,https://alertingauthority.wmo.int/authorities.php?recId=257,SEVERE WEATHER,https://severeweather.wmo.int
WMO Register of Alerting Authorities,https://alertingauthority.wmo.int/authorities.php?recId=257,Public Weather Services,https://public.wmo.int/en/programmes/public-weather-services-programme
WMO Register of Alerting Authorities,https://alertingauthority.wmo.int/authorities.php?recId=257,please contact us,https://public.wmo.int/en/about-us/contact-us
WMO Register of Alerting Authorities,https://alertingauthority.wmo.int/authorities.php?recId=257,© World Meteorological Organization,https://old.wmo.int/extranet/pages/documents/wmo.vcf
WMO Register of Alerting Authorities,https://alertingauthority.wmo.int/authorities.php?recId=257,Copyright,https://public.wmo.int/en/copyright
WMO Register of Alerting Authorities,https://alertingauthority.wmo.int/authorities.php?recId=257,Privacy Policy,https://public.wmo.int/en/privacy-policy
WMO Register of Alerting Authorities,https://alertingauthority.wmo.int/authorities.php?recId=257,Disclaimer,https://public.wmo.int/en/disclaimer
WMO Register of Alerting Authorities,https://alertingauthority.wmo.int/authorities.php?recId=257,Map disclaimer,https://public.wmo.int/en/disclaimer#mapdisclaimer
WMO Register of Alerting Authorities,https://alertingauthority.wmo.int/authorities.php?recId=258,,https://public.wmo.int/en
WMO Register of Alerting Authorities,https://alertingauthority.wmo.int/authorities.php?recId=258,HOME,https://public.wmo.int/en
WMO Register of Alerting Authorities,https://alertingauthority.wmo.int/authorities.php?recId=258,WORLDWEATHER,https://worldweather.wmo.int
WMO Register of Alerting Authorities,https://alertingauthority.wmo.int/authorities.php?recId=258,SEVERE WEATHER,https://severeweather.wmo.int
WMO Register of Alerting Authorities,https://alertingauthority.wmo.int/authorities.php?recId=258,Public Weather Services,https://public.wmo.int/en/programmes/public-weather-services-programme
WMO Register of Alerting Authorities,https://alertingauthority.wmo.int/authorities.php?recId=258,please contact us,https://public.wmo.int/en/about-us/contact-us
WMO Register of Alerting Authorities,https://alertingauthority.wmo.int/authorities.php?recId=258,https://feeds.meteoalarm.org/feeds/meteoalarm-legacy-atom-slovenia,https://feeds.meteoalarm.org/feeds/meteoalarm-legacy-atom-slovenia
WMO Register of Alerting Authorities,https://alertingauthority.wmo.int/authorities.php?recId=258,https://feeds.meteoalarm.org/feeds/meteoalarm-legacy-atom-slovenia,https://feeds.meteoalarm.org/feeds/meteoalarm-legacy-atom-slovenia
WMO Register of Alerting Authorities,https://alertingauthority.wmo.int/authorities.php?recId=258,https://www.hydro.si/vode/napovedi/,https://www.hydro.si/vode/napovedi/
WMO Register of Alerting Authorities,https://alertingauthority.wmo.int/authorities.php?recId=258,© World Meteorological Organization,https://old.wmo.int/extranet/pages/documents/wmo.vcf
WMO Register of Alerting Authorities,https://alertingauthority.wmo.int/authorities.php?recId=258,Copyright,https://public.wmo.int/en/copyright
WMO Register of Alerting Authorities,https://alertingauthority.wmo.int/authorities.php?recId=258,Privacy Policy,https://public.wmo.int/en/privacy-policy
WMO Register of Alerting Authorities,https://alertingauthority.wmo.int/authorities.php?recId=258,Disclaimer,https://public.wmo.int/en/disclaimer
WMO Register of Alerting Authorities,https://alertingauthority.wmo.int/authorities.php?recId=258,Map disclaimer,https://public.wmo.int/en/disclaimer#mapdisclaimer
WMO Register of Alerting Authorities,https://alertingauthority.wmo.int/authorities.php?recId=259,,https://public.wmo.int/en
WMO Register of Alerting Authorities,https://alertingauthority.wmo.int/authorities.php?recId=259,HOME,https://public.wmo.int/en
WMO Register of Alerting Authorities,https://alertingauthority.wmo.int/authorities.php?recId=259,WORLDWEATHER,https://worldweather.wmo.int
WMO Register of Alerting Authorities,https://alertingauthority.wmo.int/authorities.php?recId=259,SEVERE WEATHER,https://severeweather.wmo.int
WMO Register of Alerting Authorities,https://alertingauthority.wmo.int/authorities.php?recId=259,Public Weather Services,https://public.wmo.int/en/programmes/public-weather-services-programme
WMO Register of Alerting Authorities,https://alertingauthority.wmo.int/authorities.php?recId=259,please contact us,https://public.wmo.int/en/about-us/contact-us
WMO Register of Alerting Authorities,https://alertingauthority.wmo.int/authorities.php?recId=259,http://www.potresi.si/,http://www.potresi.si/
WMO Register of Alerting Authorities,https://alertingauthority.wmo.int/authorities.php?recId=259,© World Meteorological Organization,https://old.wmo.int/extranet/pages/documents/wmo.vcf
WMO Register of Alerting Authorities,https://alertingauthority.wmo.int/authorities.php?recId=259,Copyright,https://public.wmo.int/en/copyright
WMO Register of Alerting Authorities,https://alertingauthority.wmo.int/authorities.php?recId=259,Privacy Policy,https://public.wmo.int/en/privacy-policy
WMO Register of Alerting Authorities,https://alertingauthority.wmo.int/authorities.php?recId=259,Disclaimer,https://public.wmo.int/en/disclaimer
WMO Register of Alerting Authorities,https://alertingauthority.wmo.int/authorities.php?recId=259,Map disclaimer,https://public.wmo.int/en/disclaimer#mapdisclaimer
WMO Register of Alerting Authorities,https://alertingauthority.wmo.int/authorities.php?recId=260,,https://public.wmo.int/en
WMO Register of Alerting Authorities,https://alertingauthority.wmo.int/authorities.php?recId=260,HOME,https://public.wmo.int/en
WMO Register of Alerting Authorities,https://alertingauthority.wmo.int/authorities.php?recId=260,WORLDWEATHER,https://worldweather.wmo.int
WMO Register of Alerting Authorities,https://alertingauthority.wmo.int/authorities.php?recId=260,SEVERE WEATHER,https://severeweather.wmo.int
WMO Register of Alerting Authorities,https://alertingauthority.wmo.int/authorities.php?recId=260,Public Weather Services,https://public.wmo.int/en/programmes/public-weather-services-programme
WMO Register of Alerting Authorities,https://alertingauthority.wmo.int/authorities.php?recId=260,please contact us,https://public.wmo.int/en/about-us/contact-us
WMO Register of Alerting Authorities,https://alertingauthority.wmo.int/authorities.php?recId=260,http://www.sos112.si/,http://www.sos112.si/
WMO Register of Alerting Authorities,https://alertingauthority.wmo.int/authorities.php?recId=260,© World Meteorological Organization,https://old.wmo.int/extranet/pages/documents/wmo.vcf
WMO Register of Alerting Authorities,https://alertingauthority.wmo.int/authorities.php?recId=260,Copyright,https://public.wmo.int/en/copyright
WMO Register of Alerting Authorities,https://alertingauthority.wmo.int/authorities.php?recId=260,Privacy Policy,https://public.wmo.int/en/privacy-policy
WMO Register of Alerting Authorities,https://alertingauthority.wmo.int/authorities.php?recId=260,Disclaimer,https://public.wmo.int/en/disclaimer
WMO Register of Alerting Authorities,https://alertingauthority.wmo.int/authorities.php?recId=260,Map disclaimer,https://public.wmo.int/en/disclaimer#mapdisclaimer
WMO Register of Alerting Authorities,https://alertingauthority.wmo.int/authorities.php?recId=261,,https://public.wmo.int/en
WMO Register of Alerting Authorities,https://alertingauthority.wmo.int/authorities.php?recId=261,HOME,https://public.wmo.int/en
WMO Register of Alerting Authorities,https://alertingauthority.wmo.int/authorities.php?recId=261,WORLDWEATHER,https://worldweather.wmo.int
WMO Register of Alerting Authorities,https://alertingauthority.wmo.int/authorities.php?recId=261,SEVERE WEATHER,https://severeweather.wmo.int
WMO Register of Alerting Authorities,https://alertingauthority.wmo.int/authorities.php?recId=261,Public Weather Services,https://public.wmo.int/en/programmes/public-weather-services-programme
WMO Register of Alerting Authorities,https://alertingauthority.wmo.int/authorities.php?recId=261,please contact us,https://public.wmo.int/en/about-us/contact-us
WMO Register of Alerting Authorities,https://alertingauthority.wmo.int/authorities.php?recId=261,https://www.meteo.cw/rss/CAP_pap.xml,https://www.meteo.cw/rss/CAP_pap.xml
WMO Register of Alerting Authorities,https://alertingauthority.wmo.int/authorities.php?recId=261,https://www.meteo.cw/rss/CAP_nl.xml,https://www.meteo.cw/rss/CAP_nl.xml
WMO Register of Alerting Authorities,https://alertingauthority.wmo.int/authorities.php?recId=261,https://cap-sources.s3.amazonaws.com/cw-meteo-es/rss.xml,https://cap-sources.s3.amazonaws.com/cw-meteo-es/rss.xml
WMO Register of Alerting Authorities,https://alertingauthority.wmo.int/authorities.php?recId=261,https://www.meteo.cw/rss/CAP_en.xml,https://www.meteo.cw/rss/CAP_en.xml
WMO Register of Alerting Authorities,https://alertingauthority.wmo.int/authorities.php?recId=261,http://www.worldweather.org/181/c00286.htm,http://www.worldweather.org/181/c00286.htm
WMO Register of Alerting Authorities,https://alertingauthority.wmo.int/authorities.php?recId=261,© World Meteorological Organization,https://old.wmo.int/extranet/pages/documents/wmo.vcf
WMO Register of Alerting Authorities,https://alertingauthority.wmo.int/authorities.php?recId=261,Copyright,https://public.wmo.int/en/copyright
WMO Register of Alerting Authorities,https://alertingauthority.wmo.int/authorities.php?recId=261,Privacy Policy,https://public.wmo.int/en/privacy-policy
WMO Register of Alerting Authorities,https://alertingauthority.wmo.int/authorities.php?recId=261,Disclaimer,https://public.wmo.int/en/disclaimer
WMO Register of Alerting Authorities,https://alertingauthority.wmo.int/authorities.php?recId=261,Map disclaimer,https://public.wmo.int/en/disclaimer#mapdisclaimer
WMO Register of Alerting Authorities,https://alertingauthority.wmo.int/authorities.php?recId=262,,https://public.wmo.int/en
WMO Register of Alerting Authorities,https://alertingauthority.wmo.int/authorities.php?recId=262,HOME,https://public.wmo.int/en
WMO Register of Alerting Authorities,https://alertingauthority.wmo.int/authorities.php?recId=262,WORLDWEATHER,https://worldweather.wmo.int
WMO Register of Alerting Authorities,https://alertingauthority.wmo.int/authorities.php?recId=262,SEVERE WEATHER,https://severeweather.wmo.int
WMO Register of Alerting Authorities,https://alertingauthority.wmo.int/authorities.php?recId=262,Public Weather Services,https://public.wmo.int/en/programmes/public-weather-services-programme
WMO Register of Alerting Authorities,https://alertingauthority.wmo.int/authorities.php?recId=262,please contact us,https://public.wmo.int/en/about-us/contact-us
WMO Register of Alerting Authorities,https://alertingauthority.wmo.int/authorities.php?recId=262,https://meteordcongo.cd/api/cap/rss.xml,https://meteordcongo.cd/api/cap/rss.xml
WMO Register of Alerting Authorities,https://alertingauthority.wmo.int/authorities.php?recId=262,https://cap-sources.s3.amazonaws.com/cd-mettelsat-fr/rss.xml,https://cap-sources.s3.amazonaws.com/cd-mettelsat-fr/rss.xml
WMO Register of Alerting Authorities,https://alertingauthority.wmo.int/authorities.php?recId=262,https://cap-sources.s3.amazonaws.com/cd-mettelsat-en/rss.xml,https://cap-sources.s3.amazonaws.com/cd-mettelsat-en/rss.xml
WMO Register of Alerting Authorities,https://alertingauthority.wmo.int/authorities.php?recId=262,http://www.meteordcongo.cd,http://www.meteordcongo.cd
WMO Register of Alerting Authorities,https://alertingauthority.wmo.int/authorities.php?recId=262,© World Meteorological Organization,https://old.wmo.int/extranet/pages/documents/wmo.vcf
WMO Register of Alerting Authorities,https://alertingauthority.wmo.int/authorities.php?recId=262,Copyright,https://public.wmo.int/en/copyright
WMO Register of Alerting Authorities,https://alertingauthority.wmo.int/authorities.php?recId=262,Privacy Policy,https://public.wmo.int/en/privacy-policy
WMO Register of Alerting Authorities,https://alertingauthority.wmo.int/authorities.php?recId=262,Disclaimer,https://public.wmo.int/en/disclaimer
WMO Register of Alerting Authorities,https://alertingauthority.wmo.int/authorities.php?recId=262,Map disclaimer,https://public.wmo.int/en/disclaimer#mapdisclaimer
WMO Register of Alerting Authorities,https://alertingauthority.wmo.int/authorities.php?recId=263,,https://public.wmo.int/en
WMO Register of Alerting Authorities,https://alertingauthority.wmo.int/authorities.php?recId=263,HOME,https://public.wmo.int/en
WMO Register of Alerting Authorities,https://alertingauthority.wmo.int/authorities.php?recId=263,WORLDWEATHER,https://worldweather.wmo.int
WMO Register of Alerting Authorities,https://alertingauthority.wmo.int/authorities.php?recId=263,SEVERE WEATHER,https://severeweather.wmo.int
WMO Register of Alerting Authorities,https://alertingauthority.wmo.int/authorities.php?recId=263,Public Weather Services,https://public.wmo.int/en/programmes/public-weather-services-programme
WMO Register of Alerting Authorities,https://alertingauthority.wmo.int/authorities.php?recId=263,please contact us,https://public.wmo.int/en/about-us/contact-us
WMO Register of Alerting Authorities,https://alertingauthority.wmo.int/authorities.php?recId=263,http://www.seismo.ethz.ch/,http://www.seismo.ethz.ch/
WMO Register of Alerting Authorities,https://alertingauthority.wmo.int/authorities.php?recId=263,© World Meteorological Organization,https://old.wmo.int/extranet/pages/documents/wmo.vcf
WMO Register of Alerting Authorities,https://alertingauthority.wmo.int/authorities.php?recId=263,Copyright,https://public.wmo.int/en/copyright
WMO Register of Alerting Authorities,https://alertingauthority.wmo.int/authorities.php?recId=263,Privacy Policy,https://public.wmo.int/en/privacy-policy
WMO Register of Alerting Authorities,https://alertingauthority.wmo.int/authorities.php?recId=263,Disclaimer,https://public.wmo.int/en/disclaimer
WMO Register of Alerting Authorities,https://alertingauthority.wmo.int/authorities.php?recId=263,Map disclaimer,https://public.wmo.int/en/disclaimer#mapdisclaimer
WMO Register of Alerting Authorities,https://alertingauthority.wmo.int/authorities.php?recId=264,,https://public.wmo.int/en
WMO Register of Alerting Authorities,https://alertingauthority.wmo.int/authorities.php?recId=264,HOME,https://public.wmo.int/en
WMO Register of Alerting Authorities,https://alertingauthority.wmo.int/authorities.php?recId=264,WORLDWEATHER,https://worldweather.wmo.int
WMO Register of Alerting Authorities,https://alertingauthority.wmo.int/authorities.php?recId=264,SEVERE WEATHER,https://severeweather.wmo.int
WMO Register of Alerting Authorities,https://alertingauthority.wmo.int/authorities.php?recId=264,Public Weather Services,https://public.wmo.int/en/programmes/public-weather-services-programme
WMO Register of Alerting Authorities,https://alertingauthority.wmo.int/authorities.php?recId=264,please contact us,https://public.wmo.int/en/about-us/contact-us
WMO Register of Alerting Authorities,https://alertingauthority.wmo.int/authorities.php?recId=264,http://www.slf.ch/,http://www.slf.ch/ 
WMO Register of Alerting Authorities,https://alertingauthority.wmo.int/authorities.php?recId=264,© World Meteorological Organization,https://old.wmo.int/extranet/pages/documents/wmo.vcf
WMO Register of Alerting Authorities,https://alertingauthority.wmo.int/authorities.php?recId=264,Copyright,https://public.wmo.int/en/copyright
WMO Register of Alerting Authorities,https://alertingauthority.wmo.int/authorities.php?recId=264,Privacy Policy,https://public.wmo.int/en/privacy-policy
WMO Register of Alerting Authorities,https://alertingauthority.wmo.int/authorities.php?recId=264,Disclaimer,https://public.wmo.int/en/disclaimer
WMO Register of Alerting Authorities,https://alertingauthority.wmo.int/authorities.php?recId=264,Map disclaimer,https://public.wmo.int/en/disclaimer#mapdisclaimer
WMO Register of Alerting Authorities,https://alertingauthority.wmo.int/authorities.php?recId=265,,https://public.wmo.int/en
WMO Register of Alerting Authorities,https://alertingauthority.wmo.int/authorities.php?recId=265,HOME,https://public.wmo.int/en
WMO Register of Alerting Authorities,https://alertingauthority.wmo.int/authorities.php?recId=265,WORLDWEATHER,https://worldweather.wmo.int
WMO Register of Alerting Authorities,https://alertingauthority.wmo.int/authorities.php?recId=265,SEVERE WEATHER,https://severeweather.wmo.int
WMO Register of Alerting Authorities,https://alertingauthority.wmo.int/authorities.php?recId=265,Public Weather Services,https://public.wmo.int/en/programmes/public-weather-services-programme
WMO Register of Alerting Authorities,https://alertingauthority.wmo.int/authorities.php?recId=265,please contact us,https://public.wmo.int/en/about-us/contact-us
WMO Register of Alerting Authorities,https://alertingauthority.wmo.int/authorities.php?recId=265,© World Meteorological Organization,https://old.wmo.int/extranet/pages/documents/wmo.vcf
WMO Register of Alerting Authorities,https://alertingauthority.wmo.int/authorities.php?recId=265,Copyright,https://public.wmo.int/en/copyright
WMO Register of Alerting Authorities,https://alertingauthority.wmo.int/authorities.php?recId=265,Privacy Policy,https://public.wmo.int/en/privacy-policy
WMO Register of Alerting Authorities,https://alertingauthority.wmo.int/authorities.php?recId=265,Disclaimer,https://public.wmo.int/en/disclaimer
WMO Register of Alerting Authorities,https://alertingauthority.wmo.int/authorities.php?recId=265,Map disclaimer,https://public.wmo.int/en/disclaimer#mapdisclaimer
WMO Register of Alerting Authorities,https://alertingauthority.wmo.int/authorities.php?recId=266,,https://public.wmo.int/en
WMO Register of Alerting Authorities,https://alertingauthority.wmo.int/authorities.php?recId=266,HOME,https://public.wmo.int/en
WMO Register of Alerting Authorities,https://alertingauthority.wmo.int/authorities.php?recId=266,WORLDWEATHER,https://worldweather.wmo.int
WMO Register of Alerting Authorities,https://alertingauthority.wmo.int/authorities.php?recId=266,SEVERE WEATHER,https://severeweather.wmo.int
WMO Register of Alerting Authorities,https://alertingauthority.wmo.int/authorities.php?recId=266,Public Weather Services,https://public.wmo.int/en/programmes/public-weather-services-programme
WMO Register of Alerting Authorities,https://alertingauthority.wmo.int/authorities.php?recId=266,please contact us,https://public.wmo.int/en/about-us/contact-us
WMO Register of Alerting Authorities,https://alertingauthority.wmo.int/authorities.php?recId=266,https://cap-sources.s3.amazonaws.com/nu-gov-en/rss.xml,https://cap-sources.s3.amazonaws.com/nu-gov-en/rss.xml
WMO Register of Alerting Authorities,https://alertingauthority.wmo.int/authorities.php?recId=266,© World Meteorological Organization,https://old.wmo.int/extranet/pages/documents/wmo.vcf
WMO Register of Alerting Authorities,https://alertingauthority.wmo.int/authorities.php?recId=266,Copyright,https://public.wmo.int/en/copyright
WMO Register of Alerting Authorities,https://alertingauthority.wmo.int/authorities.php?recId=266,Privacy Policy,https://public.wmo.int/en/privacy-policy
WMO Register of Alerting Authorities,https://alertingauthority.wmo.int/authorities.php?recId=266,Disclaimer,https://public.wmo.int/en/disclaimer
WMO Register of Alerting Authorities,https://alertingauthority.wmo.int/authorities.php?recId=266,Map disclaimer,https://public.wmo.int/en/disclaimer#mapdisclaimer
WMO Register of Alerting Authorities,https://alertingauthority.wmo.int/authorities.php?recId=267,,https://public.wmo.int/en
WMO Register of Alerting Authorities,https://alertingauthority.wmo.int/authorities.php?recId=267,HOME,https://public.wmo.int/en
WMO Register of Alerting Authorities,https://alertingauthority.wmo.int/authorities.php?recId=267,WORLDWEATHER,https://worldweather.wmo.int
WMO Register of Alerting Authorities,https://alertingauthority.wmo.int/authorities.php?recId=267,SEVERE WEATHER,https://severeweather.wmo.int
WMO Register of Alerting Authorities,https://alertingauthority.wmo.int/authorities.php?recId=267,Public Weather Services,https://public.wmo.int/en/programmes/public-weather-services-programme
WMO Register of Alerting Authorities,https://alertingauthority.wmo.int/authorities.php?recId=267,please contact us,https://public.wmo.int/en/about-us/contact-us
WMO Register of Alerting Authorities,https://alertingauthority.wmo.int/authorities.php?recId=267,https://cap-sources.s3.amazonaws.com/st-meteo-pt/rss.xml,https://cap-sources.s3.amazonaws.com/st-meteo-pt/rss.xml
WMO Register of Alerting Authorities,https://alertingauthority.wmo.int/authorities.php?recId=267,© World Meteorological Organization,https://old.wmo.int/extranet/pages/documents/wmo.vcf
WMO Register of Alerting Authorities,https://alertingauthority.wmo.int/authorities.php?recId=267,Copyright,https://public.wmo.int/en/copyright
WMO Register of Alerting Authorities,https://alertingauthority.wmo.int/authorities.php?recId=267,Privacy Policy,https://public.wmo.int/en/privacy-policy
WMO Register of Alerting Authorities,https://alertingauthority.wmo.int/authorities.php?recId=267,Disclaimer,https://public.wmo.int/en/disclaimer
WMO Register of Alerting Authorities,https://alertingauthority.wmo.int/authorities.php?recId=267,Map disclaimer,https://public.wmo.int/en/disclaimer#mapdisclaimer
WMO Register of Alerting Authorities,https://alertingauthority.wmo.int/authorities.php?recId=268,,https://public.wmo.int/en
WMO Register of Alerting Authorities,https://alertingauthority.wmo.int/authorities.php?recId=268,HOME,https://public.wmo.int/en
WMO Register of Alerting Authorities,https://alertingauthority.wmo.int/authorities.php?recId=268,WORLDWEATHER,https://worldweather.wmo.int
WMO Register of Alerting Authorities,https://alertingauthority.wmo.int/authorities.php?recId=268,SEVERE WEATHER,https://severeweather.wmo.int
WMO Register of Alerting Authorities,https://alertingauthority.wmo.int/authorities.php?recId=268,Public Weather Services,https://public.wmo.int/en/programmes/public-weather-services-programme
WMO Register of Alerting Authorities,https://alertingauthority.wmo.int/authorities.php?recId=268,please contact us,https://public.wmo.int/en/about-us/contact-us
WMO Register of Alerting Authorities,https://alertingauthority.wmo.int/authorities.php?recId=268,© World Meteorological Organization,https://old.wmo.int/extranet/pages/documents/wmo.vcf
WMO Register of Alerting Authorities,https://alertingauthority.wmo.int/authorities.php?recId=268,Copyright,https://public.wmo.int/en/copyright
WMO Register of Alerting Authorities,https://alertingauthority.wmo.int/authorities.php?recId=268,Privacy Policy,https://public.wmo.int/en/privacy-policy
WMO Register of Alerting Authorities,https://alertingauthority.wmo.int/authorities.php?recId=268,Disclaimer,https://public.wmo.int/en/disclaimer
WMO Register of Alerting Authorities,https://alertingauthority.wmo.int/authorities.php?recId=268,Map disclaimer,https://public.wmo.int/en/disclaimer#mapdisclaimer
WMO Register of Alerting Authorities,https://alertingauthority.wmo.int/authorities.php?recId=269,,https://public.wmo.int/en
WMO Register of Alerting Authorities,https://alertingauthority.wmo.int/authorities.php?recId=269,HOME,https://public.wmo.int/en
WMO Register of Alerting Authorities,https://alertingauthority.wmo.int/authorities.php?recId=269,WORLDWEATHER,https://worldweather.wmo.int
WMO Register of Alerting Authorities,https://alertingauthority.wmo.int/authorities.php?recId=269,SEVERE WEATHER,https://severeweather.wmo.int
WMO Register of Alerting Authorities,https://alertingauthority.wmo.int/authorities.php?recId=269,Public Weather Services,https://public.wmo.int/en/programmes/public-weather-services-programme
WMO Register of Alerting Authorities,https://alertingauthority.wmo.int/authorities.php?recId=269,please contact us,https://public.wmo.int/en/about-us/contact-us
WMO Register of Alerting Authorities,https://alertingauthority.wmo.int/authorities.php?recId=269,© World Meteorological Organization,https://old.wmo.int/extranet/pages/documents/wmo.vcf
WMO Register of Alerting Authorities,https://alertingauthority.wmo.int/authorities.php?recId=269,Copyright,https://public.wmo.int/en/copyright
WMO Register of Alerting Authorities,https://alertingauthority.wmo.int/authorities.php?recId=269,Privacy Policy,https://public.wmo.int/en/privacy-policy
WMO Register of Alerting Authorities,https://alertingauthority.wmo.int/authorities.php?recId=269,Disclaimer,https://public.wmo.int/en/disclaimer
WMO Register of Alerting Authorities,https://alertingauthority.wmo.int/authorities.php?recId=269,Map disclaimer,https://public.wmo.int/en/disclaimer#mapdisclaimer
WMO Register of Alerting Authorities,https://alertingauthority.wmo.int/authorities.php?recId=270,,https://public.wmo.int/en
WMO Register of Alerting Authorities,https://alertingauthority.wmo.int/authorities.php?recId=270,HOME,https://public.wmo.int/en
WMO Register of Alerting Authorities,https://alertingauthority.wmo.int/authorities.php?recId=270,WORLDWEATHER,https://worldweather.wmo.int
WMO Register of Alerting Authorities,https://alertingauthority.wmo.int/authorities.php?recId=270,SEVERE WEATHER,https://severeweather.wmo.int
WMO Register of Alerting Authorities,https://alertingauthority.wmo.int/authorities.php?recId=270,Public Weather Services,https://public.wmo.int/en/programmes/public-weather-services-programme
WMO Register of Alerting Authorities,https://alertingauthority.wmo.int/authorities.php?recId=270,please contact us,https://public.wmo.int/en/about-us/contact-us
WMO Register of Alerting Authorities,https://alertingauthority.wmo.int/authorities.php?recId=270,https://cap-sources.s3.amazonaws.com/tv-tuvmet-en/rss.xml,https://cap-sources.s3.amazonaws.com/tv-tuvmet-en/rss.xml
WMO Register of Alerting Authorities,https://alertingauthority.wmo.int/authorities.php?recId=270,https://cap-sources.s3.amazonaws.com/tv-tuvmet-en/2025-09-03-00-06-41.xml,https://cap-sources.s3.amazonaws.com/tv-tuvmet-en/2025-09-03-00-06-41.xml
WMO Register of Alerting Authorities,https://alertingauthority.wmo.int/authorities.php?recId=270,© World Meteorological Organization,https://old.wmo.int/extranet/pages/documents/wmo.vcf
WMO Register of Alerting Authorities,https://alertingauthority.wmo.int/authorities.php?recId=270,Copyright,https://public.wmo.int/en/copyright
WMO Register of Alerting Authorities,https://alertingauthority.wmo.int/authorities.php?recId=270,Privacy Policy,https://public.wmo.int/en/privacy-policy
WMO Register of Alerting Authorities,https://alertingauthority.wmo.int/authorities.php?recId=270,Disclaimer,https://public.wmo.int/en/disclaimer
WMO Register of Alerting Authorities,https://alertingauthority.wmo.int/authorities.php?recId=270,Map disclaimer,https://public.wmo.int/en/disclaimer#mapdisclaimer
WMO Register of Alerting Authorities,https://alertingauthority.wmo.int/authorities.php?recId=271,,https://public.wmo.int/en
WMO Register of Alerting Authorities,https://alertingauthority.wmo.int/authorities.php?recId=271,HOME,https://public.wmo.int/en
WMO Register of Alerting Authorities,https://alertingauthority.wmo.int/authorities.php?recId=271,WORLDWEATHER,https://worldweather.wmo.int
WMO Register of Alerting Authorities,https://alertingauthority.wmo.int/authorities.php?recId=271,SEVERE WEATHER,https://severeweather.wmo.int
WMO Register of Alerting Authorities,https://alertingauthority.wmo.int/authorities.php?recId=271,Public Weather Services,https://public.wmo.int/en/programmes/public-weather-services-programme
WMO Register of Alerting Authorities,https://alertingauthority.wmo.int/authorities.php?recId=271,please contact us,https://public.wmo.int/en/about-us/contact-us
WMO Register of Alerting Authorities,https://alertingauthority.wmo.int/authorities.php?recId=271,© World Meteorological Organization,https://old.wmo.int/extranet/pages/documents/wmo.vcf
WMO Register of Alerting Authorities,https://alertingauthority.wmo.int/authorities.php?recId=271,Copyright,https://public.wmo.int/en/copyright
WMO Register of Alerting Authorities,https://alertingauthority.wmo.int/authorities.php?recId=271,Privacy Policy,https://public.wmo.int/en/privacy-policy
WMO Register of Alerting Authorities,https://alertingauthority.wmo.int/authorities.php?recId=271,Disclaimer,https://public.wmo.int/en/disclaimer
WMO Register of Alerting Authorities,https://alertingauthority.wmo.int/authorities.php?recId=271,Map disclaimer,https://public.wmo.int/en/disclaimer#mapdisclaimer
WMO Register of Alerting Authorities,https://alertingauthority.wmo.int/authorities.php?recId=272,,https://public.wmo.int/en
WMO Register of Alerting Authorities,https://alertingauthority.wmo.int/authorities.php?recId=272,HOME,https://public.wmo.int/en
WMO Register of Alerting Authorities,https://alertingauthority.wmo.int/authorities.php?recId=272,WORLDWEATHER,https://worldweather.wmo.int
WMO Register of Alerting Authorities,https://alertingauthority.wmo.int/authorities.php?recId=272,SEVERE WEATHER,https://severeweather.wmo.int
WMO Register of Alerting Authorities,https://alertingauthority.wmo.int/authorities.php?recId=272,Public Weather Services,https://public.wmo.int/en/programmes/public-weather-services-programme
WMO Register of Alerting Authorities,https://alertingauthority.wmo.int/authorities.php?recId=272,please contact us,https://public.wmo.int/en/about-us/contact-us
WMO Register of Alerting Authorities,https://alertingauthority.wmo.int/authorities.php?recId=272,© World Meteorological Organization,https://old.wmo.int/extranet/pages/documents/wmo.vcf
WMO Register of Alerting Authorities,https://alertingauthority.wmo.int/authorities.php?recId=272,Copyright,https://public.wmo.int/en/copyright
WMO Register of Alerting Authorities,https://alertingauthority.wmo.int/authorities.php?recId=272,Privacy Policy,https://public.wmo.int/en/privacy-policy
WMO Register of Alerting Authorities,https://alertingauthority.wmo.int/authorities.php?recId=272,Disclaimer,https://public.wmo.int/en/disclaimer
WMO Register of Alerting Authorities,https://alertingauthority.wmo.int/authorities.php?recId=272,Map disclaimer,https://public.wmo.int/en/disclaimer#mapdisclaimer
WMO Register of Alerting Authorities,https://alertingauthority.wmo.int/authorities.php?recId=273,,https://public.wmo.int/en
WMO Register of Alerting Authorities,https://alertingauthority.wmo.int/authorities.php?recId=273,HOME,https://public.wmo.int/en
WMO Register of Alerting Authorities,https://alertingauthority.wmo.int/authorities.php?recId=273,WORLDWEATHER,https://worldweather.wmo.int
WMO Register of Alerting Authorities,https://alertingauthority.wmo.int/authorities.php?recId=273,SEVERE WEATHER,https://severeweather.wmo.int
WMO Register of Alerting Authorities,https://alertingauthority.wmo.int/authorities.php?recId=273,Public Weather Services,https://public.wmo.int/en/programmes/public-weather-services-programme
WMO Register of Alerting Authorities,https://alertingauthority.wmo.int/authorities.php?recId=273,please contact us,https://public.wmo.int/en/about-us/contact-us
WMO Register of Alerting Authorities,https://alertingauthority.wmo.int/authorities.php?recId=273,https://meteosouthsudan.com.ss/api/cap/rss.xml,https://meteosouthsudan.com.ss/api/cap/rss.xml
WMO Register of Alerting Authorities,https://alertingauthority.wmo.int/authorities.php?recId=273,https://meteosouthsudan.com.ss,https://meteosouthsudan.com.ss
WMO Register of Alerting Authorities,https://alertingauthority.wmo.int/authorities.php?recId=273,© World Meteorological Organization,https://old.wmo.int/extranet/pages/documents/wmo.vcf
WMO Register of Alerting Authorities,https://alertingauthority.wmo.int/authorities.php?recId=273,Copyright,https://public.wmo.int/en/copyright
WMO Register of Alerting Authorities,https://alertingauthority.wmo.int/authorities.php?recId=273,Privacy Policy,https://public.wmo.int/en/privacy-policy
WMO Register of Alerting Authorities,https://alertingauthority.wmo.int/authorities.php?recId=273,Disclaimer,https://public.wmo.int/en/disclaimer
WMO Register of Alerting Authorities,https://alertingauthority.wmo.int/authorities.php?recId=273,Map disclaimer,https://public.wmo.int/en/disclaimer#mapdisclaimer
WMO Register of Alerting Authorities,https://alertingauthority.wmo.int/authorities.php?recId=274,,https://public.wmo.int/en
WMO Register of Alerting Authorities,https://alertingauthority.wmo.int/authorities.php?recId=274,HOME,https://public.wmo.int/en
WMO Register of Alerting Authorities,https://alertingauthority.wmo.int/authorities.php?recId=274,WORLDWEATHER,https://worldweather.wmo.int
WMO Register of Alerting Authorities,https://alertingauthority.wmo.int/authorities.php?recId=274,SEVERE WEATHER,https://severeweather.wmo.int
WMO Register of Alerting Authorities,https://alertingauthority.wmo.int/authorities.php?recId=274,Public Weather Services,https://public.wmo.int/en/programmes/public-weather-services-programme
WMO Register of Alerting Authorities,https://alertingauthority.wmo.int/authorities.php?recId=274,please contact us,https://public.wmo.int/en/about-us/contact-us
WMO Register of Alerting Authorities,https://alertingauthority.wmo.int/authorities.php?recId=274,https://feeds.meteoalarm.org/feeds/meteoalarm-legacy-atom-bosnia-herzegovina,https://feeds.meteoalarm.org/feeds/meteoalarm-legacy-atom-bosnia-herzegovina
WMO Register of Alerting Authorities,https://alertingauthority.wmo.int/authorities.php?recId=274,https://feeds.meteoalarm.org/feeds/meteoalarm-legacy-atom-bosnia-herzegovina,https://feeds.meteoalarm.org/feeds/meteoalarm-legacy-atom-bosnia-herzegovina
WMO Register of Alerting Authorities,https://alertingauthority.wmo.int/authorities.php?recId=274,https://rhmzrs.com/meteorologija/meteorolosko-bdenje/prognoza/meteoroloski-bilteni/,https://rhmzrs.com/meteorologija/meteorolosko-bdenje/prognoza/meteoroloski-bilteni/
WMO Register of Alerting Authorities,https://alertingauthority.wmo.int/authorities.php?recId=274,© World Meteorological Organization,https://old.wmo.int/extranet/pages/documents/wmo.vcf
WMO Register of Alerting Authorities,https://alertingauthority.wmo.int/authorities.php?recId=274,Copyright,https://public.wmo.int/en/copyright
WMO Register of Alerting Authorities,https://alertingauthority.wmo.int/authorities.php?recId=274,Privacy Policy,https://public.wmo.int/en/privacy-policy
WMO Register of Alerting Authorities,https://alertingauthority.wmo.int/authorities.php?recId=274,Disclaimer,https://public.wmo.int/en/disclaimer
WMO Register of Alerting Authorities,https://alertingauthority.wmo.int/authorities.php?recId=274,Map disclaimer,https://public.wmo.int/en/disclaimer#mapdisclaimer
WMO Register of Alerting Authorities,https://alertingauthority.wmo.int/authorities.php?recId=275,,https://public.wmo.int/en
WMO Register of Alerting Authorities,https://alertingauthority.wmo.int/authorities.php?recId=275,HOME,https://public.wmo.int/en
WMO Register of Alerting Authorities,https://alertingauthority.wmo.int/authorities.php?recId=275,WORLDWEATHER,https://worldweather.wmo.int
WMO Register of Alerting Authorities,https://alertingauthority.wmo.int/authorities.php?recId=275,SEVERE WEATHER,https://severeweather.wmo.int
WMO Register of Alerting Authorities,https://alertingauthority.wmo.int/authorities.php?recId=275,Public Weather Services,https://public.wmo.int/en/programmes/public-weather-services-programme
WMO Register of Alerting Authorities,https://alertingauthority.wmo.int/authorities.php?recId=275,please contact us,https://public.wmo.int/en/about-us/contact-us
WMO Register of Alerting Authorities,https://alertingauthority.wmo.int/authorities.php?recId=275,© World Meteorological Organization,https://old.wmo.int/extranet/pages/documents/wmo.vcf
WMO Register of Alerting Authorities,https://alertingauthority.wmo.int/authorities.php?recId=275,Copyright,https://public.wmo.int/en/copyright
WMO Register of Alerting Authorities,https://alertingauthority.wmo.int/authorities.php?recId=275,Privacy Policy,https://public.wmo.int/en/privacy-policy
WMO Register of Alerting Authorities,https://alertingauthority.wmo.int/authorities.php?recId=275,Disclaimer,https://public.wmo.int/en/disclaimer
WMO Register of Alerting Authorities,https://alertingauthority.wmo.int/authorities.php?recId=275,Map disclaimer,https://public.wmo.int/en/disclaimer#mapdisclaimer
WMO Register of Alerting Authorities,https://alertingauthority.wmo.int/authorities.php?recId=276,,https://public.wmo.int/en
WMO Register of Alerting Authorities,https://alertingauthority.wmo.int/authorities.php?recId=276,HOME,https://public.wmo.int/en
WMO Register of Alerting Authorities,https://alertingauthority.wmo.int/authorities.php?recId=276,WORLDWEATHER,https://worldweather.wmo.int
WMO Register of Alerting Authorities,https://alertingauthority.wmo.int/authorities.php?recId=276,SEVERE WEATHER,https://severeweather.wmo.int
WMO Register of Alerting Authorities,https://alertingauthority.wmo.int/authorities.php?recId=276,Public Weather Services,https://public.wmo.int/en/programmes/public-weather-services-programme
WMO Register of Alerting Authorities,https://alertingauthority.wmo.int/authorities.php?recId=276,please contact us,https://public.wmo.int/en/about-us/contact-us
WMO Register of Alerting Authorities,https://alertingauthority.wmo.int/authorities.php?recId=276,© World Meteorological Organization,https://old.wmo.int/extranet/pages/documents/wmo.vcf
WMO Register of Alerting Authorities,https://alertingauthority.wmo.int/authorities.php?recId=276,Copyright,https://public.wmo.int/en/copyright
WMO Register of Alerting Authorities,https://alertingauthority.wmo.int/authorities.php?recId=276,Privacy Policy,https://public.wmo.int/en/privacy-policy
WMO Register of Alerting Authorities,https://alertingauthority.wmo.int/authorities.php?recId=276,Disclaimer,https://public.wmo.int/en/disclaimer
WMO Register of Alerting Authorities,https://alertingauthority.wmo.int/authorities.php?recId=276,Map disclaimer,https://public.wmo.int/en/disclaimer#mapdisclaimer
WMO Register of Alerting Authorities,https://alertingauthority.wmo.int/authorities.php?recId=277,,https://public.wmo.int/en
WMO Register of Alerting Authorities,https://alertingauthority.wmo.int/authorities.php?recId=277,HOME,https://public.wmo.int/en
WMO Register of Alerting Authorities,https://alertingauthority.wmo.int/authorities.php?recId=277,WORLDWEATHER,https://worldweather.wmo.int
WMO Register of Alerting Authorities,https://alertingauthority.wmo.int/authorities.php?recId=277,SEVERE WEATHER,https://severeweather.wmo.int
WMO Register of Alerting Authorities,https://alertingauthority.wmo.int/authorities.php?recId=277,Public Weather Services,https://public.wmo.int/en/programmes/public-weather-services-programme
WMO Register of Alerting Authorities,https://alertingauthority.wmo.int/authorities.php?recId=277,please contact us,https://public.wmo.int/en/about-us/contact-us
WMO Register of Alerting Authorities,https://alertingauthority.wmo.int/authorities.php?recId=277,http://emergencyalert.alberta.ca/aeapublic/feed.atom,http://emergencyalert.alberta.ca/aeapublic/feed.atom
WMO Register of Alerting Authorities,https://alertingauthority.wmo.int/authorities.php?recId=277,http://emergencyalert.alberta.ca/aeapublic/feed.atom,http://emergencyalert.alberta.ca/aeapublic/feed.atom
WMO Register of Alerting Authorities,https://alertingauthority.wmo.int/authorities.php?recId=277,© World Meteorological Organization,https://old.wmo.int/extranet/pages/documents/wmo.vcf
WMO Register of Alerting Authorities,https://alertingauthority.wmo.int/authorities.php?recId=277,Copyright,https://public.wmo.int/en/copyright
WMO Register of Alerting Authorities,https://alertingauthority.wmo.int/authorities.php?recId=277,Privacy Policy,https://public.wmo.int/en/privacy-policy
WMO Register of Alerting Authorities,https://alertingauthority.wmo.int/authorities.php?recId=277,Disclaimer,https://public.wmo.int/en/disclaimer
WMO Register of Alerting Authorities,https://alertingauthority.wmo.int/authorities.php?recId=277,Map disclaimer,https://public.wmo.int/en/disclaimer#mapdisclaimer
WMO Register of Alerting Authorities,https://alertingauthority.wmo.int/authorities.php?recId=278,,https://public.wmo.int/en
WMO Register of Alerting Authorities,https://alertingauthority.wmo.int/authorities.php?recId=278,HOME,https://public.wmo.int/en
WMO Register of Alerting Authorities,https://alertingauthority.wmo.int/authorities.php?recId=278,WORLDWEATHER,https://worldweather.wmo.int
WMO Register of Alerting Authorities,https://alertingauthority.wmo.int/authorities.php?recId=278,SEVERE WEATHER,https://severeweather.wmo.int
WMO Register of Alerting Authorities,https://alertingauthority.wmo.int/authorities.php?recId=278,Public Weather Services,https://public.wmo.int/en/programmes/public-weather-services-programme
WMO Register of Alerting Authorities,https://alertingauthority.wmo.int/authorities.php?recId=278,please contact us,https://public.wmo.int/en/about-us/contact-us
WMO Register of Alerting Authorities,https://alertingauthority.wmo.int/authorities.php?recId=278,http://rss.naad-adna.pelmorex.com/,http://rss.naad-adna.pelmorex.com/
WMO Register of Alerting Authorities,https://alertingauthority.wmo.int/authorities.php?recId=278,http://rss.naad-adna.pelmorex.com/,http://rss.naad-adna.pelmorex.com/
WMO Register of Alerting Authorities,https://alertingauthority.wmo.int/authorities.php?recId=278,© World Meteorological Organization,https://old.wmo.int/extranet/pages/documents/wmo.vcf
WMO Register of Alerting Authorities,https://alertingauthority.wmo.int/authorities.php?recId=278,Copyright,https://public.wmo.int/en/copyright
WMO Register of Alerting Authorities,https://alertingauthority.wmo.int/authorities.php?recId=278,Privacy Policy,https://public.wmo.int/en/privacy-policy
WMO Register of Alerting Authorities,https://alertingauthority.wmo.int/authorities.php?recId=278,Disclaimer,https://public.wmo.int/en/disclaimer
WMO Register of Alerting Authorities,https://alertingauthority.wmo.int/authorities.php?recId=278,Map disclaimer,https://public.wmo.int/en/disclaimer#mapdisclaimer
WMO Register of Alerting Authorities,https://alertingauthority.wmo.int/authorities.php?recId=279,,https://public.wmo.int/en
WMO Register of Alerting Authorities,https://alertingauthority.wmo.int/authorities.php?recId=279,HOME,https://public.wmo.int/en
WMO Register of Alerting Authorities,https://alertingauthority.wmo.int/authorities.php?recId=279,WORLDWEATHER,https://worldweather.wmo.int
WMO Register of Alerting Authorities,https://alertingauthority.wmo.int/authorities.php?recId=279,SEVERE WEATHER,https://severeweather.wmo.int
WMO Register of Alerting Authorities,https://alertingauthority.wmo.int/authorities.php?recId=279,Public Weather Services,https://public.wmo.int/en/programmes/public-weather-services-programme
WMO Register of Alerting Authorities,https://alertingauthority.wmo.int/authorities.php?recId=279,please contact us,https://public.wmo.int/en/about-us/contact-us
WMO Register of Alerting Authorities,https://alertingauthority.wmo.int/authorities.php?recId=279,© World Meteorological Organization,https://old.wmo.int/extranet/pages/documents/wmo.vcf
WMO Register of Alerting Authorities,https://alertingauthority.wmo.int/authorities.php?recId=279,Copyright,https://public.wmo.int/en/copyright
WMO Register of Alerting Authorities,https://alertingauthority.wmo.int/authorities.php?recId=279,Privacy Policy,https://public.wmo.int/en/privacy-policy
WMO Register of Alerting Authorities,https://alertingauthority.wmo.int/authorities.php?recId=279,Disclaimer,https://public.wmo.int/en/disclaimer
WMO Register of Alerting Authorities,https://alertingauthority.wmo.int/authorities.php?recId=279,Map disclaimer,https://public.wmo.int/en/disclaimer#mapdisclaimer
WMO Register of Alerting Authorities,https://alertingauthority.wmo.int/authorities.php?recId=280,,https://public.wmo.int/en
WMO Register of Alerting Authorities,https://alertingauthority.wmo.int/authorities.php?recId=280,HOME,https://public.wmo.int/en
WMO Register of Alerting Authorities,https://alertingauthority.wmo.int/authorities.php?recId=280,WORLDWEATHER,https://worldweather.wmo.int
WMO Register of Alerting Authorities,https://alertingauthority.wmo.int/authorities.php?recId=280,SEVERE WEATHER,https://severeweather.wmo.int
WMO Register of Alerting Authorities,https://alertingauthority.wmo.int/authorities.php?recId=280,Public Weather Services,https://public.wmo.int/en/programmes/public-weather-services-programme
WMO Register of Alerting Authorities,https://alertingauthority.wmo.int/authorities.php?recId=280,please contact us,https://public.wmo.int/en/about-us/contact-us
WMO Register of Alerting Authorities,https://alertingauthority.wmo.int/authorities.php?recId=280,© World Meteorological Organization,https://old.wmo.int/extranet/pages/documents/wmo.vcf
WMO Register of Alerting Authorities,https://alertingauthority.wmo.int/authorities.php?recId=280,Copyright,https://public.wmo.int/en/copyright
WMO Register of Alerting Authorities,https://alertingauthority.wmo.int/authorities.php?recId=280,Privacy Policy,https://public.wmo.int/en/privacy-policy
WMO Register of Alerting Authorities,https://alertingauthority.wmo.int/authorities.php?recId=280,Disclaimer,https://public.wmo.int/en/disclaimer
WMO Register of Alerting Authorities,https://alertingauthority.wmo.int/authorities.php?recId=280,Map disclaimer,https://public.wmo.int/en/disclaimer#mapdisclaimer
WMO Register of Alerting Authorities,https://alertingauthority.wmo.int/authorities.php?recId=281,,https://public.wmo.int/en
WMO Register of Alerting Authorities,https://alertingauthority.wmo.int/authorities.php?recId=281,HOME,https://public.wmo.int/en
WMO Register of Alerting Authorities,https://alertingauthority.wmo.int/authorities.php?recId=281,WORLDWEATHER,https://worldweather.wmo.int
WMO Register of Alerting Authorities,https://alertingauthority.wmo.int/authorities.php?recId=281,SEVERE WEATHER,https://severeweather.wmo.int
WMO Register of Alerting Authorities,https://alertingauthority.wmo.int/authorities.php?recId=281,Public Weather Services,https://public.wmo.int/en/programmes/public-weather-services-programme
WMO Register of Alerting Authorities,https://alertingauthority.wmo.int/authorities.php?recId=281,please contact us,https://public.wmo.int/en/about-us/contact-us
WMO Register of Alerting Authorities,https://alertingauthority.wmo.int/authorities.php?recId=281,https://www.naz.ch,https://www.naz.ch
WMO Register of Alerting Authorities,https://alertingauthority.wmo.int/authorities.php?recId=281,© World Meteorological Organization,https://old.wmo.int/extranet/pages/documents/wmo.vcf
WMO Register of Alerting Authorities,https://alertingauthority.wmo.int/authorities.php?recId=281,Copyright,https://public.wmo.int/en/copyright
WMO Register of Alerting Authorities,https://alertingauthority.wmo.int/authorities.php?recId=281,Privacy Policy,https://public.wmo.int/en/privacy-policy
WMO Register of Alerting Authorities,https://alertingauthority.wmo.int/authorities.php?recId=281,Disclaimer,https://public.wmo.int/en/disclaimer
WMO Register of Alerting Authorities,https://alertingauthority.wmo.int/authorities.php?recId=281,Map disclaimer,https://public.wmo.int/en/disclaimer#mapdisclaimer
WMO Register of Alerting Authorities,https://alertingauthority.wmo.int/authorities.php?recId=282,,https://public.wmo.int/en
WMO Register of Alerting Authorities,https://alertingauthority.wmo.int/authorities.php?recId=282,HOME,https://public.wmo.int/en
WMO Register of Alerting Authorities,https://alertingauthority.wmo.int/authorities.php?recId=282,WORLDWEATHER,https://worldweather.wmo.int
WMO Register of Alerting Authorities,https://alertingauthority.wmo.int/authorities.php?recId=282,SEVERE WEATHER,https://severeweather.wmo.int
WMO Register of Alerting Authorities,https://alertingauthority.wmo.int/authorities.php?recId=282,Public Weather Services,https://public.wmo.int/en/programmes/public-weather-services-programme
WMO Register of Alerting Authorities,https://alertingauthority.wmo.int/authorities.php?recId=282,please contact us,https://public.wmo.int/en/about-us/contact-us
WMO Register of Alerting Authorities,https://alertingauthority.wmo.int/authorities.php?recId=282,© World Meteorological Organization,https://old.wmo.int/extranet/pages/documents/wmo.vcf
WMO Register of Alerting Authorities,https://alertingauthority.wmo.int/authorities.php?recId=282,Copyright,https://public.wmo.int/en/copyright
WMO Register of Alerting Authorities,https://alertingauthority.wmo.int/authorities.php?recId=282,Privacy Policy,https://public.wmo.int/en/privacy-policy
WMO Register of Alerting Authorities,https://alertingauthority.wmo.int/authorities.php?recId=282,Disclaimer,https://public.wmo.int/en/disclaimer
WMO Register of Alerting Authorities,https://alertingauthority.wmo.int/authorities.php?recId=282,Map disclaimer,https://public.wmo.int/en/disclaimer#mapdisclaimer
WMO Register of Alerting Authorities,https://alertingauthority.wmo.int/authorities.php?recId=283,,https://public.wmo.int/en
WMO Register of Alerting Authorities,https://alertingauthority.wmo.int/authorities.php?recId=283,HOME,https://public.wmo.int/en
WMO Register of Alerting Authorities,https://alertingauthority.wmo.int/authorities.php?recId=283,WORLDWEATHER,https://worldweather.wmo.int
WMO Register of Alerting Authorities,https://alertingauthority.wmo.int/authorities.php?recId=283,SEVERE WEATHER,https://severeweather.wmo.int
WMO Register of Alerting Authorities,https://alertingauthority.wmo.int/authorities.php?recId=283,Public Weather Services,https://public.wmo.int/en/programmes/public-weather-services-programme
WMO Register of Alerting Authorities,https://alertingauthority.wmo.int/authorities.php?recId=283,please contact us,https://public.wmo.int/en/about-us/contact-us
WMO Register of Alerting Authorities,https://alertingauthority.wmo.int/authorities.php?recId=283,http://waterberichtgeving.rws.nl/,http://waterberichtgeving.rws.nl/
WMO Register of Alerting Authorities,https://alertingauthority.wmo.int/authorities.php?recId=283,© World Meteorological Organization,https://old.wmo.int/extranet/pages/documents/wmo.vcf
WMO Register of Alerting Authorities,https://alertingauthority.wmo.int/authorities.php?recId=283,Copyright,https://public.wmo.int/en/copyright
WMO Register of Alerting Authorities,https://alertingauthority.wmo.int/authorities.php?recId=283,Privacy Policy,https://public.wmo.int/en/privacy-policy
WMO Register of Alerting Authorities,https://alertingauthority.wmo.int/authorities.php?recId=283,Disclaimer,https://public.wmo.int/en/disclaimer
WMO Register of Alerting Authorities,https://alertingauthority.wmo.int/authorities.php?recId=283,Map disclaimer,https://public.wmo.int/en/disclaimer#mapdisclaimer
WMO Register of Alerting Authorities,https://alertingauthority.wmo.int/authorities.php?recId=284,,https://public.wmo.int/en
WMO Register of Alerting Authorities,https://alertingauthority.wmo.int/authorities.php?recId=284,HOME,https://public.wmo.int/en
WMO Register of Alerting Authorities,https://alertingauthority.wmo.int/authorities.php?recId=284,WORLDWEATHER,https://worldweather.wmo.int
WMO Register of Alerting Authorities,https://alertingauthority.wmo.int/authorities.php?recId=284,SEVERE WEATHER,https://severeweather.wmo.int
WMO Register of Alerting Authorities,https://alertingauthority.wmo.int/authorities.php?recId=284,Public Weather Services,https://public.wmo.int/en/programmes/public-weather-services-programme
WMO Register of Alerting Authorities,https://alertingauthority.wmo.int/authorities.php?recId=284,please contact us,https://public.wmo.int/en/about-us/contact-us
WMO Register of Alerting Authorities,https://alertingauthority.wmo.int/authorities.php?recId=284,© World Meteorological Organization,https://old.wmo.int/extranet/pages/documents/wmo.vcf
WMO Register of Alerting Authorities,https://alertingauthority.wmo.int/authorities.php?recId=284,Copyright,https://public.wmo.int/en/copyright
WMO Register of Alerting Authorities,https://alertingauthority.wmo.int/authorities.php?recId=284,Privacy Policy,https://public.wmo.int/en/privacy-policy
WMO Register of Alerting Authorities,https://alertingauthority.wmo.int/authorities.php?recId=284,Disclaimer,https://public.wmo.int/en/disclaimer
WMO Register of Alerting Authorities,https://alertingauthority.wmo.int/authorities.php?recId=284,Map disclaimer,https://public.wmo.int/en/disclaimer#mapdisclaimer
WMO Register of Alerting Authorities,https://alertingauthority.wmo.int/authorities.php?recId=285,,https://public.wmo.int/en
WMO Register of Alerting Authorities,https://alertingauthority.wmo.int/authorities.php?recId=285,HOME,https://public.wmo.int/en
WMO Register of Alerting Authorities,https://alertingauthority.wmo.int/authorities.php?recId=285,WORLDWEATHER,https://worldweather.wmo.int
WMO Register of Alerting Authorities,https://alertingauthority.wmo.int/authorities.php?recId=285,SEVERE WEATHER,https://severeweather.wmo.int
WMO Register of Alerting Authorities,https://alertingauthority.wmo.int/authorities.php?recId=285,Public Weather Services,https://public.wmo.int/en/programmes/public-weather-services-programme
WMO Register of Alerting Authorities,https://alertingauthority.wmo.int/authorities.php?recId=285,please contact us,https://public.wmo.int/en/about-us/contact-us
WMO Register of Alerting Authorities,https://alertingauthority.wmo.int/authorities.php?recId=285,© World Meteorological Organization,https://old.wmo.int/extranet/pages/documents/wmo.vcf
WMO Register of Alerting Authorities,https://alertingauthority.wmo.int/authorities.php?recId=285,Copyright,https://public.wmo.int/en/copyright
WMO Register of Alerting Authorities,https://alertingauthority.wmo.int/authorities.php?recId=285,Privacy Policy,https://public.wmo.int/en/privacy-policy
WMO Register of Alerting Authorities,https://alertingauthority.wmo.int/authorities.php?recId=285,Disclaimer,https://public.wmo.int/en/disclaimer
WMO Register of Alerting Authorities,https://alertingauthority.wmo.int/authorities.php?recId=285,Map disclaimer,https://public.wmo.int/en/disclaimer#mapdisclaimer
WMO Register of Alerting Authorities,https://alertingauthority.wmo.int/authorities.php?recId=286,,https://public.wmo.int/en
WMO Register of Alerting Authorities,https://alertingauthority.wmo.int/authorities.php?recId=286,HOME,https://public.wmo.int/en
WMO Register of Alerting Authorities,https://alertingauthority.wmo.int/authorities.php?recId=286,WORLDWEATHER,https://worldweather.wmo.int
WMO Register of Alerting Authorities,https://alertingauthority.wmo.int/authorities.php?recId=286,SEVERE WEATHER,https://severeweather.wmo.int
WMO Register of Alerting Authorities,https://alertingauthority.wmo.int/authorities.php?recId=286,Public Weather Services,https://public.wmo.int/en/programmes/public-weather-services-programme
WMO Register of Alerting Authorities,https://alertingauthority.wmo.int/authorities.php?recId=286,please contact us,https://public.wmo.int/en/about-us/contact-us
WMO Register of Alerting Authorities,https://alertingauthority.wmo.int/authorities.php?recId=286,© World Meteorological Organization,https://old.wmo.int/extranet/pages/documents/wmo.vcf
WMO Register of Alerting Authorities,https://alertingauthority.wmo.int/authorities.php?recId=286,Copyright,https://public.wmo.int/en/copyright
WMO Register of Alerting Authorities,https://alertingauthority.wmo.int/authorities.php?recId=286,Privacy Policy,https://public.wmo.int/en/privacy-policy
WMO Register of Alerting Authorities,https://alertingauthority.wmo.int/authorities.php?recId=286,Disclaimer,https://public.wmo.int/en/disclaimer
WMO Register of Alerting Authorities,https://alertingauthority.wmo.int/authorities.php?recId=286,Map disclaimer,https://public.wmo.int/en/disclaimer#mapdisclaimer
WMO Register of Alerting Authorities,https://alertingauthority.wmo.int/authorities.php?recId=287,,https://public.wmo.int/en
WMO Register of Alerting Authorities,https://alertingauthority.wmo.int/authorities.php?recId=287,HOME,https://public.wmo.int/en
WMO Register of Alerting Authorities,https://alertingauthority.wmo.int/authorities.php?recId=287,WORLDWEATHER,https://worldweather.wmo.int
WMO Register of Alerting Authorities,https://alertingauthority.wmo.int/authorities.php?recId=287,SEVERE WEATHER,https://severeweather.wmo.int
WMO Register of Alerting Authorities,https://alertingauthority.wmo.int/authorities.php?recId=287,Public Weather Services,https://public.wmo.int/en/programmes/public-weather-services-programme
WMO Register of Alerting Authorities,https://alertingauthority.wmo.int/authorities.php?recId=287,please contact us,https://public.wmo.int/en/about-us/contact-us
WMO Register of Alerting Authorities,https://alertingauthority.wmo.int/authorities.php?recId=287,https://feeds.meteoalarm.org/feeds/meteoalarm-legacy-atom-italy,https://feeds.meteoalarm.org/feeds/meteoalarm-legacy-atom-italy
WMO Register of Alerting Authorities,https://alertingauthority.wmo.int/authorities.php?recId=287,http://www.meteoam.it/,http://www.meteoam.it/
WMO Register of Alerting Authorities,https://alertingauthority.wmo.int/authorities.php?recId=287,© World Meteorological Organization,https://old.wmo.int/extranet/pages/documents/wmo.vcf
WMO Register of Alerting Authorities,https://alertingauthority.wmo.int/authorities.php?recId=287,Copyright,https://public.wmo.int/en/copyright
WMO Register of Alerting Authorities,https://alertingauthority.wmo.int/authorities.php?recId=287,Privacy Policy,https://public.wmo.int/en/privacy-policy
WMO Register of Alerting Authorities,https://alertingauthority.wmo.int/authorities.php?recId=287,Disclaimer,https://public.wmo.int/en/disclaimer
WMO Register of Alerting Authorities,https://alertingauthority.wmo.int/authorities.php?recId=287,Map disclaimer,https://public.wmo.int/en/disclaimer#mapdisclaimer
WMO Register of Alerting Authorities,https://alertingauthority.wmo.int/authorities.php?recId=288,,https://public.wmo.int/en
WMO Register of Alerting Authorities,https://alertingauthority.wmo.int/authorities.php?recId=288,HOME,https://public.wmo.int/en
WMO Register of Alerting Authorities,https://alertingauthority.wmo.int/authorities.php?recId=288,WORLDWEATHER,https://worldweather.wmo.int
WMO Register of Alerting Authorities,https://alertingauthority.wmo.int/authorities.php?recId=288,SEVERE WEATHER,https://severeweather.wmo.int
WMO Register of Alerting Authorities,https://alertingauthority.wmo.int/authorities.php?recId=288,Public Weather Services,https://public.wmo.int/en/programmes/public-weather-services-programme
WMO Register of Alerting Authorities,https://alertingauthority.wmo.int/authorities.php?recId=288,please contact us,https://public.wmo.int/en/about-us/contact-us
WMO Register of Alerting Authorities,https://alertingauthority.wmo.int/authorities.php?recId=288,© World Meteorological Organization,https://old.wmo.int/extranet/pages/documents/wmo.vcf
WMO Register of Alerting Authorities,https://alertingauthority.wmo.int/authorities.php?recId=288,Copyright,https://public.wmo.int/en/copyright
WMO Register of Alerting Authorities,https://alertingauthority.wmo.int/authorities.php?recId=288,Privacy Policy,https://public.wmo.int/en/privacy-policy
WMO Register of Alerting Authorities,https://alertingauthority.wmo.int/authorities.php?recId=288,Disclaimer,https://public.wmo.int/en/disclaimer
WMO Register of Alerting Authorities,https://alertingauthority.wmo.int/authorities.php?recId=288,Map disclaimer,https://public.wmo.int/en/disclaimer#mapdisclaimer
WMO Register of Alerting Authorities,https://alertingauthority.wmo.int/authorities.php?recId=289,,https://public.wmo.int/en
WMO Register of Alerting Authorities,https://alertingauthority.wmo.int/authorities.php?recId=289,HOME,https://public.wmo.int/en
WMO Register of Alerting Authorities,https://alertingauthority.wmo.int/authorities.php?recId=289,WORLDWEATHER,https://worldweather.wmo.int
WMO Register of Alerting Authorities,https://alertingauthority.wmo.int/authorities.php?recId=289,SEVERE WEATHER,https://severeweather.wmo.int
WMO Register of Alerting Authorities,https://alertingauthority.wmo.int/authorities.php?recId=289,Public Weather Services,https://public.wmo.int/en/programmes/public-weather-services-programme
WMO Register of Alerting Authorities,https://alertingauthority.wmo.int/authorities.php?recId=289,please contact us,https://public.wmo.int/en/about-us/contact-us
WMO Register of Alerting Authorities,https://alertingauthority.wmo.int/authorities.php?recId=289,https://www.sepa.org.uk/,https://www.sepa.org.uk/
WMO Register of Alerting Authorities,https://alertingauthority.wmo.int/authorities.php?recId=289,© World Meteorological Organization,https://old.wmo.int/extranet/pages/documents/wmo.vcf
WMO Register of Alerting Authorities,https://alertingauthority.wmo.int/authorities.php?recId=289,Copyright,https://public.wmo.int/en/copyright
WMO Register of Alerting Authorities,https://alertingauthority.wmo.int/authorities.php?recId=289,Privacy Policy,https://public.wmo.int/en/privacy-policy
WMO Register of Alerting Authorities,https://alertingauthority.wmo.int/authorities.php?recId=289,Disclaimer,https://public.wmo.int/en/disclaimer
WMO Register of Alerting Authorities,https://alertingauthority.wmo.int/authorities.php?recId=289,Map disclaimer,https://public.wmo.int/en/disclaimer#mapdisclaimer
WMO Register of Alerting Authorities,https://alertingauthority.wmo.int/authorities.php?recId=290,,https://public.wmo.int/en
WMO Register of Alerting Authorities,https://alertingauthority.wmo.int/authorities.php?recId=290,HOME,https://public.wmo.int/en
WMO Register of Alerting Authorities,https://alertingauthority.wmo.int/authorities.php?recId=290,WORLDWEATHER,https://worldweather.wmo.int
WMO Register of Alerting Authorities,https://alertingauthority.wmo.int/authorities.php?recId=290,SEVERE WEATHER,https://severeweather.wmo.int
WMO Register of Alerting Authorities,https://alertingauthority.wmo.int/authorities.php?recId=290,Public Weather Services,https://public.wmo.int/en/programmes/public-weather-services-programme
WMO Register of Alerting Authorities,https://alertingauthority.wmo.int/authorities.php?recId=290,please contact us,https://public.wmo.int/en/about-us/contact-us
WMO Register of Alerting Authorities,https://alertingauthority.wmo.int/authorities.php?recId=290,© World Meteorological Organization,https://old.wmo.int/extranet/pages/documents/wmo.vcf
WMO Register of Alerting Authorities,https://alertingauthority.wmo.int/authorities.php?recId=290,Copyright,https://public.wmo.int/en/copyright
WMO Register of Alerting Authorities,https://alertingauthority.wmo.int/authorities.php?recId=290,Privacy Policy,https://public.wmo.int/en/privacy-policy
WMO Register of Alerting Authorities,https://alertingauthority.wmo.int/authorities.php?recId=290,Disclaimer,https://public.wmo.int/en/disclaimer
WMO Register of Alerting Authorities,https://alertingauthority.wmo.int/authorities.php?recId=290,Map disclaimer,https://public.wmo.int/en/disclaimer#mapdisclaimer
WMO Register of Alerting Authorities,https://alertingauthority.wmo.int/authorities.php?recId=291,,https://public.wmo.int/en
WMO Register of Alerting Authorities,https://alertingauthority.wmo.int/authorities.php?recId=291,HOME,https://public.wmo.int/en
WMO Register of Alerting Authorities,https://alertingauthority.wmo.int/authorities.php?recId=291,WORLDWEATHER,https://worldweather.wmo.int
WMO Register of Alerting Authorities,https://alertingauthority.wmo.int/authorities.php?recId=291,SEVERE WEATHER,https://severeweather.wmo.int
WMO Register of Alerting Authorities,https://alertingauthority.wmo.int/authorities.php?recId=291,Public Weather Services,https://public.wmo.int/en/programmes/public-weather-services-programme
WMO Register of Alerting Authorities,https://alertingauthority.wmo.int/authorities.php?recId=291,please contact us,https://public.wmo.int/en/about-us/contact-us
WMO Register of Alerting Authorities,https://alertingauthority.wmo.int/authorities.php?recId=291,© World Meteorological Organization,https://old.wmo.int/extranet/pages/documents/wmo.vcf
WMO Register of Alerting Authorities,https://alertingauthority.wmo.int/authorities.php?recId=291,Copyright,https://public.wmo.int/en/copyright
WMO Register of Alerting Authorities,https://alertingauthority.wmo.int/authorities.php?recId=291,Privacy Policy,https://public.wmo.int/en/privacy-policy
WMO Register of Alerting Authorities,https://alertingauthority.wmo.int/authorities.php?recId=291,Disclaimer,https://public.wmo.int/en/disclaimer
WMO Register of Alerting Authorities,https://alertingauthority.wmo.int/authorities.php?recId=291,Map disclaimer,https://public.wmo.int/en/disclaimer#mapdisclaimer
WMO Register of Alerting Authorities,https://alertingauthority.wmo.int/authorities.php?recId=292,,https://public.wmo.int/en
WMO Register of Alerting Authorities,https://alertingauthority.wmo.int/authorities.php?recId=292,HOME,https://public.wmo.int/en
WMO Register of Alerting Authorities,https://alertingauthority.wmo.int/authorities.php?recId=292,WORLDWEATHER,https://worldweather.wmo.int
WMO Register of Alerting Authorities,https://alertingauthority.wmo.int/authorities.php?recId=292,SEVERE WEATHER,https://severeweather.wmo.int
WMO Register of Alerting Authorities,https://alertingauthority.wmo.int/authorities.php?recId=292,Public Weather Services,https://public.wmo.int/en/programmes/public-weather-services-programme
WMO Register of Alerting Authorities,https://alertingauthority.wmo.int/authorities.php?recId=292,please contact us,https://public.wmo.int/en/about-us/contact-us
WMO Register of Alerting Authorities,https://alertingauthority.wmo.int/authorities.php?recId=292,http://wcatwc.arh.noaa.gov/events/xml/PAAQAtom.xml,http://wcatwc.arh.noaa.gov/events/xml/PAAQAtom.xml
WMO Register of Alerting Authorities,https://alertingauthority.wmo.int/authorities.php?recId=292,© World Meteorological Organization,https://old.wmo.int/extranet/pages/documents/wmo.vcf
WMO Register of Alerting Authorities,https://alertingauthority.wmo.int/authorities.php?recId=292,Copyright,https://public.wmo.int/en/copyright
WMO Register of Alerting Authorities,https://alertingauthority.wmo.int/authorities.php?recId=292,Privacy Policy,https://public.wmo.int/en/privacy-policy
WMO Register of Alerting Authorities,https://alertingauthority.wmo.int/authorities.php?recId=292,Disclaimer,https://public.wmo.int/en/disclaimer
WMO Register of Alerting Authorities,https://alertingauthority.wmo.int/authorities.php?recId=292,Map disclaimer,https://public.wmo.int/en/disclaimer#mapdisclaimer
WMO Register of Alerting Authorities,https://alertingauthority.wmo.int/authorities.php?recId=293,,https://public.wmo.int/en
WMO Register of Alerting Authorities,https://alertingauthority.wmo.int/authorities.php?recId=293,HOME,https://public.wmo.int/en
WMO Register of Alerting Authorities,https://alertingauthority.wmo.int/authorities.php?recId=293,WORLDWEATHER,https://worldweather.wmo.int
WMO Register of Alerting Authorities,https://alertingauthority.wmo.int/authorities.php?recId=293,SEVERE WEATHER,https://severeweather.wmo.int
WMO Register of Alerting Authorities,https://alertingauthority.wmo.int/authorities.php?recId=293,Public Weather Services,https://public.wmo.int/en/programmes/public-weather-services-programme
WMO Register of Alerting Authorities,https://alertingauthority.wmo.int/authorities.php?recId=293,please contact us,https://public.wmo.int/en/about-us/contact-us
WMO Register of Alerting Authorities,https://alertingauthority.wmo.int/authorities.php?recId=293,http://earthquake.usgs.gov/earthquakes/feed/v1.0/summary/4.5_hour.atom,http://earthquake.usgs.gov/earthquakes/feed/v1.0/summary/4.5_hour.atom
WMO Register of Alerting Authorities,https://alertingauthority.wmo.int/authorities.php?recId=293,© World Meteorological Organization,https://old.wmo.int/extranet/pages/documents/wmo.vcf
WMO Register of Alerting Authorities,https://alertingauthority.wmo.int/authorities.php?recId=293,Copyright,https://public.wmo.int/en/copyright
WMO Register of Alerting Authorities,https://alertingauthority.wmo.int/authorities.php?recId=293,Privacy Policy,https://public.wmo.int/en/privacy-policy
WMO Register of Alerting Authorities,https://alertingauthority.wmo.int/authorities.php?recId=293,Disclaimer,https://public.wmo.int/en/disclaimer
WMO Register of Alerting Authorities,https://alertingauthority.wmo.int/authorities.php?recId=293,Map disclaimer,https://public.wmo.int/en/disclaimer#mapdisclaimer
WMO Register of Alerting Authorities,https://alertingauthority.wmo.int/authorities.php?recId=294,,https://public.wmo.int/en
WMO Register of Alerting Authorities,https://alertingauthority.wmo.int/authorities.php?recId=294,HOME,https://public.wmo.int/en
WMO Register of Alerting Authorities,https://alertingauthority.wmo.int/authorities.php?recId=294,WORLDWEATHER,https://worldweather.wmo.int
WMO Register of Alerting Authorities,https://alertingauthority.wmo.int/authorities.php?recId=294,SEVERE WEATHER,https://severeweather.wmo.int
WMO Register of Alerting Authorities,https://alertingauthority.wmo.int/authorities.php?recId=294,Public Weather Services,https://public.wmo.int/en/programmes/public-weather-services-programme
WMO Register of Alerting Authorities,https://alertingauthority.wmo.int/authorities.php?recId=294,please contact us,https://public.wmo.int/en/about-us/contact-us
WMO Register of Alerting Authorities,https://alertingauthority.wmo.int/authorities.php?recId=294,http://feeds.enviroflash.info/cap/aggregate.xml,http://feeds.enviroflash.info/cap/aggregate.xml
WMO Register of Alerting Authorities,https://alertingauthority.wmo.int/authorities.php?recId=294,© World Meteorological Organization,https://old.wmo.int/extranet/pages/documents/wmo.vcf
WMO Register of Alerting Authorities,https://alertingauthority.wmo.int/authorities.php?recId=294,Copyright,https://public.wmo.int/en/copyright
WMO Register of Alerting Authorities,https://alertingauthority.wmo.int/authorities.php?recId=294,Privacy Policy,https://public.wmo.int/en/privacy-policy
WMO Register of Alerting Authorities,https://alertingauthority.wmo.int/authorities.php?recId=294,Disclaimer,https://public.wmo.int/en/disclaimer
WMO Register of Alerting Authorities,https://alertingauthority.wmo.int/authorities.php?recId=294,Map disclaimer,https://public.wmo.int/en/disclaimer#mapdisclaimer
WMO Register of Alerting Authorities,https://alertingauthority.wmo.int/authorities.php?recId=295,,https://public.wmo.int/en
WMO Register of Alerting Authorities,https://alertingauthority.wmo.int/authorities.php?recId=295,HOME,https://public.wmo.int/en
WMO Register of Alerting Authorities,https://alertingauthority.wmo.int/authorities.php?recId=295,WORLDWEATHER,https://worldweather.wmo.int
WMO Register of Alerting Authorities,https://alertingauthority.wmo.int/authorities.php?recId=295,SEVERE WEATHER,https://severeweather.wmo.int
WMO Register of Alerting Authorities,https://alertingauthority.wmo.int/authorities.php?recId=295,Public Weather Services,https://public.wmo.int/en/programmes/public-weather-services-programme
WMO Register of Alerting Authorities,https://alertingauthority.wmo.int/authorities.php?recId=295,please contact us,https://public.wmo.int/en/about-us/contact-us
WMO Register of Alerting Authorities,https://alertingauthority.wmo.int/authorities.php?recId=295,© World Meteorological Organization,https://old.wmo.int/extranet/pages/documents/wmo.vcf
WMO Register of Alerting Authorities,https://alertingauthority.wmo.int/authorities.php?recId=295,Copyright,https://public.wmo.int/en/copyright
WMO Register of Alerting Authorities,https://alertingauthority.wmo.int/authorities.php?recId=295,Privacy Policy,https://public.wmo.int/en/privacy-policy
WMO Register of Alerting Authorities,https://alertingauthority.wmo.int/authorities.php?recId=295,Disclaimer,https://public.wmo.int/en/disclaimer
WMO Register of Alerting Authorities,https://alertingauthority.wmo.int/authorities.php?recId=295,Map disclaimer,https://public.wmo.int/en/disclaimer#mapdisclaimer
WMO Register of Alerting Authorities,https://alertingauthority.wmo.int/authorities.php?recId=296,,https://public.wmo.int/en
WMO Register of Alerting Authorities,https://alertingauthority.wmo.int/authorities.php?recId=296,HOME,https://public.wmo.int/en
WMO Register of Alerting Authorities,https://alertingauthority.wmo.int/authorities.php?recId=296,WORLDWEATHER,https://worldweather.wmo.int
WMO Register of Alerting Authorities,https://alertingauthority.wmo.int/authorities.php?recId=296,SEVERE WEATHER,https://severeweather.wmo.int
WMO Register of Alerting Authorities,https://alertingauthority.wmo.int/authorities.php?recId=296,Public Weather Services,https://public.wmo.int/en/programmes/public-weather-services-programme
WMO Register of Alerting Authorities,https://alertingauthority.wmo.int/authorities.php?recId=296,please contact us,https://public.wmo.int/en/about-us/contact-us
WMO Register of Alerting Authorities,https://alertingauthority.wmo.int/authorities.php?recId=296,http://api.geonet.org.nz/cap/1.2/GPA1.0/feed/atom1.0/quake,http://api.geonet.org.nz/cap/1.2/GPA1.0/feed/atom1.0/quake
WMO Register of Alerting Authorities,https://alertingauthority.wmo.int/authorities.php?recId=296,© World Meteorological Organization,https://old.wmo.int/extranet/pages/documents/wmo.vcf
WMO Register of Alerting Authorities,https://alertingauthority.wmo.int/authorities.php?recId=296,Copyright,https://public.wmo.int/en/copyright
WMO Register of Alerting Authorities,https://alertingauthority.wmo.int/authorities.php?recId=296,Privacy Policy,https://public.wmo.int/en/privacy-policy
WMO Register of Alerting Authorities,https://alertingauthority.wmo.int/authorities.php?recId=296,Disclaimer,https://public.wmo.int/en/disclaimer
WMO Register of Alerting Authorities,https://alertingauthority.wmo.int/authorities.php?recId=296,Map disclaimer,https://public.wmo.int/en/disclaimer#mapdisclaimer
WMO Register of Alerting Authorities,https://alertingauthority.wmo.int/authorities.php?recId=297,,https://public.wmo.int/en
WMO Register of Alerting Authorities,https://alertingauthority.wmo.int/authorities.php?recId=297,HOME,https://public.wmo.int/en
WMO Register of Alerting Authorities,https://alertingauthority.wmo.int/authorities.php?recId=297,WORLDWEATHER,https://worldweather.wmo.int
WMO Register of Alerting Authorities,https://alertingauthority.wmo.int/authorities.php?recId=297,SEVERE WEATHER,https://severeweather.wmo.int
WMO Register of Alerting Authorities,https://alertingauthority.wmo.int/authorities.php?recId=297,Public Weather Services,https://public.wmo.int/en/programmes/public-weather-services-programme
WMO Register of Alerting Authorities,https://alertingauthority.wmo.int/authorities.php?recId=297,please contact us,https://public.wmo.int/en/about-us/contact-us
WMO Register of Alerting Authorities,https://alertingauthority.wmo.int/authorities.php?recId=297,https://alerthub.civildefence.govt.nz/rss/pwp,https://alerthub.civildefence.govt.nz/rss/pwp
WMO Register of Alerting Authorities,https://alertingauthority.wmo.int/authorities.php?recId=297,http://www.civildefence.govt.nz/,http://www.civildefence.govt.nz/
WMO Register of Alerting Authorities,https://alertingauthority.wmo.int/authorities.php?recId=297,© World Meteorological Organization,https://old.wmo.int/extranet/pages/documents/wmo.vcf
WMO Register of Alerting Authorities,https://alertingauthority.wmo.int/authorities.php?recId=297,Copyright,https://public.wmo.int/en/copyright
WMO Register of Alerting Authorities,https://alertingauthority.wmo.int/authorities.php?recId=297,Privacy Policy,https://public.wmo.int/en/privacy-policy
WMO Register of Alerting Authorities,https://alertingauthority.wmo.int/authorities.php?recId=297,Disclaimer,https://public.wmo.int/en/disclaimer
WMO Register of Alerting Authorities,https://alertingauthority.wmo.int/authorities.php?recId=297,Map disclaimer,https://public.wmo.int/en/disclaimer#mapdisclaimer
WMO Register of Alerting Authorities,https://alertingauthority.wmo.int/authorities.php?recId=298,,https://public.wmo.int/en
WMO Register of Alerting Authorities,https://alertingauthority.wmo.int/authorities.php?recId=298,HOME,https://public.wmo.int/en
WMO Register of Alerting Authorities,https://alertingauthority.wmo.int/authorities.php?recId=298,WORLDWEATHER,https://worldweather.wmo.int
WMO Register of Alerting Authorities,https://alertingauthority.wmo.int/authorities.php?recId=298,SEVERE WEATHER,https://severeweather.wmo.int
WMO Register of Alerting Authorities,https://alertingauthority.wmo.int/authorities.php?recId=298,Public Weather Services,https://public.wmo.int/en/programmes/public-weather-services-programme
WMO Register of Alerting Authorities,https://alertingauthority.wmo.int/authorities.php?recId=298,please contact us,https://public.wmo.int/en/about-us/contact-us
WMO Register of Alerting Authorities,https://alertingauthority.wmo.int/authorities.php?recId=298,© World Meteorological Organization,https://old.wmo.int/extranet/pages/documents/wmo.vcf
WMO Register of Alerting Authorities,https://alertingauthority.wmo.int/authorities.php?recId=298,Copyright,https://public.wmo.int/en/copyright
WMO Register of Alerting Authorities,https://alertingauthority.wmo.int/authorities.php?recId=298,Privacy Policy,https://public.wmo.int/en/privacy-policy
WMO Register of Alerting Authorities,https://alertingauthority.wmo.int/authorities.php?recId=298,Disclaimer,https://public.wmo.int/en/disclaimer
WMO Register of Alerting Authorities,https://alertingauthority.wmo.int/authorities.php?recId=298,Map disclaimer,https://public.wmo.int/en/disclaimer#mapdisclaimer
WMO Register of Alerting Authorities,https://alertingauthority.wmo.int/authorities.php?recId=299,,https://public.wmo.int/en
WMO Register of Alerting Authorities,https://alertingauthority.wmo.int/authorities.php?recId=299,HOME,https://public.wmo.int/en
WMO Register of Alerting Authorities,https://alertingauthority.wmo.int/authorities.php?recId=299,WORLDWEATHER,https://worldweather.wmo.int
WMO Register of Alerting Authorities,https://alertingauthority.wmo.int/authorities.php?recId=299,SEVERE WEATHER,https://severeweather.wmo.int
WMO Register of Alerting Authorities,https://alertingauthority.wmo.int/authorities.php?recId=299,Public Weather Services,https://public.wmo.int/en/programmes/public-weather-services-programme
WMO Register of Alerting Authorities,https://alertingauthority.wmo.int/authorities.php?recId=299,please contact us,https://public.wmo.int/en/about-us/contact-us
WMO Register of Alerting Authorities,https://alertingauthority.wmo.int/authorities.php?recId=299,https://cap.meteorology.gov.mv/active_alerts,https://cap.meteorology.gov.mv/active_alerts
WMO Register of Alerting Authorities,https://alertingauthority.wmo.int/authorities.php?recId=299,https://www.meteorology.gov.mv/,https://www.meteorology.gov.mv/
WMO Register of Alerting Authorities,https://alertingauthority.wmo.int/authorities.php?recId=299,© World Meteorological Organization,https://old.wmo.int/extranet/pages/documents/wmo.vcf
WMO Register of Alerting Authorities,https://alertingauthority.wmo.int/authorities.php?recId=299,Copyright,https://public.wmo.int/en/copyright
WMO Register of Alerting Authorities,https://alertingauthority.wmo.int/authorities.php?recId=299,Privacy Policy,https://public.wmo.int/en/privacy-policy
WMO Register of Alerting Authorities,https://alertingauthority.wmo.int/authorities.php?recId=299,Disclaimer,https://public.wmo.int/en/disclaimer
WMO Register of Alerting Authorities,https://alertingauthority.wmo.int/authorities.php?recId=299,Map disclaimer,https://public.wmo.int/en/disclaimer#mapdisclaimer
WMO Register of Alerting Authorities,https://alertingauthority.wmo.int/authorities.php?recId=300,,https://public.wmo.int/en
WMO Register of Alerting Authorities,https://alertingauthority.wmo.int/authorities.php?recId=300,HOME,https://public.wmo.int/en
WMO Register of Alerting Authorities,https://alertingauthority.wmo.int/authorities.php?recId=300,WORLDWEATHER,https://worldweather.wmo.int
WMO Register of Alerting Authorities,https://alertingauthority.wmo.int/authorities.php?recId=300,SEVERE WEATHER,https://severeweather.wmo.int
WMO Register of Alerting Authorities,https://alertingauthority.wmo.int/authorities.php?recId=300,Public Weather Services,https://public.wmo.int/en/programmes/public-weather-services-programme
WMO Register of Alerting Authorities,https://alertingauthority.wmo.int/authorities.php?recId=300,please contact us,https://public.wmo.int/en/about-us/contact-us
WMO Register of Alerting Authorities,https://alertingauthority.wmo.int/authorities.php?recId=300,https://volcanoes.usgs.gov/hans2/cap/rss/,https://volcanoes.usgs.gov/hans2/cap/rss/
WMO Register of Alerting Authorities,https://alertingauthority.wmo.int/authorities.php?recId=300,© World Meteorological Organization,https://old.wmo.int/extranet/pages/documents/wmo.vcf
WMO Register of Alerting Authorities,https://alertingauthority.wmo.int/authorities.php?recId=300,Copyright,https://public.wmo.int/en/copyright
WMO Register of Alerting Authorities,https://alertingauthority.wmo.int/authorities.php?recId=300,Privacy Policy,https://public.wmo.int/en/privacy-policy
WMO Register of Alerting Authorities,https://alertingauthority.wmo.int/authorities.php?recId=300,Disclaimer,https://public.wmo.int/en/disclaimer
WMO Register of Alerting Authorities,https://alertingauthority.wmo.int/authorities.php?recId=300,Map disclaimer,https://public.wmo.int/en/disclaimer#mapdisclaimer
WMO Register of Alerting Authorities,https://alertingauthority.wmo.int/authorities.php?recId=301,,https://public.wmo.int/en
WMO Register of Alerting Authorities,https://alertingauthority.wmo.int/authorities.php?recId=301,HOME,https://public.wmo.int/en
WMO Register of Alerting Authorities,https://alertingauthority.wmo.int/authorities.php?recId=301,WORLDWEATHER,https://worldweather.wmo.int
WMO Register of Alerting Authorities,https://alertingauthority.wmo.int/authorities.php?recId=301,SEVERE WEATHER,https://severeweather.wmo.int
WMO Register of Alerting Authorities,https://alertingauthority.wmo.int/authorities.php?recId=301,Public Weather Services,https://public.wmo.int/en/programmes/public-weather-services-programme
WMO Register of Alerting Authorities,https://alertingauthority.wmo.int/authorities.php?recId=301,please contact us,https://public.wmo.int/en/about-us/contact-us
WMO Register of Alerting Authorities,https://alertingauthority.wmo.int/authorities.php?recId=301,© World Meteorological Organization,https://old.wmo.int/extranet/pages/documents/wmo.vcf
WMO Register of Alerting Authorities,https://alertingauthority.wmo.int/authorities.php?recId=301,Copyright,https://public.wmo.int/en/copyright
WMO Register of Alerting Authorities,https://alertingauthority.wmo.int/authorities.php?recId=301,Privacy Policy,https://public.wmo.int/en/privacy-policy
WMO Register of Alerting Authorities,https://alertingauthority.wmo.int/authorities.php?recId=301,Disclaimer,https://public.wmo.int/en/disclaimer
WMO Register of Alerting Authorities,https://alertingauthority.wmo.int/authorities.php?recId=301,Map disclaimer,https://public.wmo.int/en/disclaimer#mapdisclaimer
WMO Register of Alerting Authorities,https://alertingauthority.wmo.int/authorities.php?recId=302,,https://public.wmo.int/en
WMO Register of Alerting Authorities,https://alertingauthority.wmo.int/authorities.php?recId=302,HOME,https://public.wmo.int/en
WMO Register of Alerting Authorities,https://alertingauthority.wmo.int/authorities.php?recId=302,WORLDWEATHER,https://worldweather.wmo.int
WMO Register of Alerting Authorities,https://alertingauthority.wmo.int/authorities.php?recId=302,SEVERE WEATHER,https://severeweather.wmo.int
WMO Register of Alerting Authorities,https://alertingauthority.wmo.int/authorities.php?recId=302,Public Weather Services,https://public.wmo.int/en/programmes/public-weather-services-programme
WMO Register of Alerting Authorities,https://alertingauthority.wmo.int/authorities.php?recId=302,please contact us,https://public.wmo.int/en/about-us/contact-us
WMO Register of Alerting Authorities,https://alertingauthority.wmo.int/authorities.php?recId=302,© World Meteorological Organization,https://old.wmo.int/extranet/pages/documents/wmo.vcf
WMO Register of Alerting Authorities,https://alertingauthority.wmo.int/authorities.php?recId=302,Copyright,https://public.wmo.int/en/copyright
WMO Register of Alerting Authorities,https://alertingauthority.wmo.int/authorities.php?recId=302,Privacy Policy,https://public.wmo.int/en/privacy-policy
WMO Register of Alerting Authorities,https://alertingauthority.wmo.int/authorities.php?recId=302,Disclaimer,https://public.wmo.int/en/disclaimer
WMO Register of Alerting Authorities,https://alertingauthority.wmo.int/authorities.php?recId=302,Map disclaimer,https://public.wmo.int/en/disclaimer#mapdisclaimer
WMO Register of Alerting Authorities,https://alertingauthority.wmo.int/authorities.php?recId=303,,https://public.wmo.int/en
WMO Register of Alerting Authorities,https://alertingauthority.wmo.int/authorities.php?recId=303,HOME,https://public.wmo.int/en
WMO Register of Alerting Authorities,https://alertingauthority.wmo.int/authorities.php?recId=303,WORLDWEATHER,https://worldweather.wmo.int
WMO Register of Alerting Authorities,https://alertingauthority.wmo.int/authorities.php?recId=303,SEVERE WEATHER,https://severeweather.wmo.int
WMO Register of Alerting Authorities,https://alertingauthority.wmo.int/authorities.php?recId=303,Public Weather Services,https://public.wmo.int/en/programmes/public-weather-services-programme
WMO Register of Alerting Authorities,https://alertingauthority.wmo.int/authorities.php?recId=303,please contact us,https://public.wmo.int/en/about-us/contact-us
WMO Register of Alerting Authorities,https://alertingauthority.wmo.int/authorities.php?recId=303,https://www.alert-hub.org/feedFacade/sourcefeed/feed/vc-ms-en,https://www.alert-hub.org/feedFacade/sourcefeed/feed/vc-ms-en
WMO Register of Alerting Authorities,https://alertingauthority.wmo.int/authorities.php?recId=303,http://meteo.gov.vc/meteo/index.php/latest-forecast,http://meteo.gov.vc/meteo/index.php/latest-forecast
WMO Register of Alerting Authorities,https://alertingauthority.wmo.int/authorities.php?recId=303,© World Meteorological Organization,https://old.wmo.int/extranet/pages/documents/wmo.vcf
WMO Register of Alerting Authorities,https://alertingauthority.wmo.int/authorities.php?recId=303,Copyright,https://public.wmo.int/en/copyright
WMO Register of Alerting Authorities,https://alertingauthority.wmo.int/authorities.php?recId=303,Privacy Policy,https://public.wmo.int/en/privacy-policy
WMO Register of Alerting Authorities,https://alertingauthority.wmo.int/authorities.php?recId=303,Disclaimer,https://public.wmo.int/en/disclaimer
WMO Register of Alerting Authorities,https://alertingauthority.wmo.int/authorities.php?recId=303,Map disclaimer,https://public.wmo.int/en/disclaimer#mapdisclaimer
WMO Register of Alerting Authorities,https://alertingauthority.wmo.int/authorities.php?recId=304,,https://public.wmo.int/en
WMO Register of Alerting Authorities,https://alertingauthority.wmo.int/authorities.php?recId=304,HOME,https://public.wmo.int/en
WMO Register of Alerting Authorities,https://alertingauthority.wmo.int/authorities.php?recId=304,WORLDWEATHER,https://worldweather.wmo.int
WMO Register of Alerting Authorities,https://alertingauthority.wmo.int/authorities.php?recId=304,SEVERE WEATHER,https://severeweather.wmo.int
WMO Register of Alerting Authorities,https://alertingauthority.wmo.int/authorities.php?recId=304,Public Weather Services,https://public.wmo.int/en/programmes/public-weather-services-programme
WMO Register of Alerting Authorities,https://alertingauthority.wmo.int/authorities.php?recId=304,please contact us,https://public.wmo.int/en/about-us/contact-us
WMO Register of Alerting Authorities,https://alertingauthority.wmo.int/authorities.php?recId=304,© World Meteorological Organization,https://old.wmo.int/extranet/pages/documents/wmo.vcf
WMO Register of Alerting Authorities,https://alertingauthority.wmo.int/authorities.php?recId=304,Copyright,https://public.wmo.int/en/copyright
WMO Register of Alerting Authorities,https://alertingauthority.wmo.int/authorities.php?recId=304,Privacy Policy,https://public.wmo.int/en/privacy-policy
WMO Register of Alerting Authorities,https://alertingauthority.wmo.int/authorities.php?recId=304,Disclaimer,https://public.wmo.int/en/disclaimer
WMO Register of Alerting Authorities,https://alertingauthority.wmo.int/authorities.php?recId=304,Map disclaimer,https://public.wmo.int/en/disclaimer#mapdisclaimer
WMO Register of Alerting Authorities,https://alertingauthority.wmo.int/authorities.php?recId=305,,https://public.wmo.int/en
WMO Register of Alerting Authorities,https://alertingauthority.wmo.int/authorities.php?recId=305,HOME,https://public.wmo.int/en
WMO Register of Alerting Authorities,https://alertingauthority.wmo.int/authorities.php?recId=305,WORLDWEATHER,https://worldweather.wmo.int
WMO Register of Alerting Authorities,https://alertingauthority.wmo.int/authorities.php?recId=305,SEVERE WEATHER,https://severeweather.wmo.int
WMO Register of Alerting Authorities,https://alertingauthority.wmo.int/authorities.php?recId=305,Public Weather Services,https://public.wmo.int/en/programmes/public-weather-services-programme
WMO Register of Alerting Authorities,https://alertingauthority.wmo.int/authorities.php?recId=305,please contact us,https://public.wmo.int/en/about-us/contact-us
WMO Register of Alerting Authorities,https://alertingauthority.wmo.int/authorities.php?recId=305,© World Meteorological Organization,https://old.wmo.int/extranet/pages/documents/wmo.vcf
WMO Register of Alerting Authorities,https://alertingauthority.wmo.int/authorities.php?recId=305,Copyright,https://public.wmo.int/en/copyright
WMO Register of Alerting Authorities,https://alertingauthority.wmo.int/authorities.php?recId=305,Privacy Policy,https://public.wmo.int/en/privacy-policy
WMO Register of Alerting Authorities,https://alertingauthority.wmo.int/authorities.php?recId=305,Disclaimer,https://public.wmo.int/en/disclaimer
WMO Register of Alerting Authorities,https://alertingauthority.wmo.int/authorities.php?recId=305,Map disclaimer,https://public.wmo.int/en/disclaimer#mapdisclaimer
WMO Register of Alerting Authorities,https://alertingauthority.wmo.int/authorities.php?recId=306,,https://public.wmo.int/en
WMO Register of Alerting Authorities,https://alertingauthority.wmo.int/authorities.php?recId=306,HOME,https://public.wmo.int/en
WMO Register of Alerting Authorities,https://alertingauthority.wmo.int/authorities.php?recId=306,WORLDWEATHER,https://worldweather.wmo.int
WMO Register of Alerting Authorities,https://alertingauthority.wmo.int/authorities.php?recId=306,SEVERE WEATHER,https://severeweather.wmo.int
WMO Register of Alerting Authorities,https://alertingauthority.wmo.int/authorities.php?recId=306,Public Weather Services,https://public.wmo.int/en/programmes/public-weather-services-programme
WMO Register of Alerting Authorities,https://alertingauthority.wmo.int/authorities.php?recId=306,please contact us,https://public.wmo.int/en/about-us/contact-us
WMO Register of Alerting Authorities,https://alertingauthority.wmo.int/authorities.php?recId=306,© World Meteorological Organization,https://old.wmo.int/extranet/pages/documents/wmo.vcf
WMO Register of Alerting Authorities,https://alertingauthority.wmo.int/authorities.php?recId=306,Copyright,https://public.wmo.int/en/copyright
WMO Register of Alerting Authorities,https://alertingauthority.wmo.int/authorities.php?recId=306,Privacy Policy,https://public.wmo.int/en/privacy-policy
WMO Register of Alerting Authorities,https://alertingauthority.wmo.int/authorities.php?recId=306,Disclaimer,https://public.wmo.int/en/disclaimer
WMO Register of Alerting Authorities,https://alertingauthority.wmo.int/authorities.php?recId=306,Map disclaimer,https://public.wmo.int/en/disclaimer#mapdisclaimer
WMO Register of Alerting Authorities,https://alertingauthority.wmo.int/authorities.php?recId=307,,https://public.wmo.int/en
WMO Register of Alerting Authorities,https://alertingauthority.wmo.int/authorities.php?recId=307,HOME,https://public.wmo.int/en
WMO Register of Alerting Authorities,https://alertingauthority.wmo.int/authorities.php?recId=307,WORLDWEATHER,https://worldweather.wmo.int
WMO Register of Alerting Authorities,https://alertingauthority.wmo.int/authorities.php?recId=307,SEVERE WEATHER,https://severeweather.wmo.int
WMO Register of Alerting Authorities,https://alertingauthority.wmo.int/authorities.php?recId=307,Public Weather Services,https://public.wmo.int/en/programmes/public-weather-services-programme
WMO Register of Alerting Authorities,https://alertingauthority.wmo.int/authorities.php?recId=307,please contact us,https://public.wmo.int/en/about-us/contact-us
WMO Register of Alerting Authorities,https://alertingauthority.wmo.int/authorities.php?recId=307,http://201.229.69.218/cap/en/alerts/rss.xml,http://201.229.69.218/cap/en/alerts/rss.xml
WMO Register of Alerting Authorities,https://alertingauthority.wmo.int/authorities.php?recId=307,http://201.229.69.218/cap/nl/alerts/rss.xml,http://201.229.69.218/cap/nl/alerts/rss.xml
WMO Register of Alerting Authorities,https://alertingauthority.wmo.int/authorities.php?recId=307,http://201.229.69.218/cap/pap/alerts/rss.xml,http://201.229.69.218/cap/pap/alerts/rss.xml
WMO Register of Alerting Authorities,https://alertingauthority.wmo.int/authorities.php?recId=307,http://worldweather.wmo.int/en/city.html?cityId=1829,http://worldweather.wmo.int/en/city.html?cityId=1829
WMO Register of Alerting Authorities,https://alertingauthority.wmo.int/authorities.php?recId=307,© World Meteorological Organization,https://old.wmo.int/extranet/pages/documents/wmo.vcf
WMO Register of Alerting Authorities,https://alertingauthority.wmo.int/authorities.php?recId=307,Copyright,https://public.wmo.int/en/copyright
WMO Register of Alerting Authorities,https://alertingauthority.wmo.int/authorities.php?recId=307,Privacy Policy,https://public.wmo.int/en/privacy-policy
WMO Register of Alerting Authorities,https://alertingauthority.wmo.int/authorities.php?recId=307,Disclaimer,https://public.wmo.int/en/disclaimer
WMO Register of Alerting Authorities,https://alertingauthority.wmo.int/authorities.php?recId=307,Map disclaimer,https://public.wmo.int/en/disclaimer#mapdisclaimer
WMO Register of Alerting Authorities,https://alertingauthority.wmo.int/authorities.php?recId=308,,https://public.wmo.int/en
WMO Register of Alerting Authorities,https://alertingauthority.wmo.int/authorities.php?recId=308,HOME,https://public.wmo.int/en
WMO Register of Alerting Authorities,https://alertingauthority.wmo.int/authorities.php?recId=308,WORLDWEATHER,https://worldweather.wmo.int
WMO Register of Alerting Authorities,https://alertingauthority.wmo.int/authorities.php?recId=308,SEVERE WEATHER,https://severeweather.wmo.int
WMO Register of Alerting Authorities,https://alertingauthority.wmo.int/authorities.php?recId=308,Public Weather Services,https://public.wmo.int/en/programmes/public-weather-services-programme
WMO Register of Alerting Authorities,https://alertingauthority.wmo.int/authorities.php?recId=308,please contact us,https://public.wmo.int/en/about-us/contact-us
WMO Register of Alerting Authorities,https://alertingauthority.wmo.int/authorities.php?recId=308,http://www.obsis.unb.br/integracao/public/feed/pt/rss.xml,http://www.obsis.unb.br/integracao/public/feed/pt/rss.xml
WMO Register of Alerting Authorities,https://alertingauthority.wmo.int/authorities.php?recId=308,© World Meteorological Organization,https://old.wmo.int/extranet/pages/documents/wmo.vcf
WMO Register of Alerting Authorities,https://alertingauthority.wmo.int/authorities.php?recId=308,Copyright,https://public.wmo.int/en/copyright
WMO Register of Alerting Authorities,https://alertingauthority.wmo.int/authorities.php?recId=308,Privacy Policy,https://public.wmo.int/en/privacy-policy
WMO Register of Alerting Authorities,https://alertingauthority.wmo.int/authorities.php?recId=308,Disclaimer,https://public.wmo.int/en/disclaimer
WMO Register of Alerting Authorities,https://alertingauthority.wmo.int/authorities.php?recId=308,Map disclaimer,https://public.wmo.int/en/disclaimer#mapdisclaimer
WMO Register of Alerting Authorities,https://alertingauthority.wmo.int/authorities.php?recId=309,,https://public.wmo.int/en
WMO Register of Alerting Authorities,https://alertingauthority.wmo.int/authorities.php?recId=309,HOME,https://public.wmo.int/en
WMO Register of Alerting Authorities,https://alertingauthority.wmo.int/authorities.php?recId=309,WORLDWEATHER,https://worldweather.wmo.int
WMO Register of Alerting Authorities,https://alertingauthority.wmo.int/authorities.php?recId=309,SEVERE WEATHER,https://severeweather.wmo.int
WMO Register of Alerting Authorities,https://alertingauthority.wmo.int/authorities.php?recId=309,Public Weather Services,https://public.wmo.int/en/programmes/public-weather-services-programme
WMO Register of Alerting Authorities,https://alertingauthority.wmo.int/authorities.php?recId=309,please contact us,https://public.wmo.int/en/about-us/contact-us
WMO Register of Alerting Authorities,https://alertingauthority.wmo.int/authorities.php?recId=309,https://alerts.weather.gov/cap/wwaatmget.php?x=PMZ153&y=1,https://alerts.weather.gov/cap/wwaatmget.php?x=PMZ153&y=1
WMO Register of Alerting Authorities,https://alertingauthority.wmo.int/authorities.php?recId=309,© World Meteorological Organization,https://old.wmo.int/extranet/pages/documents/wmo.vcf
WMO Register of Alerting Authorities,https://alertingauthority.wmo.int/authorities.php?recId=309,Copyright,https://public.wmo.int/en/copyright
WMO Register of Alerting Authorities,https://alertingauthority.wmo.int/authorities.php?recId=309,Privacy Policy,https://public.wmo.int/en/privacy-policy
WMO Register of Alerting Authorities,https://alertingauthority.wmo.int/authorities.php?recId=309,Disclaimer,https://public.wmo.int/en/disclaimer
WMO Register of Alerting Authorities,https://alertingauthority.wmo.int/authorities.php?recId=309,Map disclaimer,https://public.wmo.int/en/disclaimer#mapdisclaimer
WMO Register of Alerting Authorities,https://alertingauthority.wmo.int/authorities.php?recId=310,,https://public.wmo.int/en
WMO Register of Alerting Authorities,https://alertingauthority.wmo.int/authorities.php?recId=310,HOME,https://public.wmo.int/en
WMO Register of Alerting Authorities,https://alertingauthority.wmo.int/authorities.php?recId=310,WORLDWEATHER,https://worldweather.wmo.int
WMO Register of Alerting Authorities,https://alertingauthority.wmo.int/authorities.php?recId=310,SEVERE WEATHER,https://severeweather.wmo.int
WMO Register of Alerting Authorities,https://alertingauthority.wmo.int/authorities.php?recId=310,Public Weather Services,https://public.wmo.int/en/programmes/public-weather-services-programme
WMO Register of Alerting Authorities,https://alertingauthority.wmo.int/authorities.php?recId=310,please contact us,https://public.wmo.int/en/about-us/contact-us
WMO Register of Alerting Authorities,https://alertingauthority.wmo.int/authorities.php?recId=310,https://feeds.meteoalarm.org/feeds/meteoalarm-legacy-atom-andorra,https://feeds.meteoalarm.org/feeds/meteoalarm-legacy-atom-andorra
WMO Register of Alerting Authorities,https://alertingauthority.wmo.int/authorities.php?recId=310,https://feeds.meteoalarm.org/feeds/meteoalarm-legacy-atom-andorra,https://feeds.meteoalarm.org/feeds/meteoalarm-legacy-atom-andorra
WMO Register of Alerting Authorities,https://alertingauthority.wmo.int/authorities.php?recId=310,https://feeds.meteoalarm.org/feeds/meteoalarm-legacy-atom-andorra,https://feeds.meteoalarm.org/feeds/meteoalarm-legacy-atom-andorra
WMO Register of Alerting Authorities,https://alertingauthority.wmo.int/authorities.php?recId=310,https://feeds.meteoalarm.org/feeds/meteoalarm-legacy-atom-andorra,https://feeds.meteoalarm.org/feeds/meteoalarm-legacy-atom-andorra
WMO Register of Alerting Authorities,https://alertingauthority.wmo.int/authorities.php?recId=310,© World Meteorological Organization,https://old.wmo.int/extranet/pages/documents/wmo.vcf
WMO Register of Alerting Authorities,https://alertingauthority.wmo.int/authorities.php?recId=310,Copyright,https://public.wmo.int/en/copyright
WMO Register of Alerting Authorities,https://alertingauthority.wmo.int/authorities.php?recId=310,Privacy Policy,https://public.wmo.int/en/privacy-policy
WMO Register of Alerting Authorities,https://alertingauthority.wmo.int/authorities.php?recId=310,Disclaimer,https://public.wmo.int/en/disclaimer
WMO Register of Alerting Authorities,https://alertingauthority.wmo.int/authorities.php?recId=310,Map disclaimer,https://public.wmo.int/en/disclaimer#mapdisclaimer
WMO Register of Alerting Authorities,https://alertingauthority.wmo.int/authorities.php?recId=311,,https://public.wmo.int/en
WMO Register of Alerting Authorities,https://alertingauthority.wmo.int/authorities.php?recId=311,HOME,https://public.wmo.int/en
WMO Register of Alerting Authorities,https://alertingauthority.wmo.int/authorities.php?recId=311,WORLDWEATHER,https://worldweather.wmo.int
WMO Register of Alerting Authorities,https://alertingauthority.wmo.int/authorities.php?recId=311,SEVERE WEATHER,https://severeweather.wmo.int
WMO Register of Alerting Authorities,https://alertingauthority.wmo.int/authorities.php?recId=311,Public Weather Services,https://public.wmo.int/en/programmes/public-weather-services-programme
WMO Register of Alerting Authorities,https://alertingauthority.wmo.int/authorities.php?recId=311,please contact us,https://public.wmo.int/en/about-us/contact-us
WMO Register of Alerting Authorities,https://alertingauthority.wmo.int/authorities.php?recId=311,https://atg-primary.capews.com/capews/public/atom?type=cap,https://atg-primary.capews.com/capews/public/atom?type=cap
WMO Register of Alerting Authorities,https://alertingauthority.wmo.int/authorities.php?recId=311,http://antiguamet.com/,http://antiguamet.com/
WMO Register of Alerting Authorities,https://alertingauthority.wmo.int/authorities.php?recId=311,© World Meteorological Organization,https://old.wmo.int/extranet/pages/documents/wmo.vcf
WMO Register of Alerting Authorities,https://alertingauthority.wmo.int/authorities.php?recId=311,Copyright,https://public.wmo.int/en/copyright
WMO Register of Alerting Authorities,https://alertingauthority.wmo.int/authorities.php?recId=311,Privacy Policy,https://public.wmo.int/en/privacy-policy
WMO Register of Alerting Authorities,https://alertingauthority.wmo.int/authorities.php?recId=311,Disclaimer,https://public.wmo.int/en/disclaimer
WMO Register of Alerting Authorities,https://alertingauthority.wmo.int/authorities.php?recId=311,Map disclaimer,https://public.wmo.int/en/disclaimer#mapdisclaimer
WMO Register of Alerting Authorities,https://alertingauthority.wmo.int/authorities.php?recId=312,,https://public.wmo.int/en
WMO Register of Alerting Authorities,https://alertingauthority.wmo.int/authorities.php?recId=312,HOME,https://public.wmo.int/en
WMO Register of Alerting Authorities,https://alertingauthority.wmo.int/authorities.php?recId=312,WORLDWEATHER,https://worldweather.wmo.int
WMO Register of Alerting Authorities,https://alertingauthority.wmo.int/authorities.php?recId=312,SEVERE WEATHER,https://severeweather.wmo.int
WMO Register of Alerting Authorities,https://alertingauthority.wmo.int/authorities.php?recId=312,Public Weather Services,https://public.wmo.int/en/programmes/public-weather-services-programme
WMO Register of Alerting Authorities,https://alertingauthority.wmo.int/authorities.php?recId=312,please contact us,https://public.wmo.int/en/about-us/contact-us
WMO Register of Alerting Authorities,https://alertingauthority.wmo.int/authorities.php?recId=312,© World Meteorological Organization,https://old.wmo.int/extranet/pages/documents/wmo.vcf
WMO Register of Alerting Authorities,https://alertingauthority.wmo.int/authorities.php?recId=312,Copyright,https://public.wmo.int/en/copyright
WMO Register of Alerting Authorities,https://alertingauthority.wmo.int/authorities.php?recId=312,Privacy Policy,https://public.wmo.int/en/privacy-policy
WMO Register of Alerting Authorities,https://alertingauthority.wmo.int/authorities.php?recId=312,Disclaimer,https://public.wmo.int/en/disclaimer
WMO Register of Alerting Authorities,https://alertingauthority.wmo.int/authorities.php?recId=312,Map disclaimer,https://public.wmo.int/en/disclaimer#mapdisclaimer
WMO Register of Alerting Authorities,https://alertingauthority.wmo.int/authorities.php?recId=313,,https://public.wmo.int/en
WMO Register of Alerting Authorities,https://alertingauthority.wmo.int/authorities.php?recId=313,HOME,https://public.wmo.int/en
WMO Register of Alerting Authorities,https://alertingauthority.wmo.int/authorities.php?recId=313,WORLDWEATHER,https://worldweather.wmo.int
WMO Register of Alerting Authorities,https://alertingauthority.wmo.int/authorities.php?recId=313,SEVERE WEATHER,https://severeweather.wmo.int
WMO Register of Alerting Authorities,https://alertingauthority.wmo.int/authorities.php?recId=313,Public Weather Services,https://public.wmo.int/en/programmes/public-weather-services-programme
WMO Register of Alerting Authorities,https://alertingauthority.wmo.int/authorities.php?recId=313,please contact us,https://public.wmo.int/en/about-us/contact-us
WMO Register of Alerting Authorities,https://alertingauthority.wmo.int/authorities.php?recId=313,© World Meteorological Organization,https://old.wmo.int/extranet/pages/documents/wmo.vcf
WMO Register of Alerting Authorities,https://alertingauthority.wmo.int/authorities.php?recId=313,Copyright,https://public.wmo.int/en/copyright
WMO Register of Alerting Authorities,https://alertingauthority.wmo.int/authorities.php?recId=313,Privacy Policy,https://public.wmo.int/en/privacy-policy
WMO Register of Alerting Authorities,https://alertingauthority.wmo.int/authorities.php?recId=313,Disclaimer,https://public.wmo.int/en/disclaimer
WMO Register of Alerting Authorities,https://alertingauthority.wmo.int/authorities.php?recId=313,Map disclaimer,https://public.wmo.int/en/disclaimer#mapdisclaimer
WMO Register of Alerting Authorities,https://alertingauthority.wmo.int/authorities.php?recId=314,,https://public.wmo.int/en
WMO Register of Alerting Authorities,https://alertingauthority.wmo.int/authorities.php?recId=314,HOME,https://public.wmo.int/en
WMO Register of Alerting Authorities,https://alertingauthority.wmo.int/authorities.php?recId=314,WORLDWEATHER,https://worldweather.wmo.int
WMO Register of Alerting Authorities,https://alertingauthority.wmo.int/authorities.php?recId=314,SEVERE WEATHER,https://severeweather.wmo.int
WMO Register of Alerting Authorities,https://alertingauthority.wmo.int/authorities.php?recId=314,Public Weather Services,https://public.wmo.int/en/programmes/public-weather-services-programme
WMO Register of Alerting Authorities,https://alertingauthority.wmo.int/authorities.php?recId=314,please contact us,https://public.wmo.int/en/about-us/contact-us
WMO Register of Alerting Authorities,https://alertingauthority.wmo.int/authorities.php?recId=314,https://cap-sources.s3.amazonaws.com/tz-tma-en/rss.xml,https://cap-sources.s3.amazonaws.com/tz-tma-en/rss.xml
WMO Register of Alerting Authorities,https://alertingauthority.wmo.int/authorities.php?recId=314,https://www.pmo.go.tz,https://www.pmo.go.tz
WMO Register of Alerting Authorities,https://alertingauthority.wmo.int/authorities.php?recId=314,© World Meteorological Organization,https://old.wmo.int/extranet/pages/documents/wmo.vcf
WMO Register of Alerting Authorities,https://alertingauthority.wmo.int/authorities.php?recId=314,Copyright,https://public.wmo.int/en/copyright
WMO Register of Alerting Authorities,https://alertingauthority.wmo.int/authorities.php?recId=314,Privacy Policy,https://public.wmo.int/en/privacy-policy
WMO Register of Alerting Authorities,https://alertingauthority.wmo.int/authorities.php?recId=314,Disclaimer,https://public.wmo.int/en/disclaimer
WMO Register of Alerting Authorities,https://alertingauthority.wmo.int/authorities.php?recId=314,Map disclaimer,https://public.wmo.int/en/disclaimer#mapdisclaimer
WMO Register of Alerting Authorities,https://alertingauthority.wmo.int/authorities.php?recId=315,,https://public.wmo.int/en
WMO Register of Alerting Authorities,https://alertingauthority.wmo.int/authorities.php?recId=315,HOME,https://public.wmo.int/en
WMO Register of Alerting Authorities,https://alertingauthority.wmo.int/authorities.php?recId=315,WORLDWEATHER,https://worldweather.wmo.int
WMO Register of Alerting Authorities,https://alertingauthority.wmo.int/authorities.php?recId=315,SEVERE WEATHER,https://severeweather.wmo.int
WMO Register of Alerting Authorities,https://alertingauthority.wmo.int/authorities.php?recId=315,Public Weather Services,https://public.wmo.int/en/programmes/public-weather-services-programme
WMO Register of Alerting Authorities,https://alertingauthority.wmo.int/authorities.php?recId=315,please contact us,https://public.wmo.int/en/about-us/contact-us
WMO Register of Alerting Authorities,https://alertingauthority.wmo.int/authorities.php?recId=315,https://cap-sources.s3.amazonaws.com/uk-bviddm-en/rss.xml,https://cap-sources.s3.amazonaws.com/uk-bviddm-en/rss.xml
WMO Register of Alerting Authorities,https://alertingauthority.wmo.int/authorities.php?recId=315,http://www.antiguamet.com/,http://www.antiguamet.com/
WMO Register of Alerting Authorities,https://alertingauthority.wmo.int/authorities.php?recId=315,© World Meteorological Organization,https://old.wmo.int/extranet/pages/documents/wmo.vcf
WMO Register of Alerting Authorities,https://alertingauthority.wmo.int/authorities.php?recId=315,Copyright,https://public.wmo.int/en/copyright
WMO Register of Alerting Authorities,https://alertingauthority.wmo.int/authorities.php?recId=315,Privacy Policy,https://public.wmo.int/en/privacy-policy
WMO Register of Alerting Authorities,https://alertingauthority.wmo.int/authorities.php?recId=315,Disclaimer,https://public.wmo.int/en/disclaimer
WMO Register of Alerting Authorities,https://alertingauthority.wmo.int/authorities.php?recId=315,Map disclaimer,https://public.wmo.int/en/disclaimer#mapdisclaimer
WMO Register of Alerting Authorities,https://alertingauthority.wmo.int/authorities.php?recId=316,,https://public.wmo.int/en
WMO Register of Alerting Authorities,https://alertingauthority.wmo.int/authorities.php?recId=316,HOME,https://public.wmo.int/en
WMO Register of Alerting Authorities,https://alertingauthority.wmo.int/authorities.php?recId=316,WORLDWEATHER,https://worldweather.wmo.int
WMO Register of Alerting Authorities,https://alertingauthority.wmo.int/authorities.php?recId=316,SEVERE WEATHER,https://severeweather.wmo.int
WMO Register of Alerting Authorities,https://alertingauthority.wmo.int/authorities.php?recId=316,Public Weather Services,https://public.wmo.int/en/programmes/public-weather-services-programme
WMO Register of Alerting Authorities,https://alertingauthority.wmo.int/authorities.php?recId=316,please contact us,https://public.wmo.int/en/about-us/contact-us
WMO Register of Alerting Authorities,https://alertingauthority.wmo.int/authorities.php?recId=316,https://meteotogo.tg/api/cap/rss.xml,https://meteotogo.tg/api/cap/rss.xml
WMO Register of Alerting Authorities,https://alertingauthority.wmo.int/authorities.php?recId=316,https://meteotogo.tg/api/cap/rss.xml,https://meteotogo.tg/api/cap/rss.xml
WMO Register of Alerting Authorities,https://alertingauthority.wmo.int/authorities.php?recId=316,https://meteotogo.tg,https://meteotogo.tg
WMO Register of Alerting Authorities,https://alertingauthority.wmo.int/authorities.php?recId=316,© World Meteorological Organization,https://old.wmo.int/extranet/pages/documents/wmo.vcf
WMO Register of Alerting Authorities,https://alertingauthority.wmo.int/authorities.php?recId=316,Copyright,https://public.wmo.int/en/copyright
WMO Register of Alerting Authorities,https://alertingauthority.wmo.int/authorities.php?recId=316,Privacy Policy,https://public.wmo.int/en/privacy-policy
WMO Register of Alerting Authorities,https://alertingauthority.wmo.int/authorities.php?recId=316,Disclaimer,https://public.wmo.int/en/disclaimer
WMO Register of Alerting Authorities,https://alertingauthority.wmo.int/authorities.php?recId=316,Map disclaimer,https://public.wmo.int/en/disclaimer#mapdisclaimer
WMO Register of Alerting Authorities,https://alertingauthority.wmo.int/authorities.php?recId=317,,https://public.wmo.int/en
WMO Register of Alerting Authorities,https://alertingauthority.wmo.int/authorities.php?recId=317,HOME,https://public.wmo.int/en
WMO Register of Alerting Authorities,https://alertingauthority.wmo.int/authorities.php?recId=317,WORLDWEATHER,https://worldweather.wmo.int
WMO Register of Alerting Authorities,https://alertingauthority.wmo.int/authorities.php?recId=317,SEVERE WEATHER,https://severeweather.wmo.int
WMO Register of Alerting Authorities,https://alertingauthority.wmo.int/authorities.php?recId=317,Public Weather Services,https://public.wmo.int/en/programmes/public-weather-services-programme
WMO Register of Alerting Authorities,https://alertingauthority.wmo.int/authorities.php?recId=317,please contact us,https://public.wmo.int/en/about-us/contact-us
WMO Register of Alerting Authorities,https://alertingauthority.wmo.int/authorities.php?recId=317,https://cap-sources.s3.amazonaws.com/tl-dnmg-en/rss.xml,https://cap-sources.s3.amazonaws.com/tl-dnmg-en/rss.xml
WMO Register of Alerting Authorities,https://alertingauthority.wmo.int/authorities.php?recId=317,https://cap-sources.s3.amazonaws.com/tl-dnmg-pt/rss.xml,https://cap-sources.s3.amazonaws.com/tl-dnmg-pt/rss.xml
WMO Register of Alerting Authorities,https://alertingauthority.wmo.int/authorities.php?recId=317,https://cap-sources.s3.amazonaws.com/tl-dnmg-en/rss.xml,https://cap-sources.s3.amazonaws.com/tl-dnmg-en/rss.xml 
WMO Register of Alerting Authorities,https://alertingauthority.wmo.int/authorities.php?recId=317,© World Meteorological Organization,https://old.wmo.int/extranet/pages/documents/wmo.vcf
WMO Register of Alerting Authorities,https://alertingauthority.wmo.int/authorities.php?recId=317,Copyright,https://public.wmo.int/en/copyright
WMO Register of Alerting Authorities,https://alertingauthority.wmo.int/authorities.php?recId=317,Privacy Policy,https://public.wmo.int/en/privacy-policy
WMO Register of Alerting Authorities,https://alertingauthority.wmo.int/authorities.php?recId=317,Disclaimer,https://public.wmo.int/en/disclaimer
WMO Register of Alerting Authorities,https://alertingauthority.wmo.int/authorities.php?recId=317,Map disclaimer,https://public.wmo.int/en/disclaimer#mapdisclaimer
WMO Register of Alerting Authorities,https://alertingauthority.wmo.int/authorities.php?recId=318,,https://public.wmo.int/en
WMO Register of Alerting Authorities,https://alertingauthority.wmo.int/authorities.php?recId=318,HOME,https://public.wmo.int/en
WMO Register of Alerting Authorities,https://alertingauthority.wmo.int/authorities.php?recId=318,WORLDWEATHER,https://worldweather.wmo.int
WMO Register of Alerting Authorities,https://alertingauthority.wmo.int/authorities.php?recId=318,SEVERE WEATHER,https://severeweather.wmo.int
WMO Register of Alerting Authorities,https://alertingauthority.wmo.int/authorities.php?recId=318,Public Weather Services,https://public.wmo.int/en/programmes/public-weather-services-programme
WMO Register of Alerting Authorities,https://alertingauthority.wmo.int/authorities.php?recId=318,please contact us,https://public.wmo.int/en/about-us/contact-us
WMO Register of Alerting Authorities,https://alertingauthority.wmo.int/authorities.php?recId=318,https://www.meteo.gov.gh/api/cap/rss.xml,https://www.meteo.gov.gh/api/cap/rss.xml
WMO Register of Alerting Authorities,https://alertingauthority.wmo.int/authorities.php?recId=318,https://www.meteo.gov.gh,https://www.meteo.gov.gh
WMO Register of Alerting Authorities,https://alertingauthority.wmo.int/authorities.php?recId=318,© World Meteorological Organization,https://old.wmo.int/extranet/pages/documents/wmo.vcf
WMO Register of Alerting Authorities,https://alertingauthority.wmo.int/authorities.php?recId=318,Copyright,https://public.wmo.int/en/copyright
WMO Register of Alerting Authorities,https://alertingauthority.wmo.int/authorities.php?recId=318,Privacy Policy,https://public.wmo.int/en/privacy-policy
WMO Register of Alerting Authorities,https://alertingauthority.wmo.int/authorities.php?recId=318,Disclaimer,https://public.wmo.int/en/disclaimer
WMO Register of Alerting Authorities,https://alertingauthority.wmo.int/authorities.php?recId=318,Map disclaimer,https://public.wmo.int/en/disclaimer#mapdisclaimer
WMO Register of Alerting Authorities,https://alertingauthority.wmo.int/authorities.php?recId=319,,https://public.wmo.int/en
WMO Register of Alerting Authorities,https://alertingauthority.wmo.int/authorities.php?recId=319,HOME,https://public.wmo.int/en
WMO Register of Alerting Authorities,https://alertingauthority.wmo.int/authorities.php?recId=319,WORLDWEATHER,https://worldweather.wmo.int
WMO Register of Alerting Authorities,https://alertingauthority.wmo.int/authorities.php?recId=319,SEVERE WEATHER,https://severeweather.wmo.int
WMO Register of Alerting Authorities,https://alertingauthority.wmo.int/authorities.php?recId=319,Public Weather Services,https://public.wmo.int/en/programmes/public-weather-services-programme
WMO Register of Alerting Authorities,https://alertingauthority.wmo.int/authorities.php?recId=319,please contact us,https://public.wmo.int/en/about-us/contact-us
WMO Register of Alerting Authorities,https://alertingauthority.wmo.int/authorities.php?recId=319,https://slmet.gov.sl/api/cap/rss.xml,https://slmet.gov.sl/api/cap/rss.xml
WMO Register of Alerting Authorities,https://alertingauthority.wmo.int/authorities.php?recId=319,https://slmet.gov.sl,https://slmet.gov.sl
WMO Register of Alerting Authorities,https://alertingauthority.wmo.int/authorities.php?recId=319,© World Meteorological Organization,https://old.wmo.int/extranet/pages/documents/wmo.vcf
WMO Register of Alerting Authorities,https://alertingauthority.wmo.int/authorities.php?recId=319,Copyright,https://public.wmo.int/en/copyright
WMO Register of Alerting Authorities,https://alertingauthority.wmo.int/authorities.php?recId=319,Privacy Policy,https://public.wmo.int/en/privacy-policy
WMO Register of Alerting Authorities,https://alertingauthority.wmo.int/authorities.php?recId=319,Disclaimer,https://public.wmo.int/en/disclaimer
WMO Register of Alerting Authorities,https://alertingauthority.wmo.int/authorities.php?recId=319,Map disclaimer,https://public.wmo.int/en/disclaimer#mapdisclaimer
WMO Register of Alerting Authorities,https://alertingauthority.wmo.int/authorities.php?recId=320,,https://public.wmo.int/en
WMO Register of Alerting Authorities,https://alertingauthority.wmo.int/authorities.php?recId=320,HOME,https://public.wmo.int/en
WMO Register of Alerting Authorities,https://alertingauthority.wmo.int/authorities.php?recId=320,WORLDWEATHER,https://worldweather.wmo.int
WMO Register of Alerting Authorities,https://alertingauthority.wmo.int/authorities.php?recId=320,SEVERE WEATHER,https://severeweather.wmo.int
WMO Register of Alerting Authorities,https://alertingauthority.wmo.int/authorities.php?recId=320,Public Weather Services,https://public.wmo.int/en/programmes/public-weather-services-programme
WMO Register of Alerting Authorities,https://alertingauthority.wmo.int/authorities.php?recId=320,please contact us,https://public.wmo.int/en/about-us/contact-us
WMO Register of Alerting Authorities,https://alertingauthority.wmo.int/authorities.php?recId=320,https://www.gov.im/weather,https://www.gov.im/weather
WMO Register of Alerting Authorities,https://alertingauthority.wmo.int/authorities.php?recId=320,© World Meteorological Organization,https://old.wmo.int/extranet/pages/documents/wmo.vcf
WMO Register of Alerting Authorities,https://alertingauthority.wmo.int/authorities.php?recId=320,Copyright,https://public.wmo.int/en/copyright
WMO Register of Alerting Authorities,https://alertingauthority.wmo.int/authorities.php?recId=320,Privacy Policy,https://public.wmo.int/en/privacy-policy
WMO Register of Alerting Authorities,https://alertingauthority.wmo.int/authorities.php?recId=320,Disclaimer,https://public.wmo.int/en/disclaimer
WMO Register of Alerting Authorities,https://alertingauthority.wmo.int/authorities.php?recId=320,Map disclaimer,https://public.wmo.int/en/disclaimer#mapdisclaimer
WMO Register of Alerting Authorities,https://alertingauthority.wmo.int/authorities.php?recId=321,,https://public.wmo.int/en
WMO Register of Alerting Authorities,https://alertingauthority.wmo.int/authorities.php?recId=321,HOME,https://public.wmo.int/en
WMO Register of Alerting Authorities,https://alertingauthority.wmo.int/authorities.php?recId=321,WORLDWEATHER,https://worldweather.wmo.int
WMO Register of Alerting Authorities,https://alertingauthority.wmo.int/authorities.php?recId=321,SEVERE WEATHER,https://severeweather.wmo.int
WMO Register of Alerting Authorities,https://alertingauthority.wmo.int/authorities.php?recId=321,Public Weather Services,https://public.wmo.int/en/programmes/public-weather-services-programme
WMO Register of Alerting Authorities,https://alertingauthority.wmo.int/authorities.php?recId=321,please contact us,https://public.wmo.int/en/about-us/contact-us
WMO Register of Alerting Authorities,https://alertingauthority.wmo.int/authorities.php?recId=321,https://naturalresources.wales/flooding/?lang=en,https://naturalresources.wales/flooding/?lang=en
WMO Register of Alerting Authorities,https://alertingauthority.wmo.int/authorities.php?recId=321,© World Meteorological Organization,https://old.wmo.int/extranet/pages/documents/wmo.vcf
WMO Register of Alerting Authorities,https://alertingauthority.wmo.int/authorities.php?recId=321,Copyright,https://public.wmo.int/en/copyright
WMO Register of Alerting Authorities,https://alertingauthority.wmo.int/authorities.php?recId=321,Privacy Policy,https://public.wmo.int/en/privacy-policy
WMO Register of Alerting Authorities,https://alertingauthority.wmo.int/authorities.php?recId=321,Disclaimer,https://public.wmo.int/en/disclaimer
WMO Register of Alerting Authorities,https://alertingauthority.wmo.int/authorities.php?recId=321,Map disclaimer,https://public.wmo.int/en/disclaimer#mapdisclaimer
WMO Register of Alerting Authorities,https://alertingauthority.wmo.int/authorities.php?recId=322,,https://public.wmo.int/en
WMO Register of Alerting Authorities,https://alertingauthority.wmo.int/authorities.php?recId=322,HOME,https://public.wmo.int/en
WMO Register of Alerting Authorities,https://alertingauthority.wmo.int/authorities.php?recId=322,WORLDWEATHER,https://worldweather.wmo.int
WMO Register of Alerting Authorities,https://alertingauthority.wmo.int/authorities.php?recId=322,SEVERE WEATHER,https://severeweather.wmo.int
WMO Register of Alerting Authorities,https://alertingauthority.wmo.int/authorities.php?recId=322,Public Weather Services,https://public.wmo.int/en/programmes/public-weather-services-programme
WMO Register of Alerting Authorities,https://alertingauthority.wmo.int/authorities.php?recId=322,please contact us,https://public.wmo.int/en/about-us/contact-us
WMO Register of Alerting Authorities,https://alertingauthority.wmo.int/authorities.php?recId=322,http://weather.bm/,http://weather.bm/
WMO Register of Alerting Authorities,https://alertingauthority.wmo.int/authorities.php?recId=322,© World Meteorological Organization,https://old.wmo.int/extranet/pages/documents/wmo.vcf
WMO Register of Alerting Authorities,https://alertingauthority.wmo.int/authorities.php?recId=322,Copyright,https://public.wmo.int/en/copyright
WMO Register of Alerting Authorities,https://alertingauthority.wmo.int/authorities.php?recId=322,Privacy Policy,https://public.wmo.int/en/privacy-policy
WMO Register of Alerting Authorities,https://alertingauthority.wmo.int/authorities.php?recId=322,Disclaimer,https://public.wmo.int/en/disclaimer
WMO Register of Alerting Authorities,https://alertingauthority.wmo.int/authorities.php?recId=322,Map disclaimer,https://public.wmo.int/en/disclaimer#mapdisclaimer
WMO Register of Alerting Authorities,https://alertingauthority.wmo.int/authorities.php?recId=323,,https://public.wmo.int/en
WMO Register of Alerting Authorities,https://alertingauthority.wmo.int/authorities.php?recId=323,HOME,https://public.wmo.int/en
WMO Register of Alerting Authorities,https://alertingauthority.wmo.int/authorities.php?recId=323,WORLDWEATHER,https://worldweather.wmo.int
WMO Register of Alerting Authorities,https://alertingauthority.wmo.int/authorities.php?recId=323,SEVERE WEATHER,https://severeweather.wmo.int
WMO Register of Alerting Authorities,https://alertingauthority.wmo.int/authorities.php?recId=323,Public Weather Services,https://public.wmo.int/en/programmes/public-weather-services-programme
WMO Register of Alerting Authorities,https://alertingauthority.wmo.int/authorities.php?recId=323,please contact us,https://public.wmo.int/en/about-us/contact-us
WMO Register of Alerting Authorities,https://alertingauthority.wmo.int/authorities.php?recId=323,https://www.gov.je/weather/,https://www.gov.je/weather/
WMO Register of Alerting Authorities,https://alertingauthority.wmo.int/authorities.php?recId=323,© World Meteorological Organization,https://old.wmo.int/extranet/pages/documents/wmo.vcf
WMO Register of Alerting Authorities,https://alertingauthority.wmo.int/authorities.php?recId=323,Copyright,https://public.wmo.int/en/copyright
WMO Register of Alerting Authorities,https://alertingauthority.wmo.int/authorities.php?recId=323,Privacy Policy,https://public.wmo.int/en/privacy-policy
WMO Register of Alerting Authorities,https://alertingauthority.wmo.int/authorities.php?recId=323,Disclaimer,https://public.wmo.int/en/disclaimer
WMO Register of Alerting Authorities,https://alertingauthority.wmo.int/authorities.php?recId=323,Map disclaimer,https://public.wmo.int/en/disclaimer#mapdisclaimer
WMO Register of Alerting Authorities,https://alertingauthority.wmo.int/authorities.php?recId=324,,https://public.wmo.int/en
WMO Register of Alerting Authorities,https://alertingauthority.wmo.int/authorities.php?recId=324,HOME,https://public.wmo.int/en
WMO Register of Alerting Authorities,https://alertingauthority.wmo.int/authorities.php?recId=324,WORLDWEATHER,https://worldweather.wmo.int
WMO Register of Alerting Authorities,https://alertingauthority.wmo.int/authorities.php?recId=324,SEVERE WEATHER,https://severeweather.wmo.int
WMO Register of Alerting Authorities,https://alertingauthority.wmo.int/authorities.php?recId=324,Public Weather Services,https://public.wmo.int/en/programmes/public-weather-services-programme
WMO Register of Alerting Authorities,https://alertingauthority.wmo.int/authorities.php?recId=324,please contact us,https://public.wmo.int/en/about-us/contact-us
WMO Register of Alerting Authorities,https://alertingauthority.wmo.int/authorities.php?recId=324,© World Meteorological Organization,https://old.wmo.int/extranet/pages/documents/wmo.vcf
WMO Register of Alerting Authorities,https://alertingauthority.wmo.int/authorities.php?recId=324,Copyright,https://public.wmo.int/en/copyright
WMO Register of Alerting Authorities,https://alertingauthority.wmo.int/authorities.php?recId=324,Privacy Policy,https://public.wmo.int/en/privacy-policy
WMO Register of Alerting Authorities,https://alertingauthority.wmo.int/authorities.php?recId=324,Disclaimer,https://public.wmo.int/en/disclaimer
WMO Register of Alerting Authorities,https://alertingauthority.wmo.int/authorities.php?recId=324,Map disclaimer,https://public.wmo.int/en/disclaimer#mapdisclaimer
WMO Register of Alerting Authorities,https://alertingauthority.wmo.int/authorities.php?recId=325,,https://public.wmo.int/en
WMO Register of Alerting Authorities,https://alertingauthority.wmo.int/authorities.php?recId=325,HOME,https://public.wmo.int/en
WMO Register of Alerting Authorities,https://alertingauthority.wmo.int/authorities.php?recId=325,WORLDWEATHER,https://worldweather.wmo.int
WMO Register of Alerting Authorities,https://alertingauthority.wmo.int/authorities.php?recId=325,SEVERE WEATHER,https://severeweather.wmo.int
WMO Register of Alerting Authorities,https://alertingauthority.wmo.int/authorities.php?recId=325,Public Weather Services,https://public.wmo.int/en/programmes/public-weather-services-programme
WMO Register of Alerting Authorities,https://alertingauthority.wmo.int/authorities.php?recId=325,please contact us,https://public.wmo.int/en/about-us/contact-us
WMO Register of Alerting Authorities,https://alertingauthority.wmo.int/authorities.php?recId=325,© World Meteorological Organization,https://old.wmo.int/extranet/pages/documents/wmo.vcf
WMO Register of Alerting Authorities,https://alertingauthority.wmo.int/authorities.php?recId=325,Copyright,https://public.wmo.int/en/copyright
WMO Register of Alerting Authorities,https://alertingauthority.wmo.int/authorities.php?recId=325,Privacy Policy,https://public.wmo.int/en/privacy-policy
WMO Register of Alerting Authorities,https://alertingauthority.wmo.int/authorities.php?recId=325,Disclaimer,https://public.wmo.int/en/disclaimer
WMO Register of Alerting Authorities,https://alertingauthority.wmo.int/authorities.php?recId=325,Map disclaimer,https://public.wmo.int/en/disclaimer#mapdisclaimer
WMO Register of Alerting Authorities,https://alertingauthority.wmo.int/authorities.php?recId=326,,https://public.wmo.int/en
WMO Register of Alerting Authorities,https://alertingauthority.wmo.int/authorities.php?recId=326,HOME,https://public.wmo.int/en
WMO Register of Alerting Authorities,https://alertingauthority.wmo.int/authorities.php?recId=326,WORLDWEATHER,https://worldweather.wmo.int
WMO Register of Alerting Authorities,https://alertingauthority.wmo.int/authorities.php?recId=326,SEVERE WEATHER,https://severeweather.wmo.int
WMO Register of Alerting Authorities,https://alertingauthority.wmo.int/authorities.php?recId=326,Public Weather Services,https://public.wmo.int/en/programmes/public-weather-services-programme
WMO Register of Alerting Authorities,https://alertingauthority.wmo.int/authorities.php?recId=326,please contact us,https://public.wmo.int/en/about-us/contact-us
WMO Register of Alerting Authorities,https://alertingauthority.wmo.int/authorities.php?recId=326,https://www.alert-hub.org/feedFacade/sourcefeed/feed/vc-ms-en,https://www.alert-hub.org/feedFacade/sourcefeed/feed/vc-ms-en
WMO Register of Alerting Authorities,https://alertingauthority.wmo.int/authorities.php?recId=326,http://meteo.gov.vc/meteo/index.php/latest-forecast,http://meteo.gov.vc/meteo/index.php/latest-forecast
WMO Register of Alerting Authorities,https://alertingauthority.wmo.int/authorities.php?recId=326,© World Meteorological Organization,https://old.wmo.int/extranet/pages/documents/wmo.vcf
WMO Register of Alerting Authorities,https://alertingauthority.wmo.int/authorities.php?recId=326,Copyright,https://public.wmo.int/en/copyright
WMO Register of Alerting Authorities,https://alertingauthority.wmo.int/authorities.php?recId=326,Privacy Policy,https://public.wmo.int/en/privacy-policy
WMO Register of Alerting Authorities,https://alertingauthority.wmo.int/authorities.php?recId=326,Disclaimer,https://public.wmo.int/en/disclaimer
WMO Register of Alerting Authorities,https://alertingauthority.wmo.int/authorities.php?recId=326,Map disclaimer,https://public.wmo.int/en/disclaimer#mapdisclaimer
WMO Register of Alerting Authorities,https://alertingauthority.wmo.int/authorities.php?recId=327,,https://public.wmo.int/en
WMO Register of Alerting Authorities,https://alertingauthority.wmo.int/authorities.php?recId=327,HOME,https://public.wmo.int/en
WMO Register of Alerting Authorities,https://alertingauthority.wmo.int/authorities.php?recId=327,WORLDWEATHER,https://worldweather.wmo.int
WMO Register of Alerting Authorities,https://alertingauthority.wmo.int/authorities.php?recId=327,SEVERE WEATHER,https://severeweather.wmo.int
WMO Register of Alerting Authorities,https://alertingauthority.wmo.int/authorities.php?recId=327,Public Weather Services,https://public.wmo.int/en/programmes/public-weather-services-programme
WMO Register of Alerting Authorities,https://alertingauthority.wmo.int/authorities.php?recId=327,please contact us,https://public.wmo.int/en/about-us/contact-us
WMO Register of Alerting Authorities,https://alertingauthority.wmo.int/authorities.php?recId=327,https://www.alert-hub.org/feedFacade/sourcefeed/feed/vc-ms-en,https://www.alert-hub.org/feedFacade/sourcefeed/feed/vc-ms-en
WMO Register of Alerting Authorities,https://alertingauthority.wmo.int/authorities.php?recId=327,http://meteo.gov.vc/meteo/index.php/latest-forecast,http://meteo.gov.vc/meteo/index.php/latest-forecast
WMO Register of Alerting Authorities,https://alertingauthority.wmo.int/authorities.php?recId=327,© World Meteorological Organization,https://old.wmo.int/extranet/pages/documents/wmo.vcf
WMO Register of Alerting Authorities,https://alertingauthority.wmo.int/authorities.php?recId=327,Copyright,https://public.wmo.int/en/copyright
WMO Register of Alerting Authorities,https://alertingauthority.wmo.int/authorities.php?recId=327,Privacy Policy,https://public.wmo.int/en/privacy-policy
WMO Register of Alerting Authorities,https://alertingauthority.wmo.int/authorities.php?recId=327,Disclaimer,https://public.wmo.int/en/disclaimer
WMO Register of Alerting Authorities,https://alertingauthority.wmo.int/authorities.php?recId=327,Map disclaimer,https://public.wmo.int/en/disclaimer#mapdisclaimer
WMO Register of Alerting Authorities,https://alertingauthority.wmo.int/authorities.php?recId=328,,https://public.wmo.int/en
WMO Register of Alerting Authorities,https://alertingauthority.wmo.int/authorities.php?recId=328,HOME,https://public.wmo.int/en
WMO Register of Alerting Authorities,https://alertingauthority.wmo.int/authorities.php?recId=328,WORLDWEATHER,https://worldweather.wmo.int
WMO Register of Alerting Authorities,https://alertingauthority.wmo.int/authorities.php?recId=328,SEVERE WEATHER,https://severeweather.wmo.int
WMO Register of Alerting Authorities,https://alertingauthority.wmo.int/authorities.php?recId=328,Public Weather Services,https://public.wmo.int/en/programmes/public-weather-services-programme
WMO Register of Alerting Authorities,https://alertingauthority.wmo.int/authorities.php?recId=328,please contact us,https://public.wmo.int/en/about-us/contact-us
WMO Register of Alerting Authorities,https://alertingauthority.wmo.int/authorities.php?recId=328,https://cap-sources.s3.amazonaws.com/tc-nws-en/rss.xml,https://cap-sources.s3.amazonaws.com/tc-nws-en/rss.xml
WMO Register of Alerting Authorities,https://alertingauthority.wmo.int/authorities.php?recId=328,© World Meteorological Organization,https://old.wmo.int/extranet/pages/documents/wmo.vcf
WMO Register of Alerting Authorities,https://alertingauthority.wmo.int/authorities.php?recId=328,Copyright,https://public.wmo.int/en/copyright
WMO Register of Alerting Authorities,https://alertingauthority.wmo.int/authorities.php?recId=328,Privacy Policy,https://public.wmo.int/en/privacy-policy
WMO Register of Alerting Authorities,https://alertingauthority.wmo.int/authorities.php?recId=328,Disclaimer,https://public.wmo.int/en/disclaimer
WMO Register of Alerting Authorities,https://alertingauthority.wmo.int/authorities.php?recId=328,Map disclaimer,https://public.wmo.int/en/disclaimer#mapdisclaimer
WMO Register of Alerting Authorities,https://alertingauthority.wmo.int/authorities.php?recId=329,,https://public.wmo.int/en
WMO Register of Alerting Authorities,https://alertingauthority.wmo.int/authorities.php?recId=329,HOME,https://public.wmo.int/en
WMO Register of Alerting Authorities,https://alertingauthority.wmo.int/authorities.php?recId=329,WORLDWEATHER,https://worldweather.wmo.int
WMO Register of Alerting Authorities,https://alertingauthority.wmo.int/authorities.php?recId=329,SEVERE WEATHER,https://severeweather.wmo.int
WMO Register of Alerting Authorities,https://alertingauthority.wmo.int/authorities.php?recId=329,Public Weather Services,https://public.wmo.int/en/programmes/public-weather-services-programme
WMO Register of Alerting Authorities,https://alertingauthority.wmo.int/authorities.php?recId=329,please contact us,https://public.wmo.int/en/about-us/contact-us
WMO Register of Alerting Authorities,https://alertingauthority.wmo.int/authorities.php?recId=329,https://site.nemo.org.bz/,https://site.nemo.org.bz/
WMO Register of Alerting Authorities,https://alertingauthority.wmo.int/authorities.php?recId=329,© World Meteorological Organization,https://old.wmo.int/extranet/pages/documents/wmo.vcf
WMO Register of Alerting Authorities,https://alertingauthority.wmo.int/authorities.php?recId=329,Copyright,https://public.wmo.int/en/copyright
WMO Register of Alerting Authorities,https://alertingauthority.wmo.int/authorities.php?recId=329,Privacy Policy,https://public.wmo.int/en/privacy-policy
WMO Register of Alerting Authorities,https://alertingauthority.wmo.int/authorities.php?recId=329,Disclaimer,https://public.wmo.int/en/disclaimer
WMO Register of Alerting Authorities,https://alertingauthority.wmo.int/authorities.php?recId=329,Map disclaimer,https://public.wmo.int/en/disclaimer#mapdisclaimer
WMO Register of Alerting Authorities,https://alertingauthority.wmo.int/authorities.php?recId=330,,https://public.wmo.int/en
WMO Register of Alerting Authorities,https://alertingauthority.wmo.int/authorities.php?recId=330,HOME,https://public.wmo.int/en
WMO Register of Alerting Authorities,https://alertingauthority.wmo.int/authorities.php?recId=330,WORLDWEATHER,https://worldweather.wmo.int
WMO Register of Alerting Authorities,https://alertingauthority.wmo.int/authorities.php?recId=330,SEVERE WEATHER,https://severeweather.wmo.int
WMO Register of Alerting Authorities,https://alertingauthority.wmo.int/authorities.php?recId=330,Public Weather Services,https://public.wmo.int/en/programmes/public-weather-services-programme
WMO Register of Alerting Authorities,https://alertingauthority.wmo.int/authorities.php?recId=330,please contact us,https://public.wmo.int/en/about-us/contact-us
WMO Register of Alerting Authorities,https://alertingauthority.wmo.int/authorities.php?recId=330,© World Meteorological Organization,https://old.wmo.int/extranet/pages/documents/wmo.vcf
WMO Register of Alerting Authorities,https://alertingauthority.wmo.int/authorities.php?recId=330,Copyright,https://public.wmo.int/en/copyright
WMO Register of Alerting Authorities,https://alertingauthority.wmo.int/authorities.php?recId=330,Privacy Policy,https://public.wmo.int/en/privacy-policy
WMO Register of Alerting Authorities,https://alertingauthority.wmo.int/authorities.php?recId=330,Disclaimer,https://public.wmo.int/en/disclaimer
WMO Register of Alerting Authorities,https://alertingauthority.wmo.int/authorities.php?recId=330,Map disclaimer,https://public.wmo.int/en/disclaimer#mapdisclaimer
WMO Register of Alerting Authorities,https://alertingauthority.wmo.int/authorities.php?recId=331,,https://public.wmo.int/en
WMO Register of Alerting Authorities,https://alertingauthority.wmo.int/authorities.php?recId=331,HOME,https://public.wmo.int/en
WMO Register of Alerting Authorities,https://alertingauthority.wmo.int/authorities.php?recId=331,WORLDWEATHER,https://worldweather.wmo.int
WMO Register of Alerting Authorities,https://alertingauthority.wmo.int/authorities.php?recId=331,SEVERE WEATHER,https://severeweather.wmo.int
WMO Register of Alerting Authorities,https://alertingauthority.wmo.int/authorities.php?recId=331,Public Weather Services,https://public.wmo.int/en/programmes/public-weather-services-programme
WMO Register of Alerting Authorities,https://alertingauthority.wmo.int/authorities.php?recId=331,please contact us,https://public.wmo.int/en/about-us/contact-us
WMO Register of Alerting Authorities,https://alertingauthority.wmo.int/authorities.php?recId=331,https://sachet.ndma.gov.in/cap_public_website/rss/rss_india.xml,https://sachet.ndma.gov.in/cap_public_website/rss/rss_india.xml
WMO Register of Alerting Authorities,https://alertingauthority.wmo.int/authorities.php?recId=331,© World Meteorological Organization,https://old.wmo.int/extranet/pages/documents/wmo.vcf
WMO Register of Alerting Authorities,https://alertingauthority.wmo.int/authorities.php?recId=331,Copyright,https://public.wmo.int/en/copyright
WMO Register of Alerting Authorities,https://alertingauthority.wmo.int/authorities.php?recId=331,Privacy Policy,https://public.wmo.int/en/privacy-policy
WMO Register of Alerting Authorities,https://alertingauthority.wmo.int/authorities.php?recId=331,Disclaimer,https://public.wmo.int/en/disclaimer
WMO Register of Alerting Authorities,https://alertingauthority.wmo.int/authorities.php?recId=331,Map disclaimer,https://public.wmo.int/en/disclaimer#mapdisclaimer
WMO Register of Alerting Authorities,https://alertingauthority.wmo.int/authorities.php?recId=332,,https://public.wmo.int/en
WMO Register of Alerting Authorities,https://alertingauthority.wmo.int/authorities.php?recId=332,HOME,https://public.wmo.int/en
WMO Register of Alerting Authorities,https://alertingauthority.wmo.int/authorities.php?recId=332,WORLDWEATHER,https://worldweather.wmo.int
WMO Register of Alerting Authorities,https://alertingauthority.wmo.int/authorities.php?recId=332,SEVERE WEATHER,https://severeweather.wmo.int
WMO Register of Alerting Authorities,https://alertingauthority.wmo.int/authorities.php?recId=332,Public Weather Services,https://public.wmo.int/en/programmes/public-weather-services-programme
WMO Register of Alerting Authorities,https://alertingauthority.wmo.int/authorities.php?recId=332,please contact us,https://public.wmo.int/en/about-us/contact-us
WMO Register of Alerting Authorities,https://alertingauthority.wmo.int/authorities.php?recId=332,https://d2x63xuv21a9h4.cloudfront.net/IWMS/rsscapalert.xml,https://d2x63xuv21a9h4.cloudfront.net/IWMS/rsscapalert.xml
WMO Register of Alerting Authorities,https://alertingauthority.wmo.int/authorities.php?recId=332,© World Meteorological Organization,https://old.wmo.int/extranet/pages/documents/wmo.vcf
WMO Register of Alerting Authorities,https://alertingauthority.wmo.int/authorities.php?recId=332,Copyright,https://public.wmo.int/en/copyright
WMO Register of Alerting Authorities,https://alertingauthority.wmo.int/authorities.php?recId=332,Privacy Policy,https://public.wmo.int/en/privacy-policy
WMO Register of Alerting Authorities,https://alertingauthority.wmo.int/authorities.php?recId=332,Disclaimer,https://public.wmo.int/en/disclaimer
WMO Register of Alerting Authorities,https://alertingauthority.wmo.int/authorities.php?recId=332,Map disclaimer,https://public.wmo.int/en/disclaimer#mapdisclaimer
WMO Register of Alerting Authorities,https://alertingauthority.wmo.int/authorities.php?recId=333,,https://public.wmo.int/en
WMO Register of Alerting Authorities,https://alertingauthority.wmo.int/authorities.php?recId=333,HOME,https://public.wmo.int/en
WMO Register of Alerting Authorities,https://alertingauthority.wmo.int/authorities.php?recId=333,WORLDWEATHER,https://worldweather.wmo.int
WMO Register of Alerting Authorities,https://alertingauthority.wmo.int/authorities.php?recId=333,SEVERE WEATHER,https://severeweather.wmo.int
WMO Register of Alerting Authorities,https://alertingauthority.wmo.int/authorities.php?recId=333,Public Weather Services,https://public.wmo.int/en/programmes/public-weather-services-programme
WMO Register of Alerting Authorities,https://alertingauthority.wmo.int/authorities.php?recId=333,please contact us,https://public.wmo.int/en/about-us/contact-us
WMO Register of Alerting Authorities,https://alertingauthority.wmo.int/authorities.php?recId=333,https://idapfile.mdr.gov.br/idap/api/rss/cap,https://idapfile.mdr.gov.br/idap/api/rss/cap
WMO Register of Alerting Authorities,https://alertingauthority.wmo.int/authorities.php?recId=333,© World Meteorological Organization,https://old.wmo.int/extranet/pages/documents/wmo.vcf
WMO Register of Alerting Authorities,https://alertingauthority.wmo.int/authorities.php?recId=333,Copyright,https://public.wmo.int/en/copyright
WMO Register of Alerting Authorities,https://alertingauthority.wmo.int/authorities.php?recId=333,Privacy Policy,https://public.wmo.int/en/privacy-policy
WMO Register of Alerting Authorities,https://alertingauthority.wmo.int/authorities.php?recId=333,Disclaimer,https://public.wmo.int/en/disclaimer
WMO Register of Alerting Authorities,https://alertingauthority.wmo.int/authorities.php?recId=333,Map disclaimer,https://public.wmo.int/en/disclaimer#mapdisclaimer
WMO Register of Alerting Authorities,https://alertingauthority.wmo.int/authorities.php?recId=334,,https://public.wmo.int/en
WMO Register of Alerting Authorities,https://alertingauthority.wmo.int/authorities.php?recId=334,HOME,https://public.wmo.int/en
WMO Register of Alerting Authorities,https://alertingauthority.wmo.int/authorities.php?recId=334,WORLDWEATHER,https://worldweather.wmo.int
WMO Register of Alerting Authorities,https://alertingauthority.wmo.int/authorities.php?recId=334,SEVERE WEATHER,https://severeweather.wmo.int
WMO Register of Alerting Authorities,https://alertingauthority.wmo.int/authorities.php?recId=334,Public Weather Services,https://public.wmo.int/en/programmes/public-weather-services-programme
WMO Register of Alerting Authorities,https://alertingauthority.wmo.int/authorities.php?recId=334,please contact us,https://public.wmo.int/en/about-us/contact-us
WMO Register of Alerting Authorities,https://alertingauthority.wmo.int/authorities.php?recId=334,https://cap-sources.s3.amazonaws.com/tc-gov-en/rss.xml,https://cap-sources.s3.amazonaws.com/tc-gov-en/rss.xml
WMO Register of Alerting Authorities,https://alertingauthority.wmo.int/authorities.php?recId=334,https://cap-sources.s3.amazonaws.com/tc-gov-ht/rss.xml,https://cap-sources.s3.amazonaws.com/tc-gov-ht/rss.xml
WMO Register of Alerting Authorities,https://alertingauthority.wmo.int/authorities.php?recId=334,https://cap-sources.s3.amazonaws.com/tc-gov-es/rss.xml,https://cap-sources.s3.amazonaws.com/tc-gov-es/rss.xml
WMO Register of Alerting Authorities,https://alertingauthority.wmo.int/authorities.php?recId=334,© World Meteorological Organization,https://old.wmo.int/extranet/pages/documents/wmo.vcf
WMO Register of Alerting Authorities,https://alertingauthority.wmo.int/authorities.php?recId=334,Copyright,https://public.wmo.int/en/copyright
WMO Register of Alerting Authorities,https://alertingauthority.wmo.int/authorities.php?recId=334,Privacy Policy,https://public.wmo.int/en/privacy-policy
WMO Register of Alerting Authorities,https://alertingauthority.wmo.int/authorities.php?recId=334,Disclaimer,https://public.wmo.int/en/disclaimer
WMO Register of Alerting Authorities,https://alertingauthority.wmo.int/authorities.php?recId=334,Map disclaimer,https://public.wmo.int/en/disclaimer#mapdisclaimer
WMO Register of Alerting Authorities,https://alertingauthority.wmo.int/authorities.php?recId=335,,https://public.wmo.int/en
WMO Register of Alerting Authorities,https://alertingauthority.wmo.int/authorities.php?recId=335,HOME,https://public.wmo.int/en
WMO Register of Alerting Authorities,https://alertingauthority.wmo.int/authorities.php?recId=335,WORLDWEATHER,https://worldweather.wmo.int
WMO Register of Alerting Authorities,https://alertingauthority.wmo.int/authorities.php?recId=335,SEVERE WEATHER,https://severeweather.wmo.int
WMO Register of Alerting Authorities,https://alertingauthority.wmo.int/authorities.php?recId=335,Public Weather Services,https://public.wmo.int/en/programmes/public-weather-services-programme
WMO Register of Alerting Authorities,https://alertingauthority.wmo.int/authorities.php?recId=335,please contact us,https://public.wmo.int/en/about-us/contact-us
WMO Register of Alerting Authorities,https://alertingauthority.wmo.int/authorities.php?recId=335,© World Meteorological Organization,https://old.wmo.int/extranet/pages/documents/wmo.vcf
WMO Register of Alerting Authorities,https://alertingauthority.wmo.int/authorities.php?recId=335,Copyright,https://public.wmo.int/en/copyright
WMO Register of Alerting Authorities,https://alertingauthority.wmo.int/authorities.php?recId=335,Privacy Policy,https://public.wmo.int/en/privacy-policy
WMO Register of Alerting Authorities,https://alertingauthority.wmo.int/authorities.php?recId=335,Disclaimer,https://public.wmo.int/en/disclaimer
WMO Register of Alerting Authorities,https://alertingauthority.wmo.int/authorities.php?recId=335,Map disclaimer,https://public.wmo.int/en/disclaimer#mapdisclaimer
WMO Register of Alerting Authorities,https://alertingauthority.wmo.int/authorities.php?recId=336,,https://public.wmo.int/en
WMO Register of Alerting Authorities,https://alertingauthority.wmo.int/authorities.php?recId=336,HOME,https://public.wmo.int/en
WMO Register of Alerting Authorities,https://alertingauthority.wmo.int/authorities.php?recId=336,WORLDWEATHER,https://worldweather.wmo.int
WMO Register of Alerting Authorities,https://alertingauthority.wmo.int/authorities.php?recId=336,SEVERE WEATHER,https://severeweather.wmo.int
WMO Register of Alerting Authorities,https://alertingauthority.wmo.int/authorities.php?recId=336,Public Weather Services,https://public.wmo.int/en/programmes/public-weather-services-programme
WMO Register of Alerting Authorities,https://alertingauthority.wmo.int/authorities.php?recId=336,please contact us,https://public.wmo.int/en/about-us/contact-us
WMO Register of Alerting Authorities,https://alertingauthority.wmo.int/authorities.php?recId=336,© World Meteorological Organization,https://old.wmo.int/extranet/pages/documents/wmo.vcf
WMO Register of Alerting Authorities,https://alertingauthority.wmo.int/authorities.php?recId=336,Copyright,https://public.wmo.int/en/copyright
WMO Register of Alerting Authorities,https://alertingauthority.wmo.int/authorities.php?recId=336,Privacy Policy,https://public.wmo.int/en/privacy-policy
WMO Register of Alerting Authorities,https://alertingauthority.wmo.int/authorities.php?recId=336,Disclaimer,https://public.wmo.int/en/disclaimer
WMO Register of Alerting Authorities,https://alertingauthority.wmo.int/authorities.php?recId=336,Map disclaimer,https://public.wmo.int/en/disclaimer#mapdisclaimer
WMO Register of Alerting Authorities,https://alertingauthority.wmo.int/authorities.php?recId=337,,https://public.wmo.int/en
WMO Register of Alerting Authorities,https://alertingauthority.wmo.int/authorities.php?recId=337,HOME,https://public.wmo.int/en
WMO Register of Alerting Authorities,https://alertingauthority.wmo.int/authorities.php?recId=337,WORLDWEATHER,https://worldweather.wmo.int
WMO Register of Alerting Authorities,https://alertingauthority.wmo.int/authorities.php?recId=337,SEVERE WEATHER,https://severeweather.wmo.int
WMO Register of Alerting Authorities,https://alertingauthority.wmo.int/authorities.php?recId=337,Public Weather Services,https://public.wmo.int/en/programmes/public-weather-services-programme
WMO Register of Alerting Authorities,https://alertingauthority.wmo.int/authorities.php?recId=337,please contact us,https://public.wmo.int/en/about-us/contact-us
WMO Register of Alerting Authorities,https://alertingauthority.wmo.int/authorities.php?recId=337,https://meteocomores.km/,https://meteocomores.km/
WMO Register of Alerting Authorities,https://alertingauthority.wmo.int/authorities.php?recId=337,https://meteocomores.km/,https://meteocomores.km/
WMO Register of Alerting Authorities,https://alertingauthority.wmo.int/authorities.php?recId=337,© World Meteorological Organization,https://old.wmo.int/extranet/pages/documents/wmo.vcf
WMO Register of Alerting Authorities,https://alertingauthority.wmo.int/authorities.php?recId=337,Copyright,https://public.wmo.int/en/copyright
WMO Register of Alerting Authorities,https://alertingauthority.wmo.int/authorities.php?recId=337,Privacy Policy,https://public.wmo.int/en/privacy-policy
WMO Register of Alerting Authorities,https://alertingauthority.wmo.int/authorities.php?recId=337,Disclaimer,https://public.wmo.int/en/disclaimer
WMO Register of Alerting Authorities,https://alertingauthority.wmo.int/authorities.php?recId=337,Map disclaimer,https://public.wmo.int/en/disclaimer#mapdisclaimer
WMO Register of Alerting Authorities,https://alertingauthority.wmo.int/authorities.php?recId=338,,https://public.wmo.int/en
WMO Register of Alerting Authorities,https://alertingauthority.wmo.int/authorities.php?recId=338,HOME,https://public.wmo.int/en
WMO Register of Alerting Authorities,https://alertingauthority.wmo.int/authorities.php?recId=338,WORLDWEATHER,https://worldweather.wmo.int
WMO Register of Alerting Authorities,https://alertingauthority.wmo.int/authorities.php?recId=338,SEVERE WEATHER,https://severeweather.wmo.int
WMO Register of Alerting Authorities,https://alertingauthority.wmo.int/authorities.php?recId=338,Public Weather Services,https://public.wmo.int/en/programmes/public-weather-services-programme
WMO Register of Alerting Authorities,https://alertingauthority.wmo.int/authorities.php?recId=338,please contact us,https://public.wmo.int/en/about-us/contact-us
WMO Register of Alerting Authorities,https://alertingauthority.wmo.int/authorities.php?recId=338,https://climweb.med.gov.sy/api/cap/rss.xml,https://climweb.med.gov.sy/api/cap/rss.xml
WMO Register of Alerting Authorities,https://alertingauthority.wmo.int/authorities.php?recId=338,https://climweb.med.gov.sy/%D8%A7%D9%84%D8%A5%D9%86%D8%B0%D8%A7%D8%B1-%D8%A7%D9%84%D9%85%D8%A8%D9%83%D8%B1-%D8%B3%D9%88%D8%B1%D9%8A%D8%A7/,https://climweb.med.gov.sy/%D8%A7%D9%84%D8%A5%D9%86%D8%B0%D8%A7%D8%B1-%D8%A7%D9%84%D9%85%D8%A8%D9%83%D8%B1-%D8%B3%D9%88%D8%B1%D9%8A%D8%A7/
WMO Register of Alerting Authorities,https://alertingauthority.wmo.int/authorities.php?recId=338,© World Meteorological Organization,https://old.wmo.int/extranet/pages/documents/wmo.vcf
WMO Register of Alerting Authorities,https://alertingauthority.wmo.int/authorities.php?recId=338,Copyright,https://public.wmo.int/en/copyright
WMO Register of Alerting Authorities,https://alertingauthority.wmo.int/authorities.php?recId=338,Privacy Policy,https://public.wmo.int/en/privacy-policy
WMO Register of Alerting Authorities,https://alertingauthority.wmo.int/authorities.php?recId=338,Disclaimer,https://public.wmo.int/en/disclaimer
WMO Register of Alerting Authorities,https://alertingauthority.wmo.int/authorities.php?recId=338,Map disclaimer,https://public.wmo.int/en/disclaimer#mapdisclaimer
WMO Register of Alerting Authorities,https://alertingauthority.wmo.int/authorities.php?recId=339,,https://public.wmo.int/en
WMO Register of Alerting Authorities,https://alertingauthority.wmo.int/authorities.php?recId=339,HOME,https://public.wmo.int/en
WMO Register of Alerting Authorities,https://alertingauthority.wmo.int/authorities.php?recId=339,WORLDWEATHER,https://worldweather.wmo.int
WMO Register of Alerting Authorities,https://alertingauthority.wmo.int/authorities.php?recId=339,SEVERE WEATHER,https://severeweather.wmo.int
WMO Register of Alerting Authorities,https://alertingauthority.wmo.int/authorities.php?recId=339,Public Weather Services,https://public.wmo.int/en/programmes/public-weather-services-programme
WMO Register of Alerting Authorities,https://alertingauthority.wmo.int/authorities.php?recId=339,please contact us,https://public.wmo.int/en/about-us/contact-us
WMO Register of Alerting Authorities,https://alertingauthority.wmo.int/authorities.php?recId=339,https://meteosomalia.so/api/cap/rss.xml,https://meteosomalia.so/api/cap/rss.xml
WMO Register of Alerting Authorities,https://alertingauthority.wmo.int/authorities.php?recId=339,https://meteosomalia.so,https://meteosomalia.so
WMO Register of Alerting Authorities,https://alertingauthority.wmo.int/authorities.php?recId=339,© World Meteorological Organization,https://old.wmo.int/extranet/pages/documents/wmo.vcf
WMO Register of Alerting Authorities,https://alertingauthority.wmo.int/authorities.php?recId=339,Copyright,https://public.wmo.int/en/copyright
WMO Register of Alerting Authorities,https://alertingauthority.wmo.int/authorities.php?recId=339,Privacy Policy,https://public.wmo.int/en/privacy-policy
WMO Register of Alerting Authorities,https://alertingauthority.wmo.int/authorities.php?recId=339,Disclaimer,https://public.wmo.int/en/disclaimer
WMO Register of Alerting Authorities,https://alertingauthority.wmo.int/authorities.php?recId=339,Map disclaimer,https://public.wmo.int/en/disclaimer#mapdisclaimer
WMO Register of Alerting Authorities,https://alertingauthority.wmo.int/authorities.php?recId=340,,https://public.wmo.int/en
WMO Register of Alerting Authorities,https://alertingauthority.wmo.int/authorities.php?recId=340,HOME,https://public.wmo.int/en
WMO Register of Alerting Authorities,https://alertingauthority.wmo.int/authorities.php?recId=340,WORLDWEATHER,https://worldweather.wmo.int
WMO Register of Alerting Authorities,https://alertingauthority.wmo.int/authorities.php?recId=340,SEVERE WEATHER,https://severeweather.wmo.int
WMO Register of Alerting Authorities,https://alertingauthority.wmo.int/authorities.php?recId=340,Public Weather Services,https://public.wmo.int/en/programmes/public-weather-services-programme
WMO Register of Alerting Authorities,https://alertingauthority.wmo.int/authorities.php?recId=340,please contact us,https://public.wmo.int/en/about-us/contact-us
WMO Register of Alerting Authorities,https://alertingauthority.wmo.int/authorities.php?recId=340,© World Meteorological Organization,https://old.wmo.int/extranet/pages/documents/wmo.vcf
WMO Register of Alerting Authorities,https://alertingauthority.wmo.int/authorities.php?recId=340,Copyright,https://public.wmo.int/en/copyright
WMO Register of Alerting Authorities,https://alertingauthority.wmo.int/authorities.php?recId=340,Privacy Policy,https://public.wmo.int/en/privacy-policy
WMO Register of Alerting Authorities,https://alertingauthority.wmo.int/authorities.php?recId=340,Disclaimer,https://public.wmo.int/en/disclaimer
WMO Register of Alerting Authorities,https://alertingauthority.wmo.int/authorities.php?recId=340,Map disclaimer,https://public.wmo.int/en/disclaimer#mapdisclaimer
WMO Register of Alerting Authorities,https://alertingauthority.wmo.int/authorities.php?recId=341,,https://public.wmo.int/en
WMO Register of Alerting Authorities,https://alertingauthority.wmo.int/authorities.php?recId=341,HOME,https://public.wmo.int/en
WMO Register of Alerting Authorities,https://alertingauthority.wmo.int/authorities.php?recId=341,WORLDWEATHER,https://worldweather.wmo.int
WMO Register of Alerting Authorities,https://alertingauthority.wmo.int/authorities.php?recId=341,SEVERE WEATHER,https://severeweather.wmo.int
WMO Register of Alerting Authorities,https://alertingauthority.wmo.int/authorities.php?recId=341,Public Weather Services,https://public.wmo.int/en/programmes/public-weather-services-programme
WMO Register of Alerting Authorities,https://alertingauthority.wmo.int/authorities.php?recId=341,please contact us,https://public.wmo.int/en/about-us/contact-us
WMO Register of Alerting Authorities,https://alertingauthority.wmo.int/authorities.php?recId=341,© World Meteorological Organization,https://old.wmo.int/extranet/pages/documents/wmo.vcf
WMO Register of Alerting Authorities,https://alertingauthority.wmo.int/authorities.php?recId=341,Copyright,https://public.wmo.int/en/copyright
WMO Register of Alerting Authorities,https://alertingauthority.wmo.int/authorities.php?recId=341,Privacy Policy,https://public.wmo.int/en/privacy-policy
WMO Register of Alerting Authorities,https://alertingauthority.wmo.int/authorities.php?recId=341,Disclaimer,https://public.wmo.int/en/disclaimer
WMO Register of Alerting Authorities,https://alertingauthority.wmo.int/authorities.php?recId=341,Map disclaimer,https://public.wmo.int/en/disclaimer#mapdisclaimer
WMO Register of Alerting Authorities,https://alertingauthority.wmo.int/authorities.php?recId=342,,https://public.wmo.int/en
WMO Register of Alerting Authorities,https://alertingauthority.wmo.int/authorities.php?recId=342,HOME,https://public.wmo.int/en
WMO Register of Alerting Authorities,https://alertingauthority.wmo.int/authorities.php?recId=342,WORLDWEATHER,https://worldweather.wmo.int
WMO Register of Alerting Authorities,https://alertingauthority.wmo.int/authorities.php?recId=342,SEVERE WEATHER,https://severeweather.wmo.int
WMO Register of Alerting Authorities,https://alertingauthority.wmo.int/authorities.php?recId=342,Public Weather Services,https://public.wmo.int/en/programmes/public-weather-services-programme
WMO Register of Alerting Authorities,https://alertingauthority.wmo.int/authorities.php?recId=342,please contact us,https://public.wmo.int/en/about-us/contact-us
WMO Register of Alerting Authorities,https://alertingauthority.wmo.int/authorities.php?recId=342,© World Meteorological Organization,https://old.wmo.int/extranet/pages/documents/wmo.vcf
WMO Register of Alerting Authorities,https://alertingauthority.wmo.int/authorities.php?recId=342,Copyright,https://public.wmo.int/en/copyright
WMO Register of Alerting Authorities,https://alertingauthority.wmo.int/authorities.php?recId=342,Privacy Policy,https://public.wmo.int/en/privacy-policy
WMO Register of Alerting Authorities,https://alertingauthority.wmo.int/authorities.php?recId=342,Disclaimer,https://public.wmo.int/en/disclaimer
WMO Register of Alerting Authorities,https://alertingauthority.wmo.int/authorities.php?recId=342,Map disclaimer,https://public.wmo.int/en/disclaimer#mapdisclaimer
WMO Register of Alerting Authorities,https://alertingauthority.wmo.int/authorities.php?recId=343,,https://public.wmo.int/en
WMO Register of Alerting Authorities,https://alertingauthority.wmo.int/authorities.php?recId=343,HOME,https://public.wmo.int/en
WMO Register of Alerting Authorities,https://alertingauthority.wmo.int/authorities.php?recId=343,WORLDWEATHER,https://worldweather.wmo.int
WMO Register of Alerting Authorities,https://alertingauthority.wmo.int/authorities.php?recId=343,SEVERE WEATHER,https://severeweather.wmo.int
WMO Register of Alerting Authorities,https://alertingauthority.wmo.int/authorities.php?recId=343,Public Weather Services,https://public.wmo.int/en/programmes/public-weather-services-programme
WMO Register of Alerting Authorities,https://alertingauthority.wmo.int/authorities.php?recId=343,please contact us,https://public.wmo.int/en/about-us/contact-us
WMO Register of Alerting Authorities,https://alertingauthority.wmo.int/authorities.php?recId=343,© World Meteorological Organization,https://old.wmo.int/extranet/pages/documents/wmo.vcf
WMO Register of Alerting Authorities,https://alertingauthority.wmo.int/authorities.php?recId=343,Copyright,https://public.wmo.int/en/copyright
WMO Register of Alerting Authorities,https://alertingauthority.wmo.int/authorities.php?recId=343,Privacy Policy,https://public.wmo.int/en/privacy-policy
WMO Register of Alerting Authorities,https://alertingauthority.wmo.int/authorities.php?recId=343,Disclaimer,https://public.wmo.int/en/disclaimer
WMO Register of Alerting Authorities,https://alertingauthority.wmo.int/authorities.php?recId=343,Map disclaimer,https://public.wmo.int/en/disclaimer#mapdisclaimer
WMO Register of Alerting Authorities,https://alertingauthority.wmo.int/authorities.php?recId=344,,https://public.wmo.int/en
WMO Register of Alerting Authorities,https://alertingauthority.wmo.int/authorities.php?recId=344,HOME,https://public.wmo.int/en
WMO Register of Alerting Authorities,https://alertingauthority.wmo.int/authorities.php?recId=344,WORLDWEATHER,https://worldweather.wmo.int
WMO Register of Alerting Authorities,https://alertingauthority.wmo.int/authorities.php?recId=344,SEVERE WEATHER,https://severeweather.wmo.int
WMO Register of Alerting Authorities,https://alertingauthority.wmo.int/authorities.php?recId=344,Public Weather Services,https://public.wmo.int/en/programmes/public-weather-services-programme
WMO Register of Alerting Authorities,https://alertingauthority.wmo.int/authorities.php?recId=344,please contact us,https://public.wmo.int/en/about-us/contact-us
WMO Register of Alerting Authorities,https://alertingauthority.wmo.int/authorities.php?recId=344,© World Meteorological Organization,https://old.wmo.int/extranet/pages/documents/wmo.vcf
WMO Register of Alerting Authorities,https://alertingauthority.wmo.int/authorities.php?recId=344,Copyright,https://public.wmo.int/en/copyright
WMO Register of Alerting Authorities,https://alertingauthority.wmo.int/authorities.php?recId=344,Privacy Policy,https://public.wmo.int/en/privacy-policy
WMO Register of Alerting Authorities,https://alertingauthority.wmo.int/authorities.php?recId=344,Disclaimer,https://public.wmo.int/en/disclaimer
WMO Register of Alerting Authorities,https://alertingauthority.wmo.int/authorities.php?recId=344,Map disclaimer,https://public.wmo.int/en/disclaimer#mapdisclaimer
WMO Register of Alerting Authorities,https://alertingauthority.wmo.int/authorities.php?recId=345,,https://public.wmo.int/en
WMO Register of Alerting Authorities,https://alertingauthority.wmo.int/authorities.php?recId=345,HOME,https://public.wmo.int/en
WMO Register of Alerting Authorities,https://alertingauthority.wmo.int/authorities.php?recId=345,WORLDWEATHER,https://worldweather.wmo.int
WMO Register of Alerting Authorities,https://alertingauthority.wmo.int/authorities.php?recId=345,SEVERE WEATHER,https://severeweather.wmo.int
WMO Register of Alerting Authorities,https://alertingauthority.wmo.int/authorities.php?recId=345,Public Weather Services,https://public.wmo.int/en/programmes/public-weather-services-programme
WMO Register of Alerting Authorities,https://alertingauthority.wmo.int/authorities.php?recId=345,please contact us,https://public.wmo.int/en/about-us/contact-us
WMO Register of Alerting Authorities,https://alertingauthority.wmo.int/authorities.php?recId=345,© World Meteorological Organization,https://old.wmo.int/extranet/pages/documents/wmo.vcf
WMO Register of Alerting Authorities,https://alertingauthority.wmo.int/authorities.php?recId=345,Copyright,https://public.wmo.int/en/copyright
WMO Register of Alerting Authorities,https://alertingauthority.wmo.int/authorities.php?recId=345,Privacy Policy,https://public.wmo.int/en/privacy-policy
WMO Register of Alerting Authorities,https://alertingauthority.wmo.int/authorities.php?recId=345,Disclaimer,https://public.wmo.int/en/disclaimer
WMO Register of Alerting Authorities,https://alertingauthority.wmo.int/authorities.php?recId=345,Map disclaimer,https://public.wmo.int/en/disclaimer#mapdisclaimer
WMO Register of Alerting Authorities,https://alertingauthority.wmo.int/authorities.php?recId=346,,https://public.wmo.int/en
WMO Register of Alerting Authorities,https://alertingauthority.wmo.int/authorities.php?recId=346,HOME,https://public.wmo.int/en
WMO Register of Alerting Authorities,https://alertingauthority.wmo.int/authorities.php?recId=346,WORLDWEATHER,https://worldweather.wmo.int
WMO Register of Alerting Authorities,https://alertingauthority.wmo.int/authorities.php?recId=346,SEVERE WEATHER,https://severeweather.wmo.int
WMO Register of Alerting Authorities,https://alertingauthority.wmo.int/authorities.php?recId=346,Public Weather Services,https://public.wmo.int/en/programmes/public-weather-services-programme
WMO Register of Alerting Authorities,https://alertingauthority.wmo.int/authorities.php?recId=346,please contact us,https://public.wmo.int/en/about-us/contact-us
WMO Register of Alerting Authorities,https://alertingauthority.wmo.int/authorities.php?recId=346,© World Meteorological Organization,https://old.wmo.int/extranet/pages/documents/wmo.vcf
WMO Register of Alerting Authorities,https://alertingauthority.wmo.int/authorities.php?recId=346,Copyright,https://public.wmo.int/en/copyright
WMO Register of Alerting Authorities,https://alertingauthority.wmo.int/authorities.php?recId=346,Privacy Policy,https://public.wmo.int/en/privacy-policy
WMO Register of Alerting Authorities,https://alertingauthority.wmo.int/authorities.php?recId=346,Disclaimer,https://public.wmo.int/en/disclaimer
WMO Register of Alerting Authorities,https://alertingauthority.wmo.int/authorities.php?recId=346,Map disclaimer,https://public.wmo.int/en/disclaimer#mapdisclaimer
WMO Register of Alerting Authorities,https://alertingauthority.wmo.int/authorities.php?recId=347,,https://public.wmo.int/en
WMO Register of Alerting Authorities,https://alertingauthority.wmo.int/authorities.php?recId=347,HOME,https://public.wmo.int/en
WMO Register of Alerting Authorities,https://alertingauthority.wmo.int/authorities.php?recId=347,WORLDWEATHER,https://worldweather.wmo.int
WMO Register of Alerting Authorities,https://alertingauthority.wmo.int/authorities.php?recId=347,SEVERE WEATHER,https://severeweather.wmo.int
WMO Register of Alerting Authorities,https://alertingauthority.wmo.int/authorities.php?recId=347,Public Weather Services,https://public.wmo.int/en/programmes/public-weather-services-programme
WMO Register of Alerting Authorities,https://alertingauthority.wmo.int/authorities.php?recId=347,please contact us,https://public.wmo.int/en/about-us/contact-us
WMO Register of Alerting Authorities,https://alertingauthority.wmo.int/authorities.php?recId=347,© World Meteorological Organization,https://old.wmo.int/extranet/pages/documents/wmo.vcf
WMO Register of Alerting Authorities,https://alertingauthority.wmo.int/authorities.php?recId=347,Copyright,https://public.wmo.int/en/copyright
WMO Register of Alerting Authorities,https://alertingauthority.wmo.int/authorities.php?recId=347,Privacy Policy,https://public.wmo.int/en/privacy-policy
WMO Register of Alerting Authorities,https://alertingauthority.wmo.int/authorities.php?recId=347,Disclaimer,https://public.wmo.int/en/disclaimer
WMO Register of Alerting Authorities,https://alertingauthority.wmo.int/authorities.php?recId=347,Map disclaimer,https://public.wmo.int/en/disclaimer#mapdisclaimer
WMO Register of Alerting Authorities,https://alertingauthority.wmo.int/authorities.php?recId=348,,https://public.wmo.int/en
WMO Register of Alerting Authorities,https://alertingauthority.wmo.int/authorities.php?recId=348,HOME,https://public.wmo.int/en
WMO Register of Alerting Authorities,https://alertingauthority.wmo.int/authorities.php?recId=348,WORLDWEATHER,https://worldweather.wmo.int
WMO Register of Alerting Authorities,https://alertingauthority.wmo.int/authorities.php?recId=348,SEVERE WEATHER,https://severeweather.wmo.int
WMO Register of Alerting Authorities,https://alertingauthority.wmo.int/authorities.php?recId=348,Public Weather Services,https://public.wmo.int/en/programmes/public-weather-services-programme
WMO Register of Alerting Authorities,https://alertingauthority.wmo.int/authorities.php?recId=348,please contact us,https://public.wmo.int/en/about-us/contact-us
WMO Register of Alerting Authorities,https://alertingauthority.wmo.int/authorities.php?recId=348,© World Meteorological Organization,https://old.wmo.int/extranet/pages/documents/wmo.vcf
WMO Register of Alerting Authorities,https://alertingauthority.wmo.int/authorities.php?recId=348,Copyright,https://public.wmo.int/en/copyright
WMO Register of Alerting Authorities,https://alertingauthority.wmo.int/authorities.php?recId=348,Privacy Policy,https://public.wmo.int/en/privacy-policy
WMO Register of Alerting Authorities,https://alertingauthority.wmo.int/authorities.php?recId=348,Disclaimer,https://public.wmo.int/en/disclaimer
WMO Register of Alerting Authorities,https://alertingauthority.wmo.int/authorities.php?recId=348,Map disclaimer,https://public.wmo.int/en/disclaimer#mapdisclaimer
WMO Register of Alerting Authorities,https://alertingauthority.wmo.int/authorities.php?recId=349,,https://public.wmo.int/en
WMO Register of Alerting Authorities,https://alertingauthority.wmo.int/authorities.php?recId=349,HOME,https://public.wmo.int/en
WMO Register of Alerting Authorities,https://alertingauthority.wmo.int/authorities.php?recId=349,WORLDWEATHER,https://worldweather.wmo.int
WMO Register of Alerting Authorities,https://alertingauthority.wmo.int/authorities.php?recId=349,SEVERE WEATHER,https://severeweather.wmo.int
WMO Register of Alerting Authorities,https://alertingauthority.wmo.int/authorities.php?recId=349,Public Weather Services,https://public.wmo.int/en/programmes/public-weather-services-programme
WMO Register of Alerting Authorities,https://alertingauthority.wmo.int/authorities.php?recId=349,please contact us,https://public.wmo.int/en/about-us/contact-us
WMO Register of Alerting Authorities,https://alertingauthority.wmo.int/authorities.php?recId=349,© World Meteorological Organization,https://old.wmo.int/extranet/pages/documents/wmo.vcf
WMO Register of Alerting Authorities,https://alertingauthority.wmo.int/authorities.php?recId=349,Copyright,https://public.wmo.int/en/copyright
WMO Register of Alerting Authorities,https://alertingauthority.wmo.int/authorities.php?recId=349,Privacy Policy,https://public.wmo.int/en/privacy-policy
WMO Register of Alerting Authorities,https://alertingauthority.wmo.int/authorities.php?recId=349,Disclaimer,https://public.wmo.int/en/disclaimer
WMO Register of Alerting Authorities,https://alertingauthority.wmo.int/authorities.php?recId=349,Map disclaimer,https://public.wmo.int/en/disclaimer#mapdisclaimer
WMO Register of Alerting Authorities,https://alertingauthority.wmo.int/authorities.php?recId=350,,https://public.wmo.int/en
WMO Register of Alerting Authorities,https://alertingauthority.wmo.int/authorities.php?recId=350,HOME,https://public.wmo.int/en
WMO Register of Alerting Authorities,https://alertingauthority.wmo.int/authorities.php?recId=350,WORLDWEATHER,https://worldweather.wmo.int
WMO Register of Alerting Authorities,https://alertingauthority.wmo.int/authorities.php?recId=350,SEVERE WEATHER,https://severeweather.wmo.int
WMO Register of Alerting Authorities,https://alertingauthority.wmo.int/authorities.php?recId=350,Public Weather Services,https://public.wmo.int/en/programmes/public-weather-services-programme
WMO Register of Alerting Authorities,https://alertingauthority.wmo.int/authorities.php?recId=350,please contact us,https://public.wmo.int/en/about-us/contact-us
WMO Register of Alerting Authorities,https://alertingauthority.wmo.int/authorities.php?recId=350,© World Meteorological Organization,https://old.wmo.int/extranet/pages/documents/wmo.vcf
WMO Register of Alerting Authorities,https://alertingauthority.wmo.int/authorities.php?recId=350,Copyright,https://public.wmo.int/en/copyright
WMO Register of Alerting Authorities,https://alertingauthority.wmo.int/authorities.php?recId=350,Privacy Policy,https://public.wmo.int/en/privacy-policy
WMO Register of Alerting Authorities,https://alertingauthority.wmo.int/authorities.php?recId=350,Disclaimer,https://public.wmo.int/en/disclaimer
WMO Register of Alerting Authorities,https://alertingauthority.wmo.int/authorities.php?recId=350,Map disclaimer,https://public.wmo.int/en/disclaimer#mapdisclaimer
WMO Register of Alerting Authorities,https://alertingauthority.wmo.int/authorities.php?recId=351,,https://public.wmo.int/en
WMO Register of Alerting Authorities,https://alertingauthority.wmo.int/authorities.php?recId=351,HOME,https://public.wmo.int/en
WMO Register of Alerting Authorities,https://alertingauthority.wmo.int/authorities.php?recId=351,WORLDWEATHER,https://worldweather.wmo.int
WMO Register of Alerting Authorities,https://alertingauthority.wmo.int/authorities.php?recId=351,SEVERE WEATHER,https://severeweather.wmo.int
WMO Register of Alerting Authorities,https://alertingauthority.wmo.int/authorities.php?recId=351,Public Weather Services,https://public.wmo.int/en/programmes/public-weather-services-programme
WMO Register of Alerting Authorities,https://alertingauthority.wmo.int/authorities.php?recId=351,please contact us,https://public.wmo.int/en/about-us/contact-us
WMO Register of Alerting Authorities,https://alertingauthority.wmo.int/authorities.php?recId=351,© World Meteorological Organization,https://old.wmo.int/extranet/pages/documents/wmo.vcf
WMO Register of Alerting Authorities,https://alertingauthority.wmo.int/authorities.php?recId=351,Copyright,https://public.wmo.int/en/copyright
WMO Register of Alerting Authorities,https://alertingauthority.wmo.int/authorities.php?recId=351,Privacy Policy,https://public.wmo.int/en/privacy-policy
WMO Register of Alerting Authorities,https://alertingauthority.wmo.int/authorities.php?recId=351,Disclaimer,https://public.wmo.int/en/disclaimer
WMO Register of Alerting Authorities,https://alertingauthority.wmo.int/authorities.php?recId=351,Map disclaimer,https://public.wmo.int/en/disclaimer#mapdisclaimer
WMO Register of Alerting Authorities,https://alertingauthority.wmo.int/authorities.php?recId=352,,https://public.wmo.int/en
WMO Register of Alerting Authorities,https://alertingauthority.wmo.int/authorities.php?recId=352,HOME,https://public.wmo.int/en
WMO Register of Alerting Authorities,https://alertingauthority.wmo.int/authorities.php?recId=352,WORLDWEATHER,https://worldweather.wmo.int
WMO Register of Alerting Authorities,https://alertingauthority.wmo.int/authorities.php?recId=352,SEVERE WEATHER,https://severeweather.wmo.int
WMO Register of Alerting Authorities,https://alertingauthority.wmo.int/authorities.php?recId=352,Public Weather Services,https://public.wmo.int/en/programmes/public-weather-services-programme
WMO Register of Alerting Authorities,https://alertingauthority.wmo.int/authorities.php?recId=352,please contact us,https://public.wmo.int/en/about-us/contact-us
WMO Register of Alerting Authorities,https://alertingauthority.wmo.int/authorities.php?recId=352,© World Meteorological Organization,https://old.wmo.int/extranet/pages/documents/wmo.vcf
WMO Register of Alerting Authorities,https://alertingauthority.wmo.int/authorities.php?recId=352,Copyright,https://public.wmo.int/en/copyright
WMO Register of Alerting Authorities,https://alertingauthority.wmo.int/authorities.php?recId=352,Privacy Policy,https://public.wmo.int/en/privacy-policy
WMO Register of Alerting Authorities,https://alertingauthority.wmo.int/authorities.php?recId=352,Disclaimer,https://public.wmo.int/en/disclaimer
WMO Register of Alerting Authorities,https://alertingauthority.wmo.int/authorities.php?recId=352,Map disclaimer,https://public.wmo.int/en/disclaimer#mapdisclaimer
WMO Register of Alerting Authorities,https://alertingauthority.wmo.int/authorities.php?recId=353,,https://public.wmo.int/en
WMO Register of Alerting Authorities,https://alertingauthority.wmo.int/authorities.php?recId=353,HOME,https://public.wmo.int/en
WMO Register of Alerting Authorities,https://alertingauthority.wmo.int/authorities.php?recId=353,WORLDWEATHER,https://worldweather.wmo.int
WMO Register of Alerting Authorities,https://alertingauthority.wmo.int/authorities.php?recId=353,SEVERE WEATHER,https://severeweather.wmo.int
WMO Register of Alerting Authorities,https://alertingauthority.wmo.int/authorities.php?recId=353,Public Weather Services,https://public.wmo.int/en/programmes/public-weather-services-programme
WMO Register of Alerting Authorities,https://alertingauthority.wmo.int/authorities.php?recId=353,please contact us,https://public.wmo.int/en/about-us/contact-us
WMO Register of Alerting Authorities,https://alertingauthority.wmo.int/authorities.php?recId=353,© World Meteorological Organization,https://old.wmo.int/extranet/pages/documents/wmo.vcf
WMO Register of Alerting Authorities,https://alertingauthority.wmo.int/authorities.php?recId=353,Copyright,https://public.wmo.int/en/copyright
WMO Register of Alerting Authorities,https://alertingauthority.wmo.int/authorities.php?recId=353,Privacy Policy,https://public.wmo.int/en/privacy-policy
WMO Register of Alerting Authorities,https://alertingauthority.wmo.int/authorities.php?recId=353,Disclaimer,https://public.wmo.int/en/disclaimer
WMO Register of Alerting Authorities,https://alertingauthority.wmo.int/authorities.php?recId=353,Map disclaimer,https://public.wmo.int/en/disclaimer#mapdisclaimer
WMO Register of Alerting Authorities,https://alertingauthority.wmo.int/authorities.php?recId=354,,https://public.wmo.int/en
WMO Register of Alerting Authorities,https://alertingauthority.wmo.int/authorities.php?recId=354,HOME,https://public.wmo.int/en
WMO Register of Alerting Authorities,https://alertingauthority.wmo.int/authorities.php?recId=354,WORLDWEATHER,https://worldweather.wmo.int
WMO Register of Alerting Authorities,https://alertingauthority.wmo.int/authorities.php?recId=354,SEVERE WEATHER,https://severeweather.wmo.int
WMO Register of Alerting Authorities,https://alertingauthority.wmo.int/authorities.php?recId=354,Public Weather Services,https://public.wmo.int/en/programmes/public-weather-services-programme
WMO Register of Alerting Authorities,https://alertingauthority.wmo.int/authorities.php?recId=354,please contact us,https://public.wmo.int/en/about-us/contact-us
WMO Register of Alerting Authorities,https://alertingauthority.wmo.int/authorities.php?recId=354,© World Meteorological Organization,https://old.wmo.int/extranet/pages/documents/wmo.vcf
WMO Register of Alerting Authorities,https://alertingauthority.wmo.int/authorities.php?recId=354,Copyright,https://public.wmo.int/en/copyright
WMO Register of Alerting Authorities,https://alertingauthority.wmo.int/authorities.php?recId=354,Privacy Policy,https://public.wmo.int/en/privacy-policy
WMO Register of Alerting Authorities,https://alertingauthority.wmo.int/authorities.php?recId=354,Disclaimer,https://public.wmo.int/en/disclaimer
WMO Register of Alerting Authorities,https://alertingauthority.wmo.int/authorities.php?recId=354,Map disclaimer,https://public.wmo.int/en/disclaimer#mapdisclaimer
WMO Register of Alerting Authorities,https://alertingauthority.wmo.int/authorities.php?recId=355,,https://public.wmo.int/en
WMO Register of Alerting Authorities,https://alertingauthority.wmo.int/authorities.php?recId=355,HOME,https://public.wmo.int/en
WMO Register of Alerting Authorities,https://alertingauthority.wmo.int/authorities.php?recId=355,WORLDWEATHER,https://worldweather.wmo.int
WMO Register of Alerting Authorities,https://alertingauthority.wmo.int/authorities.php?recId=355,SEVERE WEATHER,https://severeweather.wmo.int
WMO Register of Alerting Authorities,https://alertingauthority.wmo.int/authorities.php?recId=355,Public Weather Services,https://public.wmo.int/en/programmes/public-weather-services-programme
WMO Register of Alerting Authorities,https://alertingauthority.wmo.int/authorities.php?recId=355,please contact us,https://public.wmo.int/en/about-us/contact-us
WMO Register of Alerting Authorities,https://alertingauthority.wmo.int/authorities.php?recId=355,© World Meteorological Organization,https://old.wmo.int/extranet/pages/documents/wmo.vcf
WMO Register of Alerting Authorities,https://alertingauthority.wmo.int/authorities.php?recId=355,Copyright,https://public.wmo.int/en/copyright
WMO Register of Alerting Authorities,https://alertingauthority.wmo.int/authorities.php?recId=355,Privacy Policy,https://public.wmo.int/en/privacy-policy
WMO Register of Alerting Authorities,https://alertingauthority.wmo.int/authorities.php?recId=355,Disclaimer,https://public.wmo.int/en/disclaimer
WMO Register of Alerting Authorities,https://alertingauthority.wmo.int/authorities.php?recId=355,Map disclaimer,https://public.wmo.int/en/disclaimer#mapdisclaimer
WMO Register of Alerting Authorities,https://alertingauthority.wmo.int/authorities.php?recId=356,,https://public.wmo.int/en
WMO Register of Alerting Authorities,https://alertingauthority.wmo.int/authorities.php?recId=356,HOME,https://public.wmo.int/en
WMO Register of Alerting Authorities,https://alertingauthority.wmo.int/authorities.php?recId=356,WORLDWEATHER,https://worldweather.wmo.int
WMO Register of Alerting Authorities,https://alertingauthority.wmo.int/authorities.php?recId=356,SEVERE WEATHER,https://severeweather.wmo.int
WMO Register of Alerting Authorities,https://alertingauthority.wmo.int/authorities.php?recId=356,Public Weather Services,https://public.wmo.int/en/programmes/public-weather-services-programme
WMO Register of Alerting Authorities,https://alertingauthority.wmo.int/authorities.php?recId=356,please contact us,https://public.wmo.int/en/about-us/contact-us
WMO Register of Alerting Authorities,https://alertingauthority.wmo.int/authorities.php?recId=356,© World Meteorological Organization,https://old.wmo.int/extranet/pages/documents/wmo.vcf
WMO Register of Alerting Authorities,https://alertingauthority.wmo.int/authorities.php?recId=356,Copyright,https://public.wmo.int/en/copyright
WMO Register of Alerting Authorities,https://alertingauthority.wmo.int/authorities.php?recId=356,Privacy Policy,https://public.wmo.int/en/privacy-policy
WMO Register of Alerting Authorities,https://alertingauthority.wmo.int/authorities.php?recId=356,Disclaimer,https://public.wmo.int/en/disclaimer
WMO Register of Alerting Authorities,https://alertingauthority.wmo.int/authorities.php?recId=356,Map disclaimer,https://public.wmo.int/en/disclaimer#mapdisclaimer
WMO Register of Alerting Authorities,https://alertingauthority.wmo.int/authorities.php?recId=357,,https://public.wmo.int/en
WMO Register of Alerting Authorities,https://alertingauthority.wmo.int/authorities.php?recId=357,HOME,https://public.wmo.int/en
WMO Register of Alerting Authorities,https://alertingauthority.wmo.int/authorities.php?recId=357,WORLDWEATHER,https://worldweather.wmo.int
WMO Register of Alerting Authorities,https://alertingauthority.wmo.int/authorities.php?recId=357,SEVERE WEATHER,https://severeweather.wmo.int
WMO Register of Alerting Authorities,https://alertingauthority.wmo.int/authorities.php?recId=357,Public Weather Services,https://public.wmo.int/en/programmes/public-weather-services-programme
WMO Register of Alerting Authorities,https://alertingauthority.wmo.int/authorities.php?recId=357,please contact us,https://public.wmo.int/en/about-us/contact-us
WMO Register of Alerting Authorities,https://alertingauthority.wmo.int/authorities.php?recId=357,© World Meteorological Organization,https://old.wmo.int/extranet/pages/documents/wmo.vcf
WMO Register of Alerting Authorities,https://alertingauthority.wmo.int/authorities.php?recId=357,Copyright,https://public.wmo.int/en/copyright
WMO Register of Alerting Authorities,https://alertingauthority.wmo.int/authorities.php?recId=357,Privacy Policy,https://public.wmo.int/en/privacy-policy
WMO Register of Alerting Authorities,https://alertingauthority.wmo.int/authorities.php?recId=357,Disclaimer,https://public.wmo.int/en/disclaimer
WMO Register of Alerting Authorities,https://alertingauthority.wmo.int/authorities.php?recId=357,Map disclaimer,https://public.wmo.int/en/disclaimer#mapdisclaimer
WMO Register of Alerting Authorities,https://alertingauthority.wmo.int/authorities.php?recId=358,,https://public.wmo.int/en
WMO Register of Alerting Authorities,https://alertingauthority.wmo.int/authorities.php?recId=358,HOME,https://public.wmo.int/en
WMO Register of Alerting Authorities,https://alertingauthority.wmo.int/authorities.php?recId=358,WORLDWEATHER,https://worldweather.wmo.int
WMO Register of Alerting Authorities,https://alertingauthority.wmo.int/authorities.php?recId=358,SEVERE WEATHER,https://severeweather.wmo.int
WMO Register of Alerting Authorities,https://alertingauthority.wmo.int/authorities.php?recId=358,Public Weather Services,https://public.wmo.int/en/programmes/public-weather-services-programme
WMO Register of Alerting Authorities,https://alertingauthority.wmo.int/authorities.php?recId=358,please contact us,https://public.wmo.int/en/about-us/contact-us
WMO Register of Alerting Authorities,https://alertingauthority.wmo.int/authorities.php?recId=358,© World Meteorological Organization,https://old.wmo.int/extranet/pages/documents/wmo.vcf
WMO Register of Alerting Authorities,https://alertingauthority.wmo.int/authorities.php?recId=358,Copyright,https://public.wmo.int/en/copyright
WMO Register of Alerting Authorities,https://alertingauthority.wmo.int/authorities.php?recId=358,Privacy Policy,https://public.wmo.int/en/privacy-policy
WMO Register of Alerting Authorities,https://alertingauthority.wmo.int/authorities.php?recId=358,Disclaimer,https://public.wmo.int/en/disclaimer
WMO Register of Alerting Authorities,https://alertingauthority.wmo.int/authorities.php?recId=358,Map disclaimer,https://public.wmo.int/en/disclaimer#mapdisclaimer
WMO Register of Alerting Authorities,https://alertingauthority.wmo.int/authorities.php?recId=359,,https://public.wmo.int/en
WMO Register of Alerting Authorities,https://alertingauthority.wmo.int/authorities.php?recId=359,HOME,https://public.wmo.int/en
WMO Register of Alerting Authorities,https://alertingauthority.wmo.int/authorities.php?recId=359,WORLDWEATHER,https://worldweather.wmo.int
WMO Register of Alerting Authorities,https://alertingauthority.wmo.int/authorities.php?recId=359,SEVERE WEATHER,https://severeweather.wmo.int
WMO Register of Alerting Authorities,https://alertingauthority.wmo.int/authorities.php?recId=359,Public Weather Services,https://public.wmo.int/en/programmes/public-weather-services-programme
WMO Register of Alerting Authorities,https://alertingauthority.wmo.int/authorities.php?recId=359,please contact us,https://public.wmo.int/en/about-us/contact-us
WMO Register of Alerting Authorities,https://alertingauthority.wmo.int/authorities.php?recId=359,© World Meteorological Organization,https://old.wmo.int/extranet/pages/documents/wmo.vcf
WMO Register of Alerting Authorities,https://alertingauthority.wmo.int/authorities.php?recId=359,Copyright,https://public.wmo.int/en/copyright
WMO Register of Alerting Authorities,https://alertingauthority.wmo.int/authorities.php?recId=359,Privacy Policy,https://public.wmo.int/en/privacy-policy
WMO Register of Alerting Authorities,https://alertingauthority.wmo.int/authorities.php?recId=359,Disclaimer,https://public.wmo.int/en/disclaimer
WMO Register of Alerting Authorities,https://alertingauthority.wmo.int/authorities.php?recId=359,Map disclaimer,https://public.wmo.int/en/disclaimer#mapdisclaimer
WMO Register of Alerting Authorities,https://alertingauthority.wmo.int/authorities.php?recId=360,,https://public.wmo.int/en
WMO Register of Alerting Authorities,https://alertingauthority.wmo.int/authorities.php?recId=360,HOME,https://public.wmo.int/en
WMO Register of Alerting Authorities,https://alertingauthority.wmo.int/authorities.php?recId=360,WORLDWEATHER,https://worldweather.wmo.int
WMO Register of Alerting Authorities,https://alertingauthority.wmo.int/authorities.php?recId=360,SEVERE WEATHER,https://severeweather.wmo.int
WMO Register of Alerting Authorities,https://alertingauthority.wmo.int/authorities.php?recId=360,Public Weather Services,https://public.wmo.int/en/programmes/public-weather-services-programme
WMO Register of Alerting Authorities,https://alertingauthority.wmo.int/authorities.php?recId=360,please contact us,https://public.wmo.int/en/about-us/contact-us
WMO Register of Alerting Authorities,https://alertingauthority.wmo.int/authorities.php?recId=360,© World Meteorological Organization,https://old.wmo.int/extranet/pages/documents/wmo.vcf
WMO Register of Alerting Authorities,https://alertingauthority.wmo.int/authorities.php?recId=360,Copyright,https://public.wmo.int/en/copyright
WMO Register of Alerting Authorities,https://alertingauthority.wmo.int/authorities.php?recId=360,Privacy Policy,https://public.wmo.int/en/privacy-policy
WMO Register of Alerting Authorities,https://alertingauthority.wmo.int/authorities.php?recId=360,Disclaimer,https://public.wmo.int/en/disclaimer
WMO Register of Alerting Authorities,https://alertingauthority.wmo.int/authorities.php?recId=360,Map disclaimer,https://public.wmo.int/en/disclaimer#mapdisclaimer
WMO Register of Alerting Authorities,https://alertingauthority.wmo.int/authorities.php?recId=361,,https://public.wmo.int/en
WMO Register of Alerting Authorities,https://alertingauthority.wmo.int/authorities.php?recId=361,HOME,https://public.wmo.int/en
WMO Register of Alerting Authorities,https://alertingauthority.wmo.int/authorities.php?recId=361,WORLDWEATHER,https://worldweather.wmo.int
WMO Register of Alerting Authorities,https://alertingauthority.wmo.int/authorities.php?recId=361,SEVERE WEATHER,https://severeweather.wmo.int
WMO Register of Alerting Authorities,https://alertingauthority.wmo.int/authorities.php?recId=361,Public Weather Services,https://public.wmo.int/en/programmes/public-weather-services-programme
WMO Register of Alerting Authorities,https://alertingauthority.wmo.int/authorities.php?recId=361,please contact us,https://public.wmo.int/en/about-us/contact-us
WMO Register of Alerting Authorities,https://alertingauthority.wmo.int/authorities.php?recId=361,© World Meteorological Organization,https://old.wmo.int/extranet/pages/documents/wmo.vcf
WMO Register of Alerting Authorities,https://alertingauthority.wmo.int/authorities.php?recId=361,Copyright,https://public.wmo.int/en/copyright
WMO Register of Alerting Authorities,https://alertingauthority.wmo.int/authorities.php?recId=361,Privacy Policy,https://public.wmo.int/en/privacy-policy
WMO Register of Alerting Authorities,https://alertingauthority.wmo.int/authorities.php?recId=361,Disclaimer,https://public.wmo.int/en/disclaimer
WMO Register of Alerting Authorities,https://alertingauthority.wmo.int/authorities.php?recId=361,Map disclaimer,https://public.wmo.int/en/disclaimer#mapdisclaimer
WMO Register of Alerting Authorities,https://alertingauthority.wmo.int/authorities.php?recId=362,,https://public.wmo.int/en
WMO Register of Alerting Authorities,https://alertingauthority.wmo.int/authorities.php?recId=362,HOME,https://public.wmo.int/en
WMO Register of Alerting Authorities,https://alertingauthority.wmo.int/authorities.php?recId=362,WORLDWEATHER,https://worldweather.wmo.int
WMO Register of Alerting Authorities,https://alertingauthority.wmo.int/authorities.php?recId=362,SEVERE WEATHER,https://severeweather.wmo.int
WMO Register of Alerting Authorities,https://alertingauthority.wmo.int/authorities.php?recId=362,Public Weather Services,https://public.wmo.int/en/programmes/public-weather-services-programme
WMO Register of Alerting Authorities,https://alertingauthority.wmo.int/authorities.php?recId=362,please contact us,https://public.wmo.int/en/about-us/contact-us
WMO Register of Alerting Authorities,https://alertingauthority.wmo.int/authorities.php?recId=362,© World Meteorological Organization,https://old.wmo.int/extranet/pages/documents/wmo.vcf
WMO Register of Alerting Authorities,https://alertingauthority.wmo.int/authorities.php?recId=362,Copyright,https://public.wmo.int/en/copyright
WMO Register of Alerting Authorities,https://alertingauthority.wmo.int/authorities.php?recId=362,Privacy Policy,https://public.wmo.int/en/privacy-policy
WMO Register of Alerting Authorities,https://alertingauthority.wmo.int/authorities.php?recId=362,Disclaimer,https://public.wmo.int/en/disclaimer
WMO Register of Alerting Authorities,https://alertingauthority.wmo.int/authorities.php?recId=362,Map disclaimer,https://public.wmo.int/en/disclaimer#mapdisclaimer
WMO Register of Alerting Authorities,https://alertingauthority.wmo.int/authorities.php?recId=363,,https://public.wmo.int/en
WMO Register of Alerting Authorities,https://alertingauthority.wmo.int/authorities.php?recId=363,HOME,https://public.wmo.int/en
WMO Register of Alerting Authorities,https://alertingauthority.wmo.int/authorities.php?recId=363,WORLDWEATHER,https://worldweather.wmo.int
WMO Register of Alerting Authorities,https://alertingauthority.wmo.int/authorities.php?recId=363,SEVERE WEATHER,https://severeweather.wmo.int
WMO Register of Alerting Authorities,https://alertingauthority.wmo.int/authorities.php?recId=363,Public Weather Services,https://public.wmo.int/en/programmes/public-weather-services-programme
WMO Register of Alerting Authorities,https://alertingauthority.wmo.int/authorities.php?recId=363,please contact us,https://public.wmo.int/en/about-us/contact-us
WMO Register of Alerting Authorities,https://alertingauthority.wmo.int/authorities.php?recId=363,© World Meteorological Organization,https://old.wmo.int/extranet/pages/documents/wmo.vcf
WMO Register of Alerting Authorities,https://alertingauthority.wmo.int/authorities.php?recId=363,Copyright,https://public.wmo.int/en/copyright
WMO Register of Alerting Authorities,https://alertingauthority.wmo.int/authorities.php?recId=363,Privacy Policy,https://public.wmo.int/en/privacy-policy
WMO Register of Alerting Authorities,https://alertingauthority.wmo.int/authorities.php?recId=363,Disclaimer,https://public.wmo.int/en/disclaimer
WMO Register of Alerting Authorities,https://alertingauthority.wmo.int/authorities.php?recId=363,Map disclaimer,https://public.wmo.int/en/disclaimer#mapdisclaimer
WMO Register of Alerting Authorities,https://alertingauthority.wmo.int/authorities.php?recId=364,,https://public.wmo.int/en
WMO Register of Alerting Authorities,https://alertingauthority.wmo.int/authorities.php?recId=364,HOME,https://public.wmo.int/en
WMO Register of Alerting Authorities,https://alertingauthority.wmo.int/authorities.php?recId=364,WORLDWEATHER,https://worldweather.wmo.int
WMO Register of Alerting Authorities,https://alertingauthority.wmo.int/authorities.php?recId=364,SEVERE WEATHER,https://severeweather.wmo.int
WMO Register of Alerting Authorities,https://alertingauthority.wmo.int/authorities.php?recId=364,Public Weather Services,https://public.wmo.int/en/programmes/public-weather-services-programme
WMO Register of Alerting Authorities,https://alertingauthority.wmo.int/authorities.php?recId=364,please contact us,https://public.wmo.int/en/about-us/contact-us
WMO Register of Alerting Authorities,https://alertingauthority.wmo.int/authorities.php?recId=364,© World Meteorological Organization,https://old.wmo.int/extranet/pages/documents/wmo.vcf
WMO Register of Alerting Authorities,https://alertingauthority.wmo.int/authorities.php?recId=364,Copyright,https://public.wmo.int/en/copyright
WMO Register of Alerting Authorities,https://alertingauthority.wmo.int/authorities.php?recId=364,Privacy Policy,https://public.wmo.int/en/privacy-policy
WMO Register of Alerting Authorities,https://alertingauthority.wmo.int/authorities.php?recId=364,Disclaimer,https://public.wmo.int/en/disclaimer
WMO Register of Alerting Authorities,https://alertingauthority.wmo.int/authorities.php?recId=364,Map disclaimer,https://public.wmo.int/en/disclaimer#mapdisclaimer
WMO Register of Alerting Authorities,https://alertingauthority.wmo.int/authorities.php?recId=365,,https://public.wmo.int/en
WMO Register of Alerting Authorities,https://alertingauthority.wmo.int/authorities.php?recId=365,HOME,https://public.wmo.int/en
WMO Register of Alerting Authorities,https://alertingauthority.wmo.int/authorities.php?recId=365,WORLDWEATHER,https://worldweather.wmo.int
WMO Register of Alerting Authorities,https://alertingauthority.wmo.int/authorities.php?recId=365,SEVERE WEATHER,https://severeweather.wmo.int
WMO Register of Alerting Authorities,https://alertingauthority.wmo.int/authorities.php?recId=365,Public Weather Services,https://public.wmo.int/en/programmes/public-weather-services-programme
WMO Register of Alerting Authorities,https://alertingauthority.wmo.int/authorities.php?recId=365,please contact us,https://public.wmo.int/en/about-us/contact-us
WMO Register of Alerting Authorities,https://alertingauthority.wmo.int/authorities.php?recId=365,© World Meteorological Organization,https://old.wmo.int/extranet/pages/documents/wmo.vcf
WMO Register of Alerting Authorities,https://alertingauthority.wmo.int/authorities.php?recId=365,Copyright,https://public.wmo.int/en/copyright
WMO Register of Alerting Authorities,https://alertingauthority.wmo.int/authorities.php?recId=365,Privacy Policy,https://public.wmo.int/en/privacy-policy
WMO Register of Alerting Authorities,https://alertingauthority.wmo.int/authorities.php?recId=365,Disclaimer,https://public.wmo.int/en/disclaimer
WMO Register of Alerting Authorities,https://alertingauthority.wmo.int/authorities.php?recId=365,Map disclaimer,https://public.wmo.int/en/disclaimer#mapdisclaimer
WMO Register of Alerting Authorities,https://alertingauthority.wmo.int/authorities.php?recId=366,,https://public.wmo.int/en
WMO Register of Alerting Authorities,https://alertingauthority.wmo.int/authorities.php?recId=366,HOME,https://public.wmo.int/en
WMO Register of Alerting Authorities,https://alertingauthority.wmo.int/authorities.php?recId=366,WORLDWEATHER,https://worldweather.wmo.int
WMO Register of Alerting Authorities,https://alertingauthority.wmo.int/authorities.php?recId=366,SEVERE WEATHER,https://severeweather.wmo.int
WMO Register of Alerting Authorities,https://alertingauthority.wmo.int/authorities.php?recId=366,Public Weather Services,https://public.wmo.int/en/programmes/public-weather-services-programme
WMO Register of Alerting Authorities,https://alertingauthority.wmo.int/authorities.php?recId=366,please contact us,https://public.wmo.int/en/about-us/contact-us
WMO Register of Alerting Authorities,https://alertingauthority.wmo.int/authorities.php?recId=366,© World Meteorological Organization,https://old.wmo.int/extranet/pages/documents/wmo.vcf
WMO Register of Alerting Authorities,https://alertingauthority.wmo.int/authorities.php?recId=366,Copyright,https://public.wmo.int/en/copyright
WMO Register of Alerting Authorities,https://alertingauthority.wmo.int/authorities.php?recId=366,Privacy Policy,https://public.wmo.int/en/privacy-policy
WMO Register of Alerting Authorities,https://alertingauthority.wmo.int/authorities.php?recId=366,Disclaimer,https://public.wmo.int/en/disclaimer
WMO Register of Alerting Authorities,https://alertingauthority.wmo.int/authorities.php?recId=366,Map disclaimer,https://public.wmo.int/en/disclaimer#mapdisclaimer
WMO Register of Alerting Authorities,https://alertingauthority.wmo.int/authorities.php?recId=367,,https://public.wmo.int/en
WMO Register of Alerting Authorities,https://alertingauthority.wmo.int/authorities.php?recId=367,HOME,https://public.wmo.int/en
WMO Register of Alerting Authorities,https://alertingauthority.wmo.int/authorities.php?recId=367,WORLDWEATHER,https://worldweather.wmo.int
WMO Register of Alerting Authorities,https://alertingauthority.wmo.int/authorities.php?recId=367,SEVERE WEATHER,https://severeweather.wmo.int
WMO Register of Alerting Authorities,https://alertingauthority.wmo.int/authorities.php?recId=367,Public Weather Services,https://public.wmo.int/en/programmes/public-weather-services-programme
WMO Register of Alerting Authorities,https://alertingauthority.wmo.int/authorities.php?recId=367,please contact us,https://public.wmo.int/en/about-us/contact-us
WMO Register of Alerting Authorities,https://alertingauthority.wmo.int/authorities.php?recId=367,© World Meteorological Organization,https://old.wmo.int/extranet/pages/documents/wmo.vcf
WMO Register of Alerting Authorities,https://alertingauthority.wmo.int/authorities.php?recId=367,Copyright,https://public.wmo.int/en/copyright
WMO Register of Alerting Authorities,https://alertingauthority.wmo.int/authorities.php?recId=367,Privacy Policy,https://public.wmo.int/en/privacy-policy
WMO Register of Alerting Authorities,https://alertingauthority.wmo.int/authorities.php?recId=367,Disclaimer,https://public.wmo.int/en/disclaimer
WMO Register of Alerting Authorities,https://alertingauthority.wmo.int/authorities.php?recId=367,Map disclaimer,https://public.wmo.int/en/disclaimer#mapdisclaimer
WMO Register of Alerting Authorities,https://alertingauthority.wmo.int/authorities.php?recId=368,,https://public.wmo.int/en
WMO Register of Alerting Authorities,https://alertingauthority.wmo.int/authorities.php?recId=368,HOME,https://public.wmo.int/en
WMO Register of Alerting Authorities,https://alertingauthority.wmo.int/authorities.php?recId=368,WORLDWEATHER,https://worldweather.wmo.int
WMO Register of Alerting Authorities,https://alertingauthority.wmo.int/authorities.php?recId=368,SEVERE WEATHER,https://severeweather.wmo.int
WMO Register of Alerting Authorities,https://alertingauthority.wmo.int/authorities.php?recId=368,Public Weather Services,https://public.wmo.int/en/programmes/public-weather-services-programme
WMO Register of Alerting Authorities,https://alertingauthority.wmo.int/authorities.php?recId=368,please contact us,https://public.wmo.int/en/about-us/contact-us
WMO Register of Alerting Authorities,https://alertingauthority.wmo.int/authorities.php?recId=368,© World Meteorological Organization,https://old.wmo.int/extranet/pages/documents/wmo.vcf
WMO Register of Alerting Authorities,https://alertingauthority.wmo.int/authorities.php?recId=368,Copyright,https://public.wmo.int/en/copyright
WMO Register of Alerting Authorities,https://alertingauthority.wmo.int/authorities.php?recId=368,Privacy Policy,https://public.wmo.int/en/privacy-policy
WMO Register of Alerting Authorities,https://alertingauthority.wmo.int/authorities.php?recId=368,Disclaimer,https://public.wmo.int/en/disclaimer
WMO Register of Alerting Authorities,https://alertingauthority.wmo.int/authorities.php?recId=368,Map disclaimer,https://public.wmo.int/en/disclaimer#mapdisclaimer
WMO Register of Alerting Authorities,https://alertingauthority.wmo.int/authorities.php?recId=369,,https://public.wmo.int/en
WMO Register of Alerting Authorities,https://alertingauthority.wmo.int/authorities.php?recId=369,HOME,https://public.wmo.int/en
WMO Register of Alerting Authorities,https://alertingauthority.wmo.int/authorities.php?recId=369,WORLDWEATHER,https://worldweather.wmo.int
WMO Register of Alerting Authorities,https://alertingauthority.wmo.int/authorities.php?recId=369,SEVERE WEATHER,https://severeweather.wmo.int
WMO Register of Alerting Authorities,https://alertingauthority.wmo.int/authorities.php?recId=369,Public Weather Services,https://public.wmo.int/en/programmes/public-weather-services-programme
WMO Register of Alerting Authorities,https://alertingauthority.wmo.int/authorities.php?recId=369,please contact us,https://public.wmo.int/en/about-us/contact-us
WMO Register of Alerting Authorities,https://alertingauthority.wmo.int/authorities.php?recId=369,© World Meteorological Organization,https://old.wmo.int/extranet/pages/documents/wmo.vcf
WMO Register of Alerting Authorities,https://alertingauthority.wmo.int/authorities.php?recId=369,Copyright,https://public.wmo.int/en/copyright
WMO Register of Alerting Authorities,https://alertingauthority.wmo.int/authorities.php?recId=369,Privacy Policy,https://public.wmo.int/en/privacy-policy
WMO Register of Alerting Authorities,https://alertingauthority.wmo.int/authorities.php?recId=369,Disclaimer,https://public.wmo.int/en/disclaimer
WMO Register of Alerting Authorities,https://alertingauthority.wmo.int/authorities.php?recId=369,Map disclaimer,https://public.wmo.int/en/disclaimer#mapdisclaimer
WMO Register of Alerting Authorities,https://alertingauthority.wmo.int/authorities.php?recId=370,,https://public.wmo.int/en
WMO Register of Alerting Authorities,https://alertingauthority.wmo.int/authorities.php?recId=370,HOME,https://public.wmo.int/en
WMO Register of Alerting Authorities,https://alertingauthority.wmo.int/authorities.php?recId=370,WORLDWEATHER,https://worldweather.wmo.int
WMO Register of Alerting Authorities,https://alertingauthority.wmo.int/authorities.php?recId=370,SEVERE WEATHER,https://severeweather.wmo.int
WMO Register of Alerting Authorities,https://alertingauthority.wmo.int/authorities.php?recId=370,Public Weather Services,https://public.wmo.int/en/programmes/public-weather-services-programme
WMO Register of Alerting Authorities,https://alertingauthority.wmo.int/authorities.php?recId=370,please contact us,https://public.wmo.int/en/about-us/contact-us
WMO Register of Alerting Authorities,https://alertingauthority.wmo.int/authorities.php?recId=370,© World Meteorological Organization,https://old.wmo.int/extranet/pages/documents/wmo.vcf
WMO Register of Alerting Authorities,https://alertingauthority.wmo.int/authorities.php?recId=370,Copyright,https://public.wmo.int/en/copyright
WMO Register of Alerting Authorities,https://alertingauthority.wmo.int/authorities.php?recId=370,Privacy Policy,https://public.wmo.int/en/privacy-policy
WMO Register of Alerting Authorities,https://alertingauthority.wmo.int/authorities.php?recId=370,Disclaimer,https://public.wmo.int/en/disclaimer
WMO Register of Alerting Authorities,https://alertingauthority.wmo.int/authorities.php?recId=370,Map disclaimer,https://public.wmo.int/en/disclaimer#mapdisclaimer
WMO Register of Alerting Authorities,https://alertingauthority.wmo.int/authorities.php?recId=371,,https://public.wmo.int/en
WMO Register of Alerting Authorities,https://alertingauthority.wmo.int/authorities.php?recId=371,HOME,https://public.wmo.int/en
WMO Register of Alerting Authorities,https://alertingauthority.wmo.int/authorities.php?recId=371,WORLDWEATHER,https://worldweather.wmo.int
WMO Register of Alerting Authorities,https://alertingauthority.wmo.int/authorities.php?recId=371,SEVERE WEATHER,https://severeweather.wmo.int
WMO Register of Alerting Authorities,https://alertingauthority.wmo.int/authorities.php?recId=371,Public Weather Services,https://public.wmo.int/en/programmes/public-weather-services-programme
WMO Register of Alerting Authorities,https://alertingauthority.wmo.int/authorities.php?recId=371,please contact us,https://public.wmo.int/en/about-us/contact-us
WMO Register of Alerting Authorities,https://alertingauthority.wmo.int/authorities.php?recId=371,© World Meteorological Organization,https://old.wmo.int/extranet/pages/documents/wmo.vcf
WMO Register of Alerting Authorities,https://alertingauthority.wmo.int/authorities.php?recId=371,Copyright,https://public.wmo.int/en/copyright
WMO Register of Alerting Authorities,https://alertingauthority.wmo.int/authorities.php?recId=371,Privacy Policy,https://public.wmo.int/en/privacy-policy
WMO Register of Alerting Authorities,https://alertingauthority.wmo.int/authorities.php?recId=371,Disclaimer,https://public.wmo.int/en/disclaimer
WMO Register of Alerting Authorities,https://alertingauthority.wmo.int/authorities.php?recId=371,Map disclaimer,https://public.wmo.int/en/disclaimer#mapdisclaimer
WMO Register of Alerting Authorities,https://alertingauthority.wmo.int/authorities.php?recId=372,,https://public.wmo.int/en
WMO Register of Alerting Authorities,https://alertingauthority.wmo.int/authorities.php?recId=372,HOME,https://public.wmo.int/en
WMO Register of Alerting Authorities,https://alertingauthority.wmo.int/authorities.php?recId=372,WORLDWEATHER,https://worldweather.wmo.int
WMO Register of Alerting Authorities,https://alertingauthority.wmo.int/authorities.php?recId=372,SEVERE WEATHER,https://severeweather.wmo.int
WMO Register of Alerting Authorities,https://alertingauthority.wmo.int/authorities.php?recId=372,Public Weather Services,https://public.wmo.int/en/programmes/public-weather-services-programme
WMO Register of Alerting Authorities,https://alertingauthority.wmo.int/authorities.php?recId=372,please contact us,https://public.wmo.int/en/about-us/contact-us
WMO Register of Alerting Authorities,https://alertingauthority.wmo.int/authorities.php?recId=372,© World Meteorological Organization,https://old.wmo.int/extranet/pages/documents/wmo.vcf
WMO Register of Alerting Authorities,https://alertingauthority.wmo.int/authorities.php?recId=372,Copyright,https://public.wmo.int/en/copyright
WMO Register of Alerting Authorities,https://alertingauthority.wmo.int/authorities.php?recId=372,Privacy Policy,https://public.wmo.int/en/privacy-policy
WMO Register of Alerting Authorities,https://alertingauthority.wmo.int/authorities.php?recId=372,Disclaimer,https://public.wmo.int/en/disclaimer
WMO Register of Alerting Authorities,https://alertingauthority.wmo.int/authorities.php?recId=372,Map disclaimer,https://public.wmo.int/en/disclaimer#mapdisclaimer
WMO Register of Alerting Authorities,https://alertingauthority.wmo.int/authorities.php?recId=373,,https://public.wmo.int/en
WMO Register of Alerting Authorities,https://alertingauthority.wmo.int/authorities.php?recId=373,HOME,https://public.wmo.int/en
WMO Register of Alerting Authorities,https://alertingauthority.wmo.int/authorities.php?recId=373,WORLDWEATHER,https://worldweather.wmo.int
WMO Register of Alerting Authorities,https://alertingauthority.wmo.int/authorities.php?recId=373,SEVERE WEATHER,https://severeweather.wmo.int
WMO Register of Alerting Authorities,https://alertingauthority.wmo.int/authorities.php?recId=373,Public Weather Services,https://public.wmo.int/en/programmes/public-weather-services-programme
WMO Register of Alerting Authorities,https://alertingauthority.wmo.int/authorities.php?recId=373,please contact us,https://public.wmo.int/en/about-us/contact-us
WMO Register of Alerting Authorities,https://alertingauthority.wmo.int/authorities.php?recId=373,© World Meteorological Organization,https://old.wmo.int/extranet/pages/documents/wmo.vcf
WMO Register of Alerting Authorities,https://alertingauthority.wmo.int/authorities.php?recId=373,Copyright,https://public.wmo.int/en/copyright
WMO Register of Alerting Authorities,https://alertingauthority.wmo.int/authorities.php?recId=373,Privacy Policy,https://public.wmo.int/en/privacy-policy
WMO Register of Alerting Authorities,https://alertingauthority.wmo.int/authorities.php?recId=373,Disclaimer,https://public.wmo.int/en/disclaimer
WMO Register of Alerting Authorities,https://alertingauthority.wmo.int/authorities.php?recId=373,Map disclaimer,https://public.wmo.int/en/disclaimer#mapdisclaimer
WMO Register of Alerting Authorities,https://alertingauthority.wmo.int/authorities.php?recId=374,,https://public.wmo.int/en
WMO Register of Alerting Authorities,https://alertingauthority.wmo.int/authorities.php?recId=374,HOME,https://public.wmo.int/en
WMO Register of Alerting Authorities,https://alertingauthority.wmo.int/authorities.php?recId=374,WORLDWEATHER,https://worldweather.wmo.int
WMO Register of Alerting Authorities,https://alertingauthority.wmo.int/authorities.php?recId=374,SEVERE WEATHER,https://severeweather.wmo.int
WMO Register of Alerting Authorities,https://alertingauthority.wmo.int/authorities.php?recId=374,Public Weather Services,https://public.wmo.int/en/programmes/public-weather-services-programme
WMO Register of Alerting Authorities,https://alertingauthority.wmo.int/authorities.php?recId=374,please contact us,https://public.wmo.int/en/about-us/contact-us
WMO Register of Alerting Authorities,https://alertingauthority.wmo.int/authorities.php?recId=374,© World Meteorological Organization,https://old.wmo.int/extranet/pages/documents/wmo.vcf
WMO Register of Alerting Authorities,https://alertingauthority.wmo.int/authorities.php?recId=374,Copyright,https://public.wmo.int/en/copyright
WMO Register of Alerting Authorities,https://alertingauthority.wmo.int/authorities.php?recId=374,Privacy Policy,https://public.wmo.int/en/privacy-policy
WMO Register of Alerting Authorities,https://alertingauthority.wmo.int/authorities.php?recId=374,Disclaimer,https://public.wmo.int/en/disclaimer
WMO Register of Alerting Authorities,https://alertingauthority.wmo.int/authorities.php?recId=374,Map disclaimer,https://public.wmo.int/en/disclaimer#mapdisclaimer
WMO Register of Alerting Authorities,https://alertingauthority.wmo.int/authorities.php?recId=375,,https://public.wmo.int/en
WMO Register of Alerting Authorities,https://alertingauthority.wmo.int/authorities.php?recId=375,HOME,https://public.wmo.int/en
WMO Register of Alerting Authorities,https://alertingauthority.wmo.int/authorities.php?recId=375,WORLDWEATHER,https://worldweather.wmo.int
WMO Register of Alerting Authorities,https://alertingauthority.wmo.int/authorities.php?recId=375,SEVERE WEATHER,https://severeweather.wmo.int
WMO Register of Alerting Authorities,https://alertingauthority.wmo.int/authorities.php?recId=375,Public Weather Services,https://public.wmo.int/en/programmes/public-weather-services-programme
WMO Register of Alerting Authorities,https://alertingauthority.wmo.int/authorities.php?recId=375,please contact us,https://public.wmo.int/en/about-us/contact-us
WMO Register of Alerting Authorities,https://alertingauthority.wmo.int/authorities.php?recId=375,© World Meteorological Organization,https://old.wmo.int/extranet/pages/documents/wmo.vcf
WMO Register of Alerting Authorities,https://alertingauthority.wmo.int/authorities.php?recId=375,Copyright,https://public.wmo.int/en/copyright
WMO Register of Alerting Authorities,https://alertingauthority.wmo.int/authorities.php?recId=375,Privacy Policy,https://public.wmo.int/en/privacy-policy
WMO Register of Alerting Authorities,https://alertingauthority.wmo.int/authorities.php?recId=375,Disclaimer,https://public.wmo.int/en/disclaimer
WMO Register of Alerting Authorities,https://alertingauthority.wmo.int/authorities.php?recId=375,Map disclaimer,https://public.wmo.int/en/disclaimer#mapdisclaimer
WMO Register of Alerting Authorities,https://alertingauthority.wmo.int/authorities.php?recId=376,,https://public.wmo.int/en
WMO Register of Alerting Authorities,https://alertingauthority.wmo.int/authorities.php?recId=376,HOME,https://public.wmo.int/en
WMO Register of Alerting Authorities,https://alertingauthority.wmo.int/authorities.php?recId=376,WORLDWEATHER,https://worldweather.wmo.int
WMO Register of Alerting Authorities,https://alertingauthority.wmo.int/authorities.php?recId=376,SEVERE WEATHER,https://severeweather.wmo.int
WMO Register of Alerting Authorities,https://alertingauthority.wmo.int/authorities.php?recId=376,Public Weather Services,https://public.wmo.int/en/programmes/public-weather-services-programme
WMO Register of Alerting Authorities,https://alertingauthority.wmo.int/authorities.php?recId=376,please contact us,https://public.wmo.int/en/about-us/contact-us
WMO Register of Alerting Authorities,https://alertingauthority.wmo.int/authorities.php?recId=376,© World Meteorological Organization,https://old.wmo.int/extranet/pages/documents/wmo.vcf
WMO Register of Alerting Authorities,https://alertingauthority.wmo.int/authorities.php?recId=376,Copyright,https://public.wmo.int/en/copyright
WMO Register of Alerting Authorities,https://alertingauthority.wmo.int/authorities.php?recId=376,Privacy Policy,https://public.wmo.int/en/privacy-policy
WMO Register of Alerting Authorities,https://alertingauthority.wmo.int/authorities.php?recId=376,Disclaimer,https://public.wmo.int/en/disclaimer
WMO Register of Alerting Authorities,https://alertingauthority.wmo.int/authorities.php?recId=376,Map disclaimer,https://public.wmo.int/en/disclaimer#mapdisclaimer
WMO Register of Alerting Authorities,https://alertingauthority.wmo.int/authorities.php?recId=377,,https://public.wmo.int/en
WMO Register of Alerting Authorities,https://alertingauthority.wmo.int/authorities.php?recId=377,HOME,https://public.wmo.int/en
WMO Register of Alerting Authorities,https://alertingauthority.wmo.int/authorities.php?recId=377,WORLDWEATHER,https://worldweather.wmo.int
WMO Register of Alerting Authorities,https://alertingauthority.wmo.int/authorities.php?recId=377,SEVERE WEATHER,https://severeweather.wmo.int
WMO Register of Alerting Authorities,https://alertingauthority.wmo.int/authorities.php?recId=377,Public Weather Services,https://public.wmo.int/en/programmes/public-weather-services-programme
WMO Register of Alerting Authorities,https://alertingauthority.wmo.int/authorities.php?recId=377,please contact us,https://public.wmo.int/en/about-us/contact-us
WMO Register of Alerting Authorities,https://alertingauthority.wmo.int/authorities.php?recId=377,© World Meteorological Organization,https://old.wmo.int/extranet/pages/documents/wmo.vcf
WMO Register of Alerting Authorities,https://alertingauthority.wmo.int/authorities.php?recId=377,Copyright,https://public.wmo.int/en/copyright
WMO Register of Alerting Authorities,https://alertingauthority.wmo.int/authorities.php?recId=377,Privacy Policy,https://public.wmo.int/en/privacy-policy
WMO Register of Alerting Authorities,https://alertingauthority.wmo.int/authorities.php?recId=377,Disclaimer,https://public.wmo.int/en/disclaimer
WMO Register of Alerting Authorities,https://alertingauthority.wmo.int/authorities.php?recId=377,Map disclaimer,https://public.wmo.int/en/disclaimer#mapdisclaimer
WMO Register of Alerting Authorities,https://alertingauthority.wmo.int/authorities.php?recId=378,,https://public.wmo.int/en
WMO Register of Alerting Authorities,https://alertingauthority.wmo.int/authorities.php?recId=378,HOME,https://public.wmo.int/en
WMO Register of Alerting Authorities,https://alertingauthority.wmo.int/authorities.php?recId=378,WORLDWEATHER,https://worldweather.wmo.int
WMO Register of Alerting Authorities,https://alertingauthority.wmo.int/authorities.php?recId=378,SEVERE WEATHER,https://severeweather.wmo.int
WMO Register of Alerting Authorities,https://alertingauthority.wmo.int/authorities.php?recId=378,Public Weather Services,https://public.wmo.int/en/programmes/public-weather-services-programme
WMO Register of Alerting Authorities,https://alertingauthority.wmo.int/authorities.php?recId=378,please contact us,https://public.wmo.int/en/about-us/contact-us
WMO Register of Alerting Authorities,https://alertingauthority.wmo.int/authorities.php?recId=378,© World Meteorological Organization,https://old.wmo.int/extranet/pages/documents/wmo.vcf
WMO Register of Alerting Authorities,https://alertingauthority.wmo.int/authorities.php?recId=378,Copyright,https://public.wmo.int/en/copyright
WMO Register of Alerting Authorities,https://alertingauthority.wmo.int/authorities.php?recId=378,Privacy Policy,https://public.wmo.int/en/privacy-policy
WMO Register of Alerting Authorities,https://alertingauthority.wmo.int/authorities.php?recId=378,Disclaimer,https://public.wmo.int/en/disclaimer
WMO Register of Alerting Authorities,https://alertingauthority.wmo.int/authorities.php?recId=378,Map disclaimer,https://public.wmo.int/en/disclaimer#mapdisclaimer
WMO Register of Alerting Authorities,https://alertingauthority.wmo.int/authorities.php?recId=379,,https://public.wmo.int/en
WMO Register of Alerting Authorities,https://alertingauthority.wmo.int/authorities.php?recId=379,HOME,https://public.wmo.int/en
WMO Register of Alerting Authorities,https://alertingauthority.wmo.int/authorities.php?recId=379,WORLDWEATHER,https://worldweather.wmo.int
WMO Register of Alerting Authorities,https://alertingauthority.wmo.int/authorities.php?recId=379,SEVERE WEATHER,https://severeweather.wmo.int
WMO Register of Alerting Authorities,https://alertingauthority.wmo.int/authorities.php?recId=379,Public Weather Services,https://public.wmo.int/en/programmes/public-weather-services-programme
WMO Register of Alerting Authorities,https://alertingauthority.wmo.int/authorities.php?recId=379,please contact us,https://public.wmo.int/en/about-us/contact-us
WMO Register of Alerting Authorities,https://alertingauthority.wmo.int/authorities.php?recId=379,© World Meteorological Organization,https://old.wmo.int/extranet/pages/documents/wmo.vcf
WMO Register of Alerting Authorities,https://alertingauthority.wmo.int/authorities.php?recId=379,Copyright,https://public.wmo.int/en/copyright
WMO Register of Alerting Authorities,https://alertingauthority.wmo.int/authorities.php?recId=379,Privacy Policy,https://public.wmo.int/en/privacy-policy
WMO Register of Alerting Authorities,https://alertingauthority.wmo.int/authorities.php?recId=379,Disclaimer,https://public.wmo.int/en/disclaimer
WMO Register of Alerting Authorities,https://alertingauthority.wmo.int/authorities.php?recId=379,Map disclaimer,https://public.wmo.int/en/disclaimer#mapdisclaimer
WMO Register of Alerting Authorities,https://alertingauthority.wmo.int/authorities.php?recId=380,,https://public.wmo.int/en
WMO Register of Alerting Authorities,https://alertingauthority.wmo.int/authorities.php?recId=380,HOME,https://public.wmo.int/en
WMO Register of Alerting Authorities,https://alertingauthority.wmo.int/authorities.php?recId=380,WORLDWEATHER,https://worldweather.wmo.int
WMO Register of Alerting Authorities,https://alertingauthority.wmo.int/authorities.php?recId=380,SEVERE WEATHER,https://severeweather.wmo.int
WMO Register of Alerting Authorities,https://alertingauthority.wmo.int/authorities.php?recId=380,Public Weather Services,https://public.wmo.int/en/programmes/public-weather-services-programme
WMO Register of Alerting Authorities,https://alertingauthority.wmo.int/authorities.php?recId=380,please contact us,https://public.wmo.int/en/about-us/contact-us
WMO Register of Alerting Authorities,https://alertingauthority.wmo.int/authorities.php?recId=380,© World Meteorological Organization,https://old.wmo.int/extranet/pages/documents/wmo.vcf
WMO Register of Alerting Authorities,https://alertingauthority.wmo.int/authorities.php?recId=380,Copyright,https://public.wmo.int/en/copyright
WMO Register of Alerting Authorities,https://alertingauthority.wmo.int/authorities.php?recId=380,Privacy Policy,https://public.wmo.int/en/privacy-policy
WMO Register of Alerting Authorities,https://alertingauthority.wmo.int/authorities.php?recId=380,Disclaimer,https://public.wmo.int/en/disclaimer
WMO Register of Alerting Authorities,https://alertingauthority.wmo.int/authorities.php?recId=380,Map disclaimer,https://public.wmo.int/en/disclaimer#mapdisclaimer
WMO Register of Alerting Authorities,https://alertingauthority.wmo.int/authorities.php?recId=381,,https://public.wmo.int/en
WMO Register of Alerting Authorities,https://alertingauthority.wmo.int/authorities.php?recId=381,HOME,https://public.wmo.int/en
WMO Register of Alerting Authorities,https://alertingauthority.wmo.int/authorities.php?recId=381,WORLDWEATHER,https://worldweather.wmo.int
WMO Register of Alerting Authorities,https://alertingauthority.wmo.int/authorities.php?recId=381,SEVERE WEATHER,https://severeweather.wmo.int
WMO Register of Alerting Authorities,https://alertingauthority.wmo.int/authorities.php?recId=381,Public Weather Services,https://public.wmo.int/en/programmes/public-weather-services-programme
WMO Register of Alerting Authorities,https://alertingauthority.wmo.int/authorities.php?recId=381,please contact us,https://public.wmo.int/en/about-us/contact-us
WMO Register of Alerting Authorities,https://alertingauthority.wmo.int/authorities.php?recId=381,© World Meteorological Organization,https://old.wmo.int/extranet/pages/documents/wmo.vcf
WMO Register of Alerting Authorities,https://alertingauthority.wmo.int/authorities.php?recId=381,Copyright,https://public.wmo.int/en/copyright
WMO Register of Alerting Authorities,https://alertingauthority.wmo.int/authorities.php?recId=381,Privacy Policy,https://public.wmo.int/en/privacy-policy
WMO Register of Alerting Authorities,https://alertingauthority.wmo.int/authorities.php?recId=381,Disclaimer,https://public.wmo.int/en/disclaimer
WMO Register of Alerting Authorities,https://alertingauthority.wmo.int/authorities.php?recId=381,Map disclaimer,https://public.wmo.int/en/disclaimer#mapdisclaimer
WMO Register of Alerting Authorities,https://alertingauthority.wmo.int/authorities.php?recId=382,,https://public.wmo.int/en
WMO Register of Alerting Authorities,https://alertingauthority.wmo.int/authorities.php?recId=382,HOME,https://public.wmo.int/en
WMO Register of Alerting Authorities,https://alertingauthority.wmo.int/authorities.php?recId=382,WORLDWEATHER,https://worldweather.wmo.int
WMO Register of Alerting Authorities,https://alertingauthority.wmo.int/authorities.php?recId=382,SEVERE WEATHER,https://severeweather.wmo.int
WMO Register of Alerting Authorities,https://alertingauthority.wmo.int/authorities.php?recId=382,Public Weather Services,https://public.wmo.int/en/programmes/public-weather-services-programme
WMO Register of Alerting Authorities,https://alertingauthority.wmo.int/authorities.php?recId=382,please contact us,https://public.wmo.int/en/about-us/contact-us
WMO Register of Alerting Authorities,https://alertingauthority.wmo.int/authorities.php?recId=382,© World Meteorological Organization,https://old.wmo.int/extranet/pages/documents/wmo.vcf
WMO Register of Alerting Authorities,https://alertingauthority.wmo.int/authorities.php?recId=382,Copyright,https://public.wmo.int/en/copyright
WMO Register of Alerting Authorities,https://alertingauthority.wmo.int/authorities.php?recId=382,Privacy Policy,https://public.wmo.int/en/privacy-policy
WMO Register of Alerting Authorities,https://alertingauthority.wmo.int/authorities.php?recId=382,Disclaimer,https://public.wmo.int/en/disclaimer
WMO Register of Alerting Authorities,https://alertingauthority.wmo.int/authorities.php?recId=382,Map disclaimer,https://public.wmo.int/en/disclaimer#mapdisclaimer
WMO Register of Alerting Authorities,https://alertingauthority.wmo.int/authorities.php?recId=383,,https://public.wmo.int/en
WMO Register of Alerting Authorities,https://alertingauthority.wmo.int/authorities.php?recId=383,HOME,https://public.wmo.int/en
WMO Register of Alerting Authorities,https://alertingauthority.wmo.int/authorities.php?recId=383,WORLDWEATHER,https://worldweather.wmo.int
WMO Register of Alerting Authorities,https://alertingauthority.wmo.int/authorities.php?recId=383,SEVERE WEATHER,https://severeweather.wmo.int
WMO Register of Alerting Authorities,https://alertingauthority.wmo.int/authorities.php?recId=383,Public Weather Services,https://public.wmo.int/en/programmes/public-weather-services-programme
WMO Register of Alerting Authorities,https://alertingauthority.wmo.int/authorities.php?recId=383,please contact us,https://public.wmo.int/en/about-us/contact-us
WMO Register of Alerting Authorities,https://alertingauthority.wmo.int/authorities.php?recId=383,© World Meteorological Organization,https://old.wmo.int/extranet/pages/documents/wmo.vcf
WMO Register of Alerting Authorities,https://alertingauthority.wmo.int/authorities.php?recId=383,Copyright,https://public.wmo.int/en/copyright
WMO Register of Alerting Authorities,https://alertingauthority.wmo.int/authorities.php?recId=383,Privacy Policy,https://public.wmo.int/en/privacy-policy
WMO Register of Alerting Authorities,https://alertingauthority.wmo.int/authorities.php?recId=383,Disclaimer,https://public.wmo.int/en/disclaimer
WMO Register of Alerting Authorities,https://alertingauthority.wmo.int/authorities.php?recId=383,Map disclaimer,https://public.wmo.int/en/disclaimer#mapdisclaimer
WMO Register of Alerting Authorities,https://alertingauthority.wmo.int/authorities.php?recId=384,,https://public.wmo.int/en
WMO Register of Alerting Authorities,https://alertingauthority.wmo.int/authorities.php?recId=384,HOME,https://public.wmo.int/en
WMO Register of Alerting Authorities,https://alertingauthority.wmo.int/authorities.php?recId=384,WORLDWEATHER,https://worldweather.wmo.int
WMO Register of Alerting Authorities,https://alertingauthority.wmo.int/authorities.php?recId=384,SEVERE WEATHER,https://severeweather.wmo.int
WMO Register of Alerting Authorities,https://alertingauthority.wmo.int/authorities.php?recId=384,Public Weather Services,https://public.wmo.int/en/programmes/public-weather-services-programme
WMO Register of Alerting Authorities,https://alertingauthority.wmo.int/authorities.php?recId=384,please contact us,https://public.wmo.int/en/about-us/contact-us
WMO Register of Alerting Authorities,https://alertingauthority.wmo.int/authorities.php?recId=384,© World Meteorological Organization,https://old.wmo.int/extranet/pages/documents/wmo.vcf
WMO Register of Alerting Authorities,https://alertingauthority.wmo.int/authorities.php?recId=384,Copyright,https://public.wmo.int/en/copyright
WMO Register of Alerting Authorities,https://alertingauthority.wmo.int/authorities.php?recId=384,Privacy Policy,https://public.wmo.int/en/privacy-policy
WMO Register of Alerting Authorities,https://alertingauthority.wmo.int/authorities.php?recId=384,Disclaimer,https://public.wmo.int/en/disclaimer
WMO Register of Alerting Authorities,https://alertingauthority.wmo.int/authorities.php?recId=384,Map disclaimer,https://public.wmo.int/en/disclaimer#mapdisclaimer
WMO Register of Alerting Authorities,https://alertingauthority.wmo.int/authorities.php?recId=385,,https://public.wmo.int/en
WMO Register of Alerting Authorities,https://alertingauthority.wmo.int/authorities.php?recId=385,HOME,https://public.wmo.int/en
WMO Register of Alerting Authorities,https://alertingauthority.wmo.int/authorities.php?recId=385,WORLDWEATHER,https://worldweather.wmo.int
WMO Register of Alerting Authorities,https://alertingauthority.wmo.int/authorities.php?recId=385,SEVERE WEATHER,https://severeweather.wmo.int
WMO Register of Alerting Authorities,https://alertingauthority.wmo.int/authorities.php?recId=385,Public Weather Services,https://public.wmo.int/en/programmes/public-weather-services-programme
WMO Register of Alerting Authorities,https://alertingauthority.wmo.int/authorities.php?recId=385,please contact us,https://public.wmo.int/en/about-us/contact-us
WMO Register of Alerting Authorities,https://alertingauthority.wmo.int/authorities.php?recId=385,© World Meteorological Organization,https://old.wmo.int/extranet/pages/documents/wmo.vcf
WMO Register of Alerting Authorities,https://alertingauthority.wmo.int/authorities.php?recId=385,Copyright,https://public.wmo.int/en/copyright
WMO Register of Alerting Authorities,https://alertingauthority.wmo.int/authorities.php?recId=385,Privacy Policy,https://public.wmo.int/en/privacy-policy
WMO Register of Alerting Authorities,https://alertingauthority.wmo.int/authorities.php?recId=385,Disclaimer,https://public.wmo.int/en/disclaimer
WMO Register of Alerting Authorities,https://alertingauthority.wmo.int/authorities.php?recId=385,Map disclaimer,https://public.wmo.int/en/disclaimer#mapdisclaimer
WMO Register of Alerting Authorities,https://alertingauthority.wmo.int/authorities.php?recId=386,,https://public.wmo.int/en
WMO Register of Alerting Authorities,https://alertingauthority.wmo.int/authorities.php?recId=386,HOME,https://public.wmo.int/en
WMO Register of Alerting Authorities,https://alertingauthority.wmo.int/authorities.php?recId=386,WORLDWEATHER,https://worldweather.wmo.int
WMO Register of Alerting Authorities,https://alertingauthority.wmo.int/authorities.php?recId=386,SEVERE WEATHER,https://severeweather.wmo.int
WMO Register of Alerting Authorities,https://alertingauthority.wmo.int/authorities.php?recId=386,Public Weather Services,https://public.wmo.int/en/programmes/public-weather-services-programme
WMO Register of Alerting Authorities,https://alertingauthority.wmo.int/authorities.php?recId=386,please contact us,https://public.wmo.int/en/about-us/contact-us
WMO Register of Alerting Authorities,https://alertingauthority.wmo.int/authorities.php?recId=386,© World Meteorological Organization,https://old.wmo.int/extranet/pages/documents/wmo.vcf
WMO Register of Alerting Authorities,https://alertingauthority.wmo.int/authorities.php?recId=386,Copyright,https://public.wmo.int/en/copyright
WMO Register of Alerting Authorities,https://alertingauthority.wmo.int/authorities.php?recId=386,Privacy Policy,https://public.wmo.int/en/privacy-policy
WMO Register of Alerting Authorities,https://alertingauthority.wmo.int/authorities.php?recId=386,Disclaimer,https://public.wmo.int/en/disclaimer
WMO Register of Alerting Authorities,https://alertingauthority.wmo.int/authorities.php?recId=386,Map disclaimer,https://public.wmo.int/en/disclaimer#mapdisclaimer
WMO Register of Alerting Authorities,https://alertingauthority.wmo.int/authorities.php?recId=387,,https://public.wmo.int/en
WMO Register of Alerting Authorities,https://alertingauthority.wmo.int/authorities.php?recId=387,HOME,https://public.wmo.int/en
WMO Register of Alerting Authorities,https://alertingauthority.wmo.int/authorities.php?recId=387,WORLDWEATHER,https://worldweather.wmo.int
WMO Register of Alerting Authorities,https://alertingauthority.wmo.int/authorities.php?recId=387,SEVERE WEATHER,https://severeweather.wmo.int
WMO Register of Alerting Authorities,https://alertingauthority.wmo.int/authorities.php?recId=387,Public Weather Services,https://public.wmo.int/en/programmes/public-weather-services-programme
WMO Register of Alerting Authorities,https://alertingauthority.wmo.int/authorities.php?recId=387,please contact us,https://public.wmo.int/en/about-us/contact-us
WMO Register of Alerting Authorities,https://alertingauthority.wmo.int/authorities.php?recId=387,© World Meteorological Organization,https://old.wmo.int/extranet/pages/documents/wmo.vcf
WMO Register of Alerting Authorities,https://alertingauthority.wmo.int/authorities.php?recId=387,Copyright,https://public.wmo.int/en/copyright
WMO Register of Alerting Authorities,https://alertingauthority.wmo.int/authorities.php?recId=387,Privacy Policy,https://public.wmo.int/en/privacy-policy
WMO Register of Alerting Authorities,https://alertingauthority.wmo.int/authorities.php?recId=387,Disclaimer,https://public.wmo.int/en/disclaimer
WMO Register of Alerting Authorities,https://alertingauthority.wmo.int/authorities.php?recId=387,Map disclaimer,https://public.wmo.int/en/disclaimer#mapdisclaimer
WMO Register of Alerting Authorities,https://alertingauthority.wmo.int/authorities.php?recId=388,,https://public.wmo.int/en
WMO Register of Alerting Authorities,https://alertingauthority.wmo.int/authorities.php?recId=388,HOME,https://public.wmo.int/en
WMO Register of Alerting Authorities,https://alertingauthority.wmo.int/authorities.php?recId=388,WORLDWEATHER,https://worldweather.wmo.int
WMO Register of Alerting Authorities,https://alertingauthority.wmo.int/authorities.php?recId=388,SEVERE WEATHER,https://severeweather.wmo.int
WMO Register of Alerting Authorities,https://alertingauthority.wmo.int/authorities.php?recId=388,Public Weather Services,https://public.wmo.int/en/programmes/public-weather-services-programme
WMO Register of Alerting Authorities,https://alertingauthority.wmo.int/authorities.php?recId=388,please contact us,https://public.wmo.int/en/about-us/contact-us
WMO Register of Alerting Authorities,https://alertingauthority.wmo.int/authorities.php?recId=388,© World Meteorological Organization,https://old.wmo.int/extranet/pages/documents/wmo.vcf
WMO Register of Alerting Authorities,https://alertingauthority.wmo.int/authorities.php?recId=388,Copyright,https://public.wmo.int/en/copyright
WMO Register of Alerting Authorities,https://alertingauthority.wmo.int/authorities.php?recId=388,Privacy Policy,https://public.wmo.int/en/privacy-policy
WMO Register of Alerting Authorities,https://alertingauthority.wmo.int/authorities.php?recId=388,Disclaimer,https://public.wmo.int/en/disclaimer
WMO Register of Alerting Authorities,https://alertingauthority.wmo.int/authorities.php?recId=388,Map disclaimer,https://public.wmo.int/en/disclaimer#mapdisclaimer
WMO Register of Alerting Authorities,https://alertingauthority.wmo.int/authorities.php?recId=389,,https://public.wmo.int/en
WMO Register of Alerting Authorities,https://alertingauthority.wmo.int/authorities.php?recId=389,HOME,https://public.wmo.int/en
WMO Register of Alerting Authorities,https://alertingauthority.wmo.int/authorities.php?recId=389,WORLDWEATHER,https://worldweather.wmo.int
WMO Register of Alerting Authorities,https://alertingauthority.wmo.int/authorities.php?recId=389,SEVERE WEATHER,https://severeweather.wmo.int
WMO Register of Alerting Authorities,https://alertingauthority.wmo.int/authorities.php?recId=389,Public Weather Services,https://public.wmo.int/en/programmes/public-weather-services-programme
WMO Register of Alerting Authorities,https://alertingauthority.wmo.int/authorities.php?recId=389,please contact us,https://public.wmo.int/en/about-us/contact-us
WMO Register of Alerting Authorities,https://alertingauthority.wmo.int/authorities.php?recId=389,© World Meteorological Organization,https://old.wmo.int/extranet/pages/documents/wmo.vcf
WMO Register of Alerting Authorities,https://alertingauthority.wmo.int/authorities.php?recId=389,Copyright,https://public.wmo.int/en/copyright
WMO Register of Alerting Authorities,https://alertingauthority.wmo.int/authorities.php?recId=389,Privacy Policy,https://public.wmo.int/en/privacy-policy
WMO Register of Alerting Authorities,https://alertingauthority.wmo.int/authorities.php?recId=389,Disclaimer,https://public.wmo.int/en/disclaimer
WMO Register of Alerting Authorities,https://alertingauthority.wmo.int/authorities.php?recId=389,Map disclaimer,https://public.wmo.int/en/disclaimer#mapdisclaimer
WMO Register of Alerting Authorities,https://alertingauthority.wmo.int/authorities.php?recId=390,,https://public.wmo.int/en
WMO Register of Alerting Authorities,https://alertingauthority.wmo.int/authorities.php?recId=390,HOME,https://public.wmo.int/en
WMO Register of Alerting Authorities,https://alertingauthority.wmo.int/authorities.php?recId=390,WORLDWEATHER,https://worldweather.wmo.int
WMO Register of Alerting Authorities,https://alertingauthority.wmo.int/authorities.php?recId=390,SEVERE WEATHER,https://severeweather.wmo.int
WMO Register of Alerting Authorities,https://alertingauthority.wmo.int/authorities.php?recId=390,Public Weather Services,https://public.wmo.int/en/programmes/public-weather-services-programme
WMO Register of Alerting Authorities,https://alertingauthority.wmo.int/authorities.php?recId=390,please contact us,https://public.wmo.int/en/about-us/contact-us
WMO Register of Alerting Authorities,https://alertingauthority.wmo.int/authorities.php?recId=390,© World Meteorological Organization,https://old.wmo.int/extranet/pages/documents/wmo.vcf
WMO Register of Alerting Authorities,https://alertingauthority.wmo.int/authorities.php?recId=390,Copyright,https://public.wmo.int/en/copyright
WMO Register of Alerting Authorities,https://alertingauthority.wmo.int/authorities.php?recId=390,Privacy Policy,https://public.wmo.int/en/privacy-policy
WMO Register of Alerting Authorities,https://alertingauthority.wmo.int/authorities.php?recId=390,Disclaimer,https://public.wmo.int/en/disclaimer
WMO Register of Alerting Authorities,https://alertingauthority.wmo.int/authorities.php?recId=390,Map disclaimer,https://public.wmo.int/en/disclaimer#mapdisclaimer
WMO Register of Alerting Authorities,https://alertingauthority.wmo.int/authorities.php?recId=391,,https://public.wmo.int/en
WMO Register of Alerting Authorities,https://alertingauthority.wmo.int/authorities.php?recId=391,HOME,https://public.wmo.int/en
WMO Register of Alerting Authorities,https://alertingauthority.wmo.int/authorities.php?recId=391,WORLDWEATHER,https://worldweather.wmo.int
WMO Register of Alerting Authorities,https://alertingauthority.wmo.int/authorities.php?recId=391,SEVERE WEATHER,https://severeweather.wmo.int
WMO Register of Alerting Authorities,https://alertingauthority.wmo.int/authorities.php?recId=391,Public Weather Services,https://public.wmo.int/en/programmes/public-weather-services-programme
WMO Register of Alerting Authorities,https://alertingauthority.wmo.int/authorities.php?recId=391,please contact us,https://public.wmo.int/en/about-us/contact-us
WMO Register of Alerting Authorities,https://alertingauthority.wmo.int/authorities.php?recId=391,© World Meteorological Organization,https://old.wmo.int/extranet/pages/documents/wmo.vcf
WMO Register of Alerting Authorities,https://alertingauthority.wmo.int/authorities.php?recId=391,Copyright,https://public.wmo.int/en/copyright
WMO Register of Alerting Authorities,https://alertingauthority.wmo.int/authorities.php?recId=391,Privacy Policy,https://public.wmo.int/en/privacy-policy
WMO Register of Alerting Authorities,https://alertingauthority.wmo.int/authorities.php?recId=391,Disclaimer,https://public.wmo.int/en/disclaimer
WMO Register of Alerting Authorities,https://alertingauthority.wmo.int/authorities.php?recId=391,Map disclaimer,https://public.wmo.int/en/disclaimer#mapdisclaimer
WMO Register of Alerting Authorities,https://alertingauthority.wmo.int/authorities.php?recId=392,,https://public.wmo.int/en
WMO Register of Alerting Authorities,https://alertingauthority.wmo.int/authorities.php?recId=392,HOME,https://public.wmo.int/en
WMO Register of Alerting Authorities,https://alertingauthority.wmo.int/authorities.php?recId=392,WORLDWEATHER,https://worldweather.wmo.int
WMO Register of Alerting Authorities,https://alertingauthority.wmo.int/authorities.php?recId=392,SEVERE WEATHER,https://severeweather.wmo.int
WMO Register of Alerting Authorities,https://alertingauthority.wmo.int/authorities.php?recId=392,Public Weather Services,https://public.wmo.int/en/programmes/public-weather-services-programme
WMO Register of Alerting Authorities,https://alertingauthority.wmo.int/authorities.php?recId=392,please contact us,https://public.wmo.int/en/about-us/contact-us
WMO Register of Alerting Authorities,https://alertingauthority.wmo.int/authorities.php?recId=392,© World Meteorological Organization,https://old.wmo.int/extranet/pages/documents/wmo.vcf
WMO Register of Alerting Authorities,https://alertingauthority.wmo.int/authorities.php?recId=392,Copyright,https://public.wmo.int/en/copyright
WMO Register of Alerting Authorities,https://alertingauthority.wmo.int/authorities.php?recId=392,Privacy Policy,https://public.wmo.int/en/privacy-policy
WMO Register of Alerting Authorities,https://alertingauthority.wmo.int/authorities.php?recId=392,Disclaimer,https://public.wmo.int/en/disclaimer
WMO Register of Alerting Authorities,https://alertingauthority.wmo.int/authorities.php?recId=392,Map disclaimer,https://public.wmo.int/en/disclaimer#mapdisclaimer
WMO Register of Alerting Authorities,https://alertingauthority.wmo.int/authorities.php?recId=393,,https://public.wmo.int/en
WMO Register of Alerting Authorities,https://alertingauthority.wmo.int/authorities.php?recId=393,HOME,https://public.wmo.int/en
WMO Register of Alerting Authorities,https://alertingauthority.wmo.int/authorities.php?recId=393,WORLDWEATHER,https://worldweather.wmo.int
WMO Register of Alerting Authorities,https://alertingauthority.wmo.int/authorities.php?recId=393,SEVERE WEATHER,https://severeweather.wmo.int
WMO Register of Alerting Authorities,https://alertingauthority.wmo.int/authorities.php?recId=393,Public Weather Services,https://public.wmo.int/en/programmes/public-weather-services-programme
WMO Register of Alerting Authorities,https://alertingauthority.wmo.int/authorities.php?recId=393,please contact us,https://public.wmo.int/en/about-us/contact-us
WMO Register of Alerting Authorities,https://alertingauthority.wmo.int/authorities.php?recId=393,© World Meteorological Organization,https://old.wmo.int/extranet/pages/documents/wmo.vcf
WMO Register of Alerting Authorities,https://alertingauthority.wmo.int/authorities.php?recId=393,Copyright,https://public.wmo.int/en/copyright
WMO Register of Alerting Authorities,https://alertingauthority.wmo.int/authorities.php?recId=393,Privacy Policy,https://public.wmo.int/en/privacy-policy
WMO Register of Alerting Authorities,https://alertingauthority.wmo.int/authorities.php?recId=393,Disclaimer,https://public.wmo.int/en/disclaimer
WMO Register of Alerting Authorities,https://alertingauthority.wmo.int/authorities.php?recId=393,Map disclaimer,https://public.wmo.int/en/disclaimer#mapdisclaimer
WMO Register of Alerting Authorities,https://alertingauthority.wmo.int/authorities.php?recId=394,,https://public.wmo.int/en
WMO Register of Alerting Authorities,https://alertingauthority.wmo.int/authorities.php?recId=394,HOME,https://public.wmo.int/en
WMO Register of Alerting Authorities,https://alertingauthority.wmo.int/authorities.php?recId=394,WORLDWEATHER,https://worldweather.wmo.int
WMO Register of Alerting Authorities,https://alertingauthority.wmo.int/authorities.php?recId=394,SEVERE WEATHER,https://severeweather.wmo.int
WMO Register of Alerting Authorities,https://alertingauthority.wmo.int/authorities.php?recId=394,Public Weather Services,https://public.wmo.int/en/programmes/public-weather-services-programme
WMO Register of Alerting Authorities,https://alertingauthority.wmo.int/authorities.php?recId=394,please contact us,https://public.wmo.int/en/about-us/contact-us
WMO Register of Alerting Authorities,https://alertingauthority.wmo.int/authorities.php?recId=394,© World Meteorological Organization,https://old.wmo.int/extranet/pages/documents/wmo.vcf
WMO Register of Alerting Authorities,https://alertingauthority.wmo.int/authorities.php?recId=394,Copyright,https://public.wmo.int/en/copyright
WMO Register of Alerting Authorities,https://alertingauthority.wmo.int/authorities.php?recId=394,Privacy Policy,https://public.wmo.int/en/privacy-policy
WMO Register of Alerting Authorities,https://alertingauthority.wmo.int/authorities.php?recId=394,Disclaimer,https://public.wmo.int/en/disclaimer
WMO Register of Alerting Authorities,https://alertingauthority.wmo.int/authorities.php?recId=394,Map disclaimer,https://public.wmo.int/en/disclaimer#mapdisclaimer
WMO Register of Alerting Authorities,https://alertingauthority.wmo.int/authorities.php?recId=395,,https://public.wmo.int/en
WMO Register of Alerting Authorities,https://alertingauthority.wmo.int/authorities.php?recId=395,HOME,https://public.wmo.int/en
WMO Register of Alerting Authorities,https://alertingauthority.wmo.int/authorities.php?recId=395,WORLDWEATHER,https://worldweather.wmo.int
WMO Register of Alerting Authorities,https://alertingauthority.wmo.int/authorities.php?recId=395,SEVERE WEATHER,https://severeweather.wmo.int
WMO Register of Alerting Authorities,https://alertingauthority.wmo.int/authorities.php?recId=395,Public Weather Services,https://public.wmo.int/en/programmes/public-weather-services-programme
WMO Register of Alerting Authorities,https://alertingauthority.wmo.int/authorities.php?recId=395,please contact us,https://public.wmo.int/en/about-us/contact-us
WMO Register of Alerting Authorities,https://alertingauthority.wmo.int/authorities.php?recId=395,© World Meteorological Organization,https://old.wmo.int/extranet/pages/documents/wmo.vcf
WMO Register of Alerting Authorities,https://alertingauthority.wmo.int/authorities.php?recId=395,Copyright,https://public.wmo.int/en/copyright
WMO Register of Alerting Authorities,https://alertingauthority.wmo.int/authorities.php?recId=395,Privacy Policy,https://public.wmo.int/en/privacy-policy
WMO Register of Alerting Authorities,https://alertingauthority.wmo.int/authorities.php?recId=395,Disclaimer,https://public.wmo.int/en/disclaimer
WMO Register of Alerting Authorities,https://alertingauthority.wmo.int/authorities.php?recId=395,Map disclaimer,https://public.wmo.int/en/disclaimer#mapdisclaimer
WMO Register of Alerting Authorities,https://alertingauthority.wmo.int/authorities.php?recId=396,,https://public.wmo.int/en
WMO Register of Alerting Authorities,https://alertingauthority.wmo.int/authorities.php?recId=396,HOME,https://public.wmo.int/en
WMO Register of Alerting Authorities,https://alertingauthority.wmo.int/authorities.php?recId=396,WORLDWEATHER,https://worldweather.wmo.int
WMO Register of Alerting Authorities,https://alertingauthority.wmo.int/authorities.php?recId=396,SEVERE WEATHER,https://severeweather.wmo.int
WMO Register of Alerting Authorities,https://alertingauthority.wmo.int/authorities.php?recId=396,Public Weather Services,https://public.wmo.int/en/programmes/public-weather-services-programme
WMO Register of Alerting Authorities,https://alertingauthority.wmo.int/authorities.php?recId=396,please contact us,https://public.wmo.int/en/about-us/contact-us
WMO Register of Alerting Authorities,https://alertingauthority.wmo.int/authorities.php?recId=396,© World Meteorological Organization,https://old.wmo.int/extranet/pages/documents/wmo.vcf
WMO Register of Alerting Authorities,https://alertingauthority.wmo.int/authorities.php?recId=396,Copyright,https://public.wmo.int/en/copyright
WMO Register of Alerting Authorities,https://alertingauthority.wmo.int/authorities.php?recId=396,Privacy Policy,https://public.wmo.int/en/privacy-policy
WMO Register of Alerting Authorities,https://alertingauthority.wmo.int/authorities.php?recId=396,Disclaimer,https://public.wmo.int/en/disclaimer
WMO Register of Alerting Authorities,https://alertingauthority.wmo.int/authorities.php?recId=396,Map disclaimer,https://public.wmo.int/en/disclaimer#mapdisclaimer
WMO Register of Alerting Authorities,https://alertingauthority.wmo.int/authorities.php?recId=397,,https://public.wmo.int/en
WMO Register of Alerting Authorities,https://alertingauthority.wmo.int/authorities.php?recId=397,HOME,https://public.wmo.int/en
WMO Register of Alerting Authorities,https://alertingauthority.wmo.int/authorities.php?recId=397,WORLDWEATHER,https://worldweather.wmo.int
WMO Register of Alerting Authorities,https://alertingauthority.wmo.int/authorities.php?recId=397,SEVERE WEATHER,https://severeweather.wmo.int
WMO Register of Alerting Authorities,https://alertingauthority.wmo.int/authorities.php?recId=397,Public Weather Services,https://public.wmo.int/en/programmes/public-weather-services-programme
WMO Register of Alerting Authorities,https://alertingauthority.wmo.int/authorities.php?recId=397,please contact us,https://public.wmo.int/en/about-us/contact-us
WMO Register of Alerting Authorities,https://alertingauthority.wmo.int/authorities.php?recId=397,© World Meteorological Organization,https://old.wmo.int/extranet/pages/documents/wmo.vcf
WMO Register of Alerting Authorities,https://alertingauthority.wmo.int/authorities.php?recId=397,Copyright,https://public.wmo.int/en/copyright
WMO Register of Alerting Authorities,https://alertingauthority.wmo.int/authorities.php?recId=397,Privacy Policy,https://public.wmo.int/en/privacy-policy
WMO Register of Alerting Authorities,https://alertingauthority.wmo.int/authorities.php?recId=397,Disclaimer,https://public.wmo.int/en/disclaimer
WMO Register of Alerting Authorities,https://alertingauthority.wmo.int/authorities.php?recId=397,Map disclaimer,https://public.wmo.int/en/disclaimer#mapdisclaimer
WMO Register of Alerting Authorities,https://alertingauthority.wmo.int/authorities.php?recId=398,,https://public.wmo.int/en
WMO Register of Alerting Authorities,https://alertingauthority.wmo.int/authorities.php?recId=398,HOME,https://public.wmo.int/en
WMO Register of Alerting Authorities,https://alertingauthority.wmo.int/authorities.php?recId=398,WORLDWEATHER,https://worldweather.wmo.int
WMO Register of Alerting Authorities,https://alertingauthority.wmo.int/authorities.php?recId=398,SEVERE WEATHER,https://severeweather.wmo.int
WMO Register of Alerting Authorities,https://alertingauthority.wmo.int/authorities.php?recId=398,Public Weather Services,https://public.wmo.int/en/programmes/public-weather-services-programme
WMO Register of Alerting Authorities,https://alertingauthority.wmo.int/authorities.php?recId=398,please contact us,https://public.wmo.int/en/about-us/contact-us
WMO Register of Alerting Authorities,https://alertingauthority.wmo.int/authorities.php?recId=398,© World Meteorological Organization,https://old.wmo.int/extranet/pages/documents/wmo.vcf
WMO Register of Alerting Authorities,https://alertingauthority.wmo.int/authorities.php?recId=398,Copyright,https://public.wmo.int/en/copyright
WMO Register of Alerting Authorities,https://alertingauthority.wmo.int/authorities.php?recId=398,Privacy Policy,https://public.wmo.int/en/privacy-policy
WMO Register of Alerting Authorities,https://alertingauthority.wmo.int/authorities.php?recId=398,Disclaimer,https://public.wmo.int/en/disclaimer
WMO Register of Alerting Authorities,https://alertingauthority.wmo.int/authorities.php?recId=398,Map disclaimer,https://public.wmo.int/en/disclaimer#mapdisclaimer
WMO Register of Alerting Authorities,https://alertingauthority.wmo.int/authorities.php?recId=399,,https://public.wmo.int/en
WMO Register of Alerting Authorities,https://alertingauthority.wmo.int/authorities.php?recId=399,HOME,https://public.wmo.int/en
WMO Register of Alerting Authorities,https://alertingauthority.wmo.int/authorities.php?recId=399,WORLDWEATHER,https://worldweather.wmo.int
WMO Register of Alerting Authorities,https://alertingauthority.wmo.int/authorities.php?recId=399,SEVERE WEATHER,https://severeweather.wmo.int
WMO Register of Alerting Authorities,https://alertingauthority.wmo.int/authorities.php?recId=399,Public Weather Services,https://public.wmo.int/en/programmes/public-weather-services-programme
WMO Register of Alerting Authorities,https://alertingauthority.wmo.int/authorities.php?recId=399,please contact us,https://public.wmo.int/en/about-us/contact-us
WMO Register of Alerting Authorities,https://alertingauthority.wmo.int/authorities.php?recId=399,© World Meteorological Organization,https://old.wmo.int/extranet/pages/documents/wmo.vcf
WMO Register of Alerting Authorities,https://alertingauthority.wmo.int/authorities.php?recId=399,Copyright,https://public.wmo.int/en/copyright
WMO Register of Alerting Authorities,https://alertingauthority.wmo.int/authorities.php?recId=399,Privacy Policy,https://public.wmo.int/en/privacy-policy
WMO Register of Alerting Authorities,https://alertingauthority.wmo.int/authorities.php?recId=399,Disclaimer,https://public.wmo.int/en/disclaimer
WMO Register of Alerting Authorities,https://alertingauthority.wmo.int/authorities.php?recId=399,Map disclaimer,https://public.wmo.int/en/disclaimer#mapdisclaimer
WMO Register of Alerting Authorities,https://alertingauthority.wmo.int/authorities.php?recId=400,,https://public.wmo.int/en
WMO Register of Alerting Authorities,https://alertingauthority.wmo.int/authorities.php?recId=400,HOME,https://public.wmo.int/en
WMO Register of Alerting Authorities,https://alertingauthority.wmo.int/authorities.php?recId=400,WORLDWEATHER,https://worldweather.wmo.int
WMO Register of Alerting Authorities,https://alertingauthority.wmo.int/authorities.php?recId=400,SEVERE WEATHER,https://severeweather.wmo.int
WMO Register of Alerting Authorities,https://alertingauthority.wmo.int/authorities.php?recId=400,Public Weather Services,https://public.wmo.int/en/programmes/public-weather-services-programme
WMO Register of Alerting Authorities,https://alertingauthority.wmo.int/authorities.php?recId=400,please contact us,https://public.wmo.int/en/about-us/contact-us
WMO Register of Alerting Authorities,https://alertingauthority.wmo.int/authorities.php?recId=400,© World Meteorological Organization,https://old.wmo.int/extranet/pages/documents/wmo.vcf
WMO Register of Alerting Authorities,https://alertingauthority.wmo.int/authorities.php?recId=400,Copyright,https://public.wmo.int/en/copyright
WMO Register of Alerting Authorities,https://alertingauthority.wmo.int/authorities.php?recId=400,Privacy Policy,https://public.wmo.int/en/privacy-policy
WMO Register of Alerting Authorities,https://alertingauthority.wmo.int/authorities.php?recId=400,Disclaimer,https://public.wmo.int/en/disclaimer
WMO Register of Alerting Authorities,https://alertingauthority.wmo.int/authorities.php?recId=400,Map disclaimer,https://public.wmo.int/en/disclaimer#mapdisclaimer
WMO Register of Alerting Authorities,https://alertingauthority.wmo.int/authorities.php?recId=401,,https://public.wmo.int/en
WMO Register of Alerting Authorities,https://alertingauthority.wmo.int/authorities.php?recId=401,HOME,https://public.wmo.int/en
WMO Register of Alerting Authorities,https://alertingauthority.wmo.int/authorities.php?recId=401,WORLDWEATHER,https://worldweather.wmo.int
WMO Register of Alerting Authorities,https://alertingauthority.wmo.int/authorities.php?recId=401,SEVERE WEATHER,https://severeweather.wmo.int
WMO Register of Alerting Authorities,https://alertingauthority.wmo.int/authorities.php?recId=401,Public Weather Services,https://public.wmo.int/en/programmes/public-weather-services-programme
WMO Register of Alerting Authorities,https://alertingauthority.wmo.int/authorities.php?recId=401,please contact us,https://public.wmo.int/en/about-us/contact-us
WMO Register of Alerting Authorities,https://alertingauthority.wmo.int/authorities.php?recId=401,© World Meteorological Organization,https://old.wmo.int/extranet/pages/documents/wmo.vcf
WMO Register of Alerting Authorities,https://alertingauthority.wmo.int/authorities.php?recId=401,Copyright,https://public.wmo.int/en/copyright
WMO Register of Alerting Authorities,https://alertingauthority.wmo.int/authorities.php?recId=401,Privacy Policy,https://public.wmo.int/en/privacy-policy
WMO Register of Alerting Authorities,https://alertingauthority.wmo.int/authorities.php?recId=401,Disclaimer,https://public.wmo.int/en/disclaimer
WMO Register of Alerting Authorities,https://alertingauthority.wmo.int/authorities.php?recId=401,Map disclaimer,https://public.wmo.int/en/disclaimer#mapdisclaimer
WMO Register of Alerting Authorities,https://alertingauthority.wmo.int/authorities.php?recId=402,,https://public.wmo.int/en
WMO Register of Alerting Authorities,https://alertingauthority.wmo.int/authorities.php?recId=402,HOME,https://public.wmo.int/en
WMO Register of Alerting Authorities,https://alertingauthority.wmo.int/authorities.php?recId=402,WORLDWEATHER,https://worldweather.wmo.int
WMO Register of Alerting Authorities,https://alertingauthority.wmo.int/authorities.php?recId=402,SEVERE WEATHER,https://severeweather.wmo.int
WMO Register of Alerting Authorities,https://alertingauthority.wmo.int/authorities.php?recId=402,Public Weather Services,https://public.wmo.int/en/programmes/public-weather-services-programme
WMO Register of Alerting Authorities,https://alertingauthority.wmo.int/authorities.php?recId=402,please contact us,https://public.wmo.int/en/about-us/contact-us
WMO Register of Alerting Authorities,https://alertingauthority.wmo.int/authorities.php?recId=402,© World Meteorological Organization,https://old.wmo.int/extranet/pages/documents/wmo.vcf
WMO Register of Alerting Authorities,https://alertingauthority.wmo.int/authorities.php?recId=402,Copyright,https://public.wmo.int/en/copyright
WMO Register of Alerting Authorities,https://alertingauthority.wmo.int/authorities.php?recId=402,Privacy Policy,https://public.wmo.int/en/privacy-policy
WMO Register of Alerting Authorities,https://alertingauthority.wmo.int/authorities.php?recId=402,Disclaimer,https://public.wmo.int/en/disclaimer
WMO Register of Alerting Authorities,https://alertingauthority.wmo.int/authorities.php?recId=402,Map disclaimer,https://public.wmo.int/en/disclaimer#mapdisclaimer
WMO Register of Alerting Authorities,https://alertingauthority.wmo.int/authorities.php?recId=403,,https://public.wmo.int/en
WMO Register of Alerting Authorities,https://alertingauthority.wmo.int/authorities.php?recId=403,HOME,https://public.wmo.int/en
WMO Register of Alerting Authorities,https://alertingauthority.wmo.int/authorities.php?recId=403,WORLDWEATHER,https://worldweather.wmo.int
WMO Register of Alerting Authorities,https://alertingauthority.wmo.int/authorities.php?recId=403,SEVERE WEATHER,https://severeweather.wmo.int
WMO Register of Alerting Authorities,https://alertingauthority.wmo.int/authorities.php?recId=403,Public Weather Services,https://public.wmo.int/en/programmes/public-weather-services-programme
WMO Register of Alerting Authorities,https://alertingauthority.wmo.int/authorities.php?recId=403,please contact us,https://public.wmo.int/en/about-us/contact-us
WMO Register of Alerting Authorities,https://alertingauthority.wmo.int/authorities.php?recId=403,© World Meteorological Organization,https://old.wmo.int/extranet/pages/documents/wmo.vcf
WMO Register of Alerting Authorities,https://alertingauthority.wmo.int/authorities.php?recId=403,Copyright,https://public.wmo.int/en/copyright
WMO Register of Alerting Authorities,https://alertingauthority.wmo.int/authorities.php?recId=403,Privacy Policy,https://public.wmo.int/en/privacy-policy
WMO Register of Alerting Authorities,https://alertingauthority.wmo.int/authorities.php?recId=403,Disclaimer,https://public.wmo.int/en/disclaimer
WMO Register of Alerting Authorities,https://alertingauthority.wmo.int/authorities.php?recId=403,Map disclaimer,https://public.wmo.int/en/disclaimer#mapdisclaimer
WMO Register of Alerting Authorities,https://alertingauthority.wmo.int/authorities.php?recId=404,,https://public.wmo.int/en
WMO Register of Alerting Authorities,https://alertingauthority.wmo.int/authorities.php?recId=404,HOME,https://public.wmo.int/en
WMO Register of Alerting Authorities,https://alertingauthority.wmo.int/authorities.php?recId=404,WORLDWEATHER,https://worldweather.wmo.int
WMO Register of Alerting Authorities,https://alertingauthority.wmo.int/authorities.php?recId=404,SEVERE WEATHER,https://severeweather.wmo.int
WMO Register of Alerting Authorities,https://alertingauthority.wmo.int/authorities.php?recId=404,Public Weather Services,https://public.wmo.int/en/programmes/public-weather-services-programme
WMO Register of Alerting Authorities,https://alertingauthority.wmo.int/authorities.php?recId=404,please contact us,https://public.wmo.int/en/about-us/contact-us
WMO Register of Alerting Authorities,https://alertingauthority.wmo.int/authorities.php?recId=404,© World Meteorological Organization,https://old.wmo.int/extranet/pages/documents/wmo.vcf
WMO Register of Alerting Authorities,https://alertingauthority.wmo.int/authorities.php?recId=404,Copyright,https://public.wmo.int/en/copyright
WMO Register of Alerting Authorities,https://alertingauthority.wmo.int/authorities.php?recId=404,Privacy Policy,https://public.wmo.int/en/privacy-policy
WMO Register of Alerting Authorities,https://alertingauthority.wmo.int/authorities.php?recId=404,Disclaimer,https://public.wmo.int/en/disclaimer
WMO Register of Alerting Authorities,https://alertingauthority.wmo.int/authorities.php?recId=404,Map disclaimer,https://public.wmo.int/en/disclaimer#mapdisclaimer
WMO Register of Alerting Authorities,https://alertingauthority.wmo.int/authorities.php?recId=405,,https://public.wmo.int/en
WMO Register of Alerting Authorities,https://alertingauthority.wmo.int/authorities.php?recId=405,HOME,https://public.wmo.int/en
WMO Register of Alerting Authorities,https://alertingauthority.wmo.int/authorities.php?recId=405,WORLDWEATHER,https://worldweather.wmo.int
WMO Register of Alerting Authorities,https://alertingauthority.wmo.int/authorities.php?recId=405,SEVERE WEATHER,https://severeweather.wmo.int
WMO Register of Alerting Authorities,https://alertingauthority.wmo.int/authorities.php?recId=405,Public Weather Services,https://public.wmo.int/en/programmes/public-weather-services-programme
WMO Register of Alerting Authorities,https://alertingauthority.wmo.int/authorities.php?recId=405,please contact us,https://public.wmo.int/en/about-us/contact-us
WMO Register of Alerting Authorities,https://alertingauthority.wmo.int/authorities.php?recId=405,© World Meteorological Organization,https://old.wmo.int/extranet/pages/documents/wmo.vcf
WMO Register of Alerting Authorities,https://alertingauthority.wmo.int/authorities.php?recId=405,Copyright,https://public.wmo.int/en/copyright
WMO Register of Alerting Authorities,https://alertingauthority.wmo.int/authorities.php?recId=405,Privacy Policy,https://public.wmo.int/en/privacy-policy
WMO Register of Alerting Authorities,https://alertingauthority.wmo.int/authorities.php?recId=405,Disclaimer,https://public.wmo.int/en/disclaimer
WMO Register of Alerting Authorities,https://alertingauthority.wmo.int/authorities.php?recId=405,Map disclaimer,https://public.wmo.int/en/disclaimer#mapdisclaimer
WMO Register of Alerting Authorities,https://alertingauthority.wmo.int/authorities.php?recId=406,,https://public.wmo.int/en
WMO Register of Alerting Authorities,https://alertingauthority.wmo.int/authorities.php?recId=406,HOME,https://public.wmo.int/en
WMO Register of Alerting Authorities,https://alertingauthority.wmo.int/authorities.php?recId=406,WORLDWEATHER,https://worldweather.wmo.int
WMO Register of Alerting Authorities,https://alertingauthority.wmo.int/authorities.php?recId=406,SEVERE WEATHER,https://severeweather.wmo.int
WMO Register of Alerting Authorities,https://alertingauthority.wmo.int/authorities.php?recId=406,Public Weather Services,https://public.wmo.int/en/programmes/public-weather-services-programme
WMO Register of Alerting Authorities,https://alertingauthority.wmo.int/authorities.php?recId=406,please contact us,https://public.wmo.int/en/about-us/contact-us
WMO Register of Alerting Authorities,https://alertingauthority.wmo.int/authorities.php?recId=406,© World Meteorological Organization,https://old.wmo.int/extranet/pages/documents/wmo.vcf
WMO Register of Alerting Authorities,https://alertingauthority.wmo.int/authorities.php?recId=406,Copyright,https://public.wmo.int/en/copyright
WMO Register of Alerting Authorities,https://alertingauthority.wmo.int/authorities.php?recId=406,Privacy Policy,https://public.wmo.int/en/privacy-policy
WMO Register of Alerting Authorities,https://alertingauthority.wmo.int/authorities.php?recId=406,Disclaimer,https://public.wmo.int/en/disclaimer
WMO Register of Alerting Authorities,https://alertingauthority.wmo.int/authorities.php?recId=406,Map disclaimer,https://public.wmo.int/en/disclaimer#mapdisclaimer
WMO Register of Alerting Authorities,https://alertingauthority.wmo.int/authorities.php?recId=407,,https://public.wmo.int/en
WMO Register of Alerting Authorities,https://alertingauthority.wmo.int/authorities.php?recId=407,HOME,https://public.wmo.int/en
WMO Register of Alerting Authorities,https://alertingauthority.wmo.int/authorities.php?recId=407,WORLDWEATHER,https://worldweather.wmo.int
WMO Register of Alerting Authorities,https://alertingauthority.wmo.int/authorities.php?recId=407,SEVERE WEATHER,https://severeweather.wmo.int
WMO Register of Alerting Authorities,https://alertingauthority.wmo.int/authorities.php?recId=407,Public Weather Services,https://public.wmo.int/en/programmes/public-weather-services-programme
WMO Register of Alerting Authorities,https://alertingauthority.wmo.int/authorities.php?recId=407,please contact us,https://public.wmo.int/en/about-us/contact-us
WMO Register of Alerting Authorities,https://alertingauthority.wmo.int/authorities.php?recId=407,© World Meteorological Organization,https://old.wmo.int/extranet/pages/documents/wmo.vcf
WMO Register of Alerting Authorities,https://alertingauthority.wmo.int/authorities.php?recId=407,Copyright,https://public.wmo.int/en/copyright
WMO Register of Alerting Authorities,https://alertingauthority.wmo.int/authorities.php?recId=407,Privacy Policy,https://public.wmo.int/en/privacy-policy
WMO Register of Alerting Authorities,https://alertingauthority.wmo.int/authorities.php?recId=407,Disclaimer,https://public.wmo.int/en/disclaimer
WMO Register of Alerting Authorities,https://alertingauthority.wmo.int/authorities.php?recId=407,Map disclaimer,https://public.wmo.int/en/disclaimer#mapdisclaimer
WMO Register of Alerting Authorities,https://alertingauthority.wmo.int/authorities.php?recId=408,,https://public.wmo.int/en
WMO Register of Alerting Authorities,https://alertingauthority.wmo.int/authorities.php?recId=408,HOME,https://public.wmo.int/en
WMO Register of Alerting Authorities,https://alertingauthority.wmo.int/authorities.php?recId=408,WORLDWEATHER,https://worldweather.wmo.int
WMO Register of Alerting Authorities,https://alertingauthority.wmo.int/authorities.php?recId=408,SEVERE WEATHER,https://severeweather.wmo.int
WMO Register of Alerting Authorities,https://alertingauthority.wmo.int/authorities.php?recId=408,Public Weather Services,https://public.wmo.int/en/programmes/public-weather-services-programme
WMO Register of Alerting Authorities,https://alertingauthority.wmo.int/authorities.php?recId=408,please contact us,https://public.wmo.int/en/about-us/contact-us
WMO Register of Alerting Authorities,https://alertingauthority.wmo.int/authorities.php?recId=408,© World Meteorological Organization,https://old.wmo.int/extranet/pages/documents/wmo.vcf
WMO Register of Alerting Authorities,https://alertingauthority.wmo.int/authorities.php?recId=408,Copyright,https://public.wmo.int/en/copyright
WMO Register of Alerting Authorities,https://alertingauthority.wmo.int/authorities.php?recId=408,Privacy Policy,https://public.wmo.int/en/privacy-policy
WMO Register of Alerting Authorities,https://alertingauthority.wmo.int/authorities.php?recId=408,Disclaimer,https://public.wmo.int/en/disclaimer
WMO Register of Alerting Authorities,https://alertingauthority.wmo.int/authorities.php?recId=408,Map disclaimer,https://public.wmo.int/en/disclaimer#mapdisclaimer
WMO Register of Alerting Authorities,https://alertingauthority.wmo.int/authorities.php?recId=409,,https://public.wmo.int/en
WMO Register of Alerting Authorities,https://alertingauthority.wmo.int/authorities.php?recId=409,HOME,https://public.wmo.int/en
WMO Register of Alerting Authorities,https://alertingauthority.wmo.int/authorities.php?recId=409,WORLDWEATHER,https://worldweather.wmo.int
WMO Register of Alerting Authorities,https://alertingauthority.wmo.int/authorities.php?recId=409,SEVERE WEATHER,https://severeweather.wmo.int
WMO Register of Alerting Authorities,https://alertingauthority.wmo.int/authorities.php?recId=409,Public Weather Services,https://public.wmo.int/en/programmes/public-weather-services-programme
WMO Register of Alerting Authorities,https://alertingauthority.wmo.int/authorities.php?recId=409,please contact us,https://public.wmo.int/en/about-us/contact-us
WMO Register of Alerting Authorities,https://alertingauthority.wmo.int/authorities.php?recId=409,© World Meteorological Organization,https://old.wmo.int/extranet/pages/documents/wmo.vcf
WMO Register of Alerting Authorities,https://alertingauthority.wmo.int/authorities.php?recId=409,Copyright,https://public.wmo.int/en/copyright
WMO Register of Alerting Authorities,https://alertingauthority.wmo.int/authorities.php?recId=409,Privacy Policy,https://public.wmo.int/en/privacy-policy
WMO Register of Alerting Authorities,https://alertingauthority.wmo.int/authorities.php?recId=409,Disclaimer,https://public.wmo.int/en/disclaimer
WMO Register of Alerting Authorities,https://alertingauthority.wmo.int/authorities.php?recId=409,Map disclaimer,https://public.wmo.int/en/disclaimer#mapdisclaimer
WMO Register of Alerting Authorities,https://alertingauthority.wmo.int/authorities.php?recId=410,,https://public.wmo.int/en
WMO Register of Alerting Authorities,https://alertingauthority.wmo.int/authorities.php?recId=410,HOME,https://public.wmo.int/en
WMO Register of Alerting Authorities,https://alertingauthority.wmo.int/authorities.php?recId=410,WORLDWEATHER,https://worldweather.wmo.int
WMO Register of Alerting Authorities,https://alertingauthority.wmo.int/authorities.php?recId=410,SEVERE WEATHER,https://severeweather.wmo.int
WMO Register of Alerting Authorities,https://alertingauthority.wmo.int/authorities.php?recId=410,Public Weather Services,https://public.wmo.int/en/programmes/public-weather-services-programme
WMO Register of Alerting Authorities,https://alertingauthority.wmo.int/authorities.php?recId=410,please contact us,https://public.wmo.int/en/about-us/contact-us
WMO Register of Alerting Authorities,https://alertingauthority.wmo.int/authorities.php?recId=410,© World Meteorological Organization,https://old.wmo.int/extranet/pages/documents/wmo.vcf
WMO Register of Alerting Authorities,https://alertingauthority.wmo.int/authorities.php?recId=410,Copyright,https://public.wmo.int/en/copyright
WMO Register of Alerting Authorities,https://alertingauthority.wmo.int/authorities.php?recId=410,Privacy Policy,https://public.wmo.int/en/privacy-policy
WMO Register of Alerting Authorities,https://alertingauthority.wmo.int/authorities.php?recId=410,Disclaimer,https://public.wmo.int/en/disclaimer
WMO Register of Alerting Authorities,https://alertingauthority.wmo.int/authorities.php?recId=410,Map disclaimer,https://public.wmo.int/en/disclaimer#mapdisclaimer
WMO Register of Alerting Authorities,https://alertingauthority.wmo.int/authorities.php?recId=411,,https://public.wmo.int/en
WMO Register of Alerting Authorities,https://alertingauthority.wmo.int/authorities.php?recId=411,HOME,https://public.wmo.int/en
WMO Register of Alerting Authorities,https://alertingauthority.wmo.int/authorities.php?recId=411,WORLDWEATHER,https://worldweather.wmo.int
WMO Register of Alerting Authorities,https://alertingauthority.wmo.int/authorities.php?recId=411,SEVERE WEATHER,https://severeweather.wmo.int
WMO Register of Alerting Authorities,https://alertingauthority.wmo.int/authorities.php?recId=411,Public Weather Services,https://public.wmo.int/en/programmes/public-weather-services-programme
WMO Register of Alerting Authorities,https://alertingauthority.wmo.int/authorities.php?recId=411,please contact us,https://public.wmo.int/en/about-us/contact-us
WMO Register of Alerting Authorities,https://alertingauthority.wmo.int/authorities.php?recId=411,© World Meteorological Organization,https://old.wmo.int/extranet/pages/documents/wmo.vcf
WMO Register of Alerting Authorities,https://alertingauthority.wmo.int/authorities.php?recId=411,Copyright,https://public.wmo.int/en/copyright
WMO Register of Alerting Authorities,https://alertingauthority.wmo.int/authorities.php?recId=411,Privacy Policy,https://public.wmo.int/en/privacy-policy
WMO Register of Alerting Authorities,https://alertingauthority.wmo.int/authorities.php?recId=411,Disclaimer,https://public.wmo.int/en/disclaimer
WMO Register of Alerting Authorities,https://alertingauthority.wmo.int/authorities.php?recId=411,Map disclaimer,https://public.wmo.int/en/disclaimer#mapdisclaimer
WMO Register of Alerting Authorities,https://alertingauthority.wmo.int/authorities.php?recId=412,,https://public.wmo.int/en
WMO Register of Alerting Authorities,https://alertingauthority.wmo.int/authorities.php?recId=412,HOME,https://public.wmo.int/en
WMO Register of Alerting Authorities,https://alertingauthority.wmo.int/authorities.php?recId=412,WORLDWEATHER,https://worldweather.wmo.int
WMO Register of Alerting Authorities,https://alertingauthority.wmo.int/authorities.php?recId=412,SEVERE WEATHER,https://severeweather.wmo.int
WMO Register of Alerting Authorities,https://alertingauthority.wmo.int/authorities.php?recId=412,Public Weather Services,https://public.wmo.int/en/programmes/public-weather-services-programme
WMO Register of Alerting Authorities,https://alertingauthority.wmo.int/authorities.php?recId=412,please contact us,https://public.wmo.int/en/about-us/contact-us
WMO Register of Alerting Authorities,https://alertingauthority.wmo.int/authorities.php?recId=412,© World Meteorological Organization,https://old.wmo.int/extranet/pages/documents/wmo.vcf
WMO Register of Alerting Authorities,https://alertingauthority.wmo.int/authorities.php?recId=412,Copyright,https://public.wmo.int/en/copyright
WMO Register of Alerting Authorities,https://alertingauthority.wmo.int/authorities.php?recId=412,Privacy Policy,https://public.wmo.int/en/privacy-policy
WMO Register of Alerting Authorities,https://alertingauthority.wmo.int/authorities.php?recId=412,Disclaimer,https://public.wmo.int/en/disclaimer
WMO Register of Alerting Authorities,https://alertingauthority.wmo.int/authorities.php?recId=412,Map disclaimer,https://public.wmo.int/en/disclaimer#mapdisclaimer
WMO Register of Alerting Authorities,https://alertingauthority.wmo.int/authorities.php?recId=413,,https://public.wmo.int/en
WMO Register of Alerting Authorities,https://alertingauthority.wmo.int/authorities.php?recId=413,HOME,https://public.wmo.int/en
WMO Register of Alerting Authorities,https://alertingauthority.wmo.int/authorities.php?recId=413,WORLDWEATHER,https://worldweather.wmo.int
WMO Register of Alerting Authorities,https://alertingauthority.wmo.int/authorities.php?recId=413,SEVERE WEATHER,https://severeweather.wmo.int
WMO Register of Alerting Authorities,https://alertingauthority.wmo.int/authorities.php?recId=413,Public Weather Services,https://public.wmo.int/en/programmes/public-weather-services-programme
WMO Register of Alerting Authorities,https://alertingauthority.wmo.int/authorities.php?recId=413,please contact us,https://public.wmo.int/en/about-us/contact-us
WMO Register of Alerting Authorities,https://alertingauthority.wmo.int/authorities.php?recId=413,© World Meteorological Organization,https://old.wmo.int/extranet/pages/documents/wmo.vcf
WMO Register of Alerting Authorities,https://alertingauthority.wmo.int/authorities.php?recId=413,Copyright,https://public.wmo.int/en/copyright
WMO Register of Alerting Authorities,https://alertingauthority.wmo.int/authorities.php?recId=413,Privacy Policy,https://public.wmo.int/en/privacy-policy
WMO Register of Alerting Authorities,https://alertingauthority.wmo.int/authorities.php?recId=413,Disclaimer,https://public.wmo.int/en/disclaimer
WMO Register of Alerting Authorities,https://alertingauthority.wmo.int/authorities.php?recId=413,Map disclaimer,https://public.wmo.int/en/disclaimer#mapdisclaimer
WMO Register of Alerting Authorities,https://alertingauthority.wmo.int/authorities.php?recId=414,,https://public.wmo.int/en
WMO Register of Alerting Authorities,https://alertingauthority.wmo.int/authorities.php?recId=414,HOME,https://public.wmo.int/en
WMO Register of Alerting Authorities,https://alertingauthority.wmo.int/authorities.php?recId=414,WORLDWEATHER,https://worldweather.wmo.int
WMO Register of Alerting Authorities,https://alertingauthority.wmo.int/authorities.php?recId=414,SEVERE WEATHER,https://severeweather.wmo.int
WMO Register of Alerting Authorities,https://alertingauthority.wmo.int/authorities.php?recId=414,Public Weather Services,https://public.wmo.int/en/programmes/public-weather-services-programme
WMO Register of Alerting Authorities,https://alertingauthority.wmo.int/authorities.php?recId=414,please contact us,https://public.wmo.int/en/about-us/contact-us
WMO Register of Alerting Authorities,https://alertingauthority.wmo.int/authorities.php?recId=414,© World Meteorological Organization,https://old.wmo.int/extranet/pages/documents/wmo.vcf
WMO Register of Alerting Authorities,https://alertingauthority.wmo.int/authorities.php?recId=414,Copyright,https://public.wmo.int/en/copyright
WMO Register of Alerting Authorities,https://alertingauthority.wmo.int/authorities.php?recId=414,Privacy Policy,https://public.wmo.int/en/privacy-policy
WMO Register of Alerting Authorities,https://alertingauthority.wmo.int/authorities.php?recId=414,Disclaimer,https://public.wmo.int/en/disclaimer
WMO Register of Alerting Authorities,https://alertingauthority.wmo.int/authorities.php?recId=414,Map disclaimer,https://public.wmo.int/en/disclaimer#mapdisclaimer
WMO Register of Alerting Authorities,https://alertingauthority.wmo.int/authorities.php?recId=415,,https://public.wmo.int/en
WMO Register of Alerting Authorities,https://alertingauthority.wmo.int/authorities.php?recId=415,HOME,https://public.wmo.int/en
WMO Register of Alerting Authorities,https://alertingauthority.wmo.int/authorities.php?recId=415,WORLDWEATHER,https://worldweather.wmo.int
WMO Register of Alerting Authorities,https://alertingauthority.wmo.int/authorities.php?recId=415,SEVERE WEATHER,https://severeweather.wmo.int
WMO Register of Alerting Authorities,https://alertingauthority.wmo.int/authorities.php?recId=415,Public Weather Services,https://public.wmo.int/en/programmes/public-weather-services-programme
WMO Register of Alerting Authorities,https://alertingauthority.wmo.int/authorities.php?recId=415,please contact us,https://public.wmo.int/en/about-us/contact-us
WMO Register of Alerting Authorities,https://alertingauthority.wmo.int/authorities.php?recId=415,© World Meteorological Organization,https://old.wmo.int/extranet/pages/documents/wmo.vcf
WMO Register of Alerting Authorities,https://alertingauthority.wmo.int/authorities.php?recId=415,Copyright,https://public.wmo.int/en/copyright
WMO Register of Alerting Authorities,https://alertingauthority.wmo.int/authorities.php?recId=415,Privacy Policy,https://public.wmo.int/en/privacy-policy
WMO Register of Alerting Authorities,https://alertingauthority.wmo.int/authorities.php?recId=415,Disclaimer,https://public.wmo.int/en/disclaimer
WMO Register of Alerting Authorities,https://alertingauthority.wmo.int/authorities.php?recId=415,Map disclaimer,https://public.wmo.int/en/disclaimer#mapdisclaimer
WMO Register of Alerting Authorities,https://alertingauthority.wmo.int/authorities.php?recId=416,,https://public.wmo.int/en
WMO Register of Alerting Authorities,https://alertingauthority.wmo.int/authorities.php?recId=416,HOME,https://public.wmo.int/en
WMO Register of Alerting Authorities,https://alertingauthority.wmo.int/authorities.php?recId=416,WORLDWEATHER,https://worldweather.wmo.int
WMO Register of Alerting Authorities,https://alertingauthority.wmo.int/authorities.php?recId=416,SEVERE WEATHER,https://severeweather.wmo.int
WMO Register of Alerting Authorities,https://alertingauthority.wmo.int/authorities.php?recId=416,Public Weather Services,https://public.wmo.int/en/programmes/public-weather-services-programme
WMO Register of Alerting Authorities,https://alertingauthority.wmo.int/authorities.php?recId=416,please contact us,https://public.wmo.int/en/about-us/contact-us
WMO Register of Alerting Authorities,https://alertingauthority.wmo.int/authorities.php?recId=416,© World Meteorological Organization,https://old.wmo.int/extranet/pages/documents/wmo.vcf
WMO Register of Alerting Authorities,https://alertingauthority.wmo.int/authorities.php?recId=416,Copyright,https://public.wmo.int/en/copyright
WMO Register of Alerting Authorities,https://alertingauthority.wmo.int/authorities.php?recId=416,Privacy Policy,https://public.wmo.int/en/privacy-policy
WMO Register of Alerting Authorities,https://alertingauthority.wmo.int/authorities.php?recId=416,Disclaimer,https://public.wmo.int/en/disclaimer
WMO Register of Alerting Authorities,https://alertingauthority.wmo.int/authorities.php?recId=416,Map disclaimer,https://public.wmo.int/en/disclaimer#mapdisclaimer
WMO Register of Alerting Authorities,https://alertingauthority.wmo.int/authorities.php?recId=417,,https://public.wmo.int/en
WMO Register of Alerting Authorities,https://alertingauthority.wmo.int/authorities.php?recId=417,HOME,https://public.wmo.int/en
WMO Register of Alerting Authorities,https://alertingauthority.wmo.int/authorities.php?recId=417,WORLDWEATHER,https://worldweather.wmo.int
WMO Register of Alerting Authorities,https://alertingauthority.wmo.int/authorities.php?recId=417,SEVERE WEATHER,https://severeweather.wmo.int
WMO Register of Alerting Authorities,https://alertingauthority.wmo.int/authorities.php?recId=417,Public Weather Services,https://public.wmo.int/en/programmes/public-weather-services-programme
WMO Register of Alerting Authorities,https://alertingauthority.wmo.int/authorities.php?recId=417,please contact us,https://public.wmo.int/en/about-us/contact-us
WMO Register of Alerting Authorities,https://alertingauthority.wmo.int/authorities.php?recId=417,© World Meteorological Organization,https://old.wmo.int/extranet/pages/documents/wmo.vcf
WMO Register of Alerting Authorities,https://alertingauthority.wmo.int/authorities.php?recId=417,Copyright,https://public.wmo.int/en/copyright
WMO Register of Alerting Authorities,https://alertingauthority.wmo.int/authorities.php?recId=417,Privacy Policy,https://public.wmo.int/en/privacy-policy
WMO Register of Alerting Authorities,https://alertingauthority.wmo.int/authorities.php?recId=417,Disclaimer,https://public.wmo.int/en/disclaimer
WMO Register of Alerting Authorities,https://alertingauthority.wmo.int/authorities.php?recId=417,Map disclaimer,https://public.wmo.int/en/disclaimer#mapdisclaimer
WMO Register of Alerting Authorities,https://alertingauthority.wmo.int/authorities.php?recId=418,,https://public.wmo.int/en
WMO Register of Alerting Authorities,https://alertingauthority.wmo.int/authorities.php?recId=418,HOME,https://public.wmo.int/en
WMO Register of Alerting Authorities,https://alertingauthority.wmo.int/authorities.php?recId=418,WORLDWEATHER,https://worldweather.wmo.int
WMO Register of Alerting Authorities,https://alertingauthority.wmo.int/authorities.php?recId=418,SEVERE WEATHER,https://severeweather.wmo.int
WMO Register of Alerting Authorities,https://alertingauthority.wmo.int/authorities.php?recId=418,Public Weather Services,https://public.wmo.int/en/programmes/public-weather-services-programme
WMO Register of Alerting Authorities,https://alertingauthority.wmo.int/authorities.php?recId=418,please contact us,https://public.wmo.int/en/about-us/contact-us
WMO Register of Alerting Authorities,https://alertingauthority.wmo.int/authorities.php?recId=418,© World Meteorological Organization,https://old.wmo.int/extranet/pages/documents/wmo.vcf
WMO Register of Alerting Authorities,https://alertingauthority.wmo.int/authorities.php?recId=418,Copyright,https://public.wmo.int/en/copyright
WMO Register of Alerting Authorities,https://alertingauthority.wmo.int/authorities.php?recId=418,Privacy Policy,https://public.wmo.int/en/privacy-policy
WMO Register of Alerting Authorities,https://alertingauthority.wmo.int/authorities.php?recId=418,Disclaimer,https://public.wmo.int/en/disclaimer
WMO Register of Alerting Authorities,https://alertingauthority.wmo.int/authorities.php?recId=418,Map disclaimer,https://public.wmo.int/en/disclaimer#mapdisclaimer
WMO Register of Alerting Authorities,https://alertingauthority.wmo.int/authorities.php?recId=419,,https://public.wmo.int/en
WMO Register of Alerting Authorities,https://alertingauthority.wmo.int/authorities.php?recId=419,HOME,https://public.wmo.int/en
WMO Register of Alerting Authorities,https://alertingauthority.wmo.int/authorities.php?recId=419,WORLDWEATHER,https://worldweather.wmo.int
WMO Register of Alerting Authorities,https://alertingauthority.wmo.int/authorities.php?recId=419,SEVERE WEATHER,https://severeweather.wmo.int
WMO Register of Alerting Authorities,https://alertingauthority.wmo.int/authorities.php?recId=419,Public Weather Services,https://public.wmo.int/en/programmes/public-weather-services-programme
WMO Register of Alerting Authorities,https://alertingauthority.wmo.int/authorities.php?recId=419,please contact us,https://public.wmo.int/en/about-us/contact-us
WMO Register of Alerting Authorities,https://alertingauthority.wmo.int/authorities.php?recId=419,© World Meteorological Organization,https://old.wmo.int/extranet/pages/documents/wmo.vcf
WMO Register of Alerting Authorities,https://alertingauthority.wmo.int/authorities.php?recId=419,Copyright,https://public.wmo.int/en/copyright
WMO Register of Alerting Authorities,https://alertingauthority.wmo.int/authorities.php?recId=419,Privacy Policy,https://public.wmo.int/en/privacy-policy
WMO Register of Alerting Authorities,https://alertingauthority.wmo.int/authorities.php?recId=419,Disclaimer,https://public.wmo.int/en/disclaimer
WMO Register of Alerting Authorities,https://alertingauthority.wmo.int/authorities.php?recId=419,Map disclaimer,https://public.wmo.int/en/disclaimer#mapdisclaimer
WMO Register of Alerting Authorities,https://alertingauthority.wmo.int/authorities.php?recId=420,,https://public.wmo.int/en
WMO Register of Alerting Authorities,https://alertingauthority.wmo.int/authorities.php?recId=420,HOME,https://public.wmo.int/en
WMO Register of Alerting Authorities,https://alertingauthority.wmo.int/authorities.php?recId=420,WORLDWEATHER,https://worldweather.wmo.int
WMO Register of Alerting Authorities,https://alertingauthority.wmo.int/authorities.php?recId=420,SEVERE WEATHER,https://severeweather.wmo.int
WMO Register of Alerting Authorities,https://alertingauthority.wmo.int/authorities.php?recId=420,Public Weather Services,https://public.wmo.int/en/programmes/public-weather-services-programme
WMO Register of Alerting Authorities,https://alertingauthority.wmo.int/authorities.php?recId=420,please contact us,https://public.wmo.int/en/about-us/contact-us
WMO Register of Alerting Authorities,https://alertingauthority.wmo.int/authorities.php?recId=420,© World Meteorological Organization,https://old.wmo.int/extranet/pages/documents/wmo.vcf
WMO Register of Alerting Authorities,https://alertingauthority.wmo.int/authorities.php?recId=420,Copyright,https://public.wmo.int/en/copyright
WMO Register of Alerting Authorities,https://alertingauthority.wmo.int/authorities.php?recId=420,Privacy Policy,https://public.wmo.int/en/privacy-policy
WMO Register of Alerting Authorities,https://alertingauthority.wmo.int/authorities.php?recId=420,Disclaimer,https://public.wmo.int/en/disclaimer
WMO Register of Alerting Authorities,https://alertingauthority.wmo.int/authorities.php?recId=420,Map disclaimer,https://public.wmo.int/en/disclaimer#mapdisclaimer
WMO Register of Alerting Authorities,https://alertingauthority.wmo.int/authorities.php?recId=421,,https://public.wmo.int/en
WMO Register of Alerting Authorities,https://alertingauthority.wmo.int/authorities.php?recId=421,HOME,https://public.wmo.int/en
WMO Register of Alerting Authorities,https://alertingauthority.wmo.int/authorities.php?recId=421,WORLDWEATHER,https://worldweather.wmo.int
WMO Register of Alerting Authorities,https://alertingauthority.wmo.int/authorities.php?recId=421,SEVERE WEATHER,https://severeweather.wmo.int
WMO Register of Alerting Authorities,https://alertingauthority.wmo.int/authorities.php?recId=421,Public Weather Services,https://public.wmo.int/en/programmes/public-weather-services-programme
WMO Register of Alerting Authorities,https://alertingauthority.wmo.int/authorities.php?recId=421,please contact us,https://public.wmo.int/en/about-us/contact-us
WMO Register of Alerting Authorities,https://alertingauthority.wmo.int/authorities.php?recId=421,© World Meteorological Organization,https://old.wmo.int/extranet/pages/documents/wmo.vcf
WMO Register of Alerting Authorities,https://alertingauthority.wmo.int/authorities.php?recId=421,Copyright,https://public.wmo.int/en/copyright
WMO Register of Alerting Authorities,https://alertingauthority.wmo.int/authorities.php?recId=421,Privacy Policy,https://public.wmo.int/en/privacy-policy
WMO Register of Alerting Authorities,https://alertingauthority.wmo.int/authorities.php?recId=421,Disclaimer,https://public.wmo.int/en/disclaimer
WMO Register of Alerting Authorities,https://alertingauthority.wmo.int/authorities.php?recId=421,Map disclaimer,https://public.wmo.int/en/disclaimer#mapdisclaimer
WMO Register of Alerting Authorities,https://alertingauthority.wmo.int/authorities.php?recId=422,,https://public.wmo.int/en
WMO Register of Alerting Authorities,https://alertingauthority.wmo.int/authorities.php?recId=422,HOME,https://public.wmo.int/en
WMO Register of Alerting Authorities,https://alertingauthority.wmo.int/authorities.php?recId=422,WORLDWEATHER,https://worldweather.wmo.int
WMO Register of Alerting Authorities,https://alertingauthority.wmo.int/authorities.php?recId=422,SEVERE WEATHER,https://severeweather.wmo.int
WMO Register of Alerting Authorities,https://alertingauthority.wmo.int/authorities.php?recId=422,Public Weather Services,https://public.wmo.int/en/programmes/public-weather-services-programme
WMO Register of Alerting Authorities,https://alertingauthority.wmo.int/authorities.php?recId=422,please contact us,https://public.wmo.int/en/about-us/contact-us
WMO Register of Alerting Authorities,https://alertingauthority.wmo.int/authorities.php?recId=422,© World Meteorological Organization,https://old.wmo.int/extranet/pages/documents/wmo.vcf
WMO Register of Alerting Authorities,https://alertingauthority.wmo.int/authorities.php?recId=422,Copyright,https://public.wmo.int/en/copyright
WMO Register of Alerting Authorities,https://alertingauthority.wmo.int/authorities.php?recId=422,Privacy Policy,https://public.wmo.int/en/privacy-policy
WMO Register of Alerting Authorities,https://alertingauthority.wmo.int/authorities.php?recId=422,Disclaimer,https://public.wmo.int/en/disclaimer
WMO Register of Alerting Authorities,https://alertingauthority.wmo.int/authorities.php?recId=422,Map disclaimer,https://public.wmo.int/en/disclaimer#mapdisclaimer
WMO Register of Alerting Authorities,https://alertingauthority.wmo.int/authorities.php?recId=423,,https://public.wmo.int/en
WMO Register of Alerting Authorities,https://alertingauthority.wmo.int/authorities.php?recId=423,HOME,https://public.wmo.int/en
WMO Register of Alerting Authorities,https://alertingauthority.wmo.int/authorities.php?recId=423,WORLDWEATHER,https://worldweather.wmo.int
WMO Register of Alerting Authorities,https://alertingauthority.wmo.int/authorities.php?recId=423,SEVERE WEATHER,https://severeweather.wmo.int
WMO Register of Alerting Authorities,https://alertingauthority.wmo.int/authorities.php?recId=423,Public Weather Services,https://public.wmo.int/en/programmes/public-weather-services-programme
WMO Register of Alerting Authorities,https://alertingauthority.wmo.int/authorities.php?recId=423,please contact us,https://public.wmo.int/en/about-us/contact-us
WMO Register of Alerting Authorities,https://alertingauthority.wmo.int/authorities.php?recId=423,© World Meteorological Organization,https://old.wmo.int/extranet/pages/documents/wmo.vcf
WMO Register of Alerting Authorities,https://alertingauthority.wmo.int/authorities.php?recId=423,Copyright,https://public.wmo.int/en/copyright
WMO Register of Alerting Authorities,https://alertingauthority.wmo.int/authorities.php?recId=423,Privacy Policy,https://public.wmo.int/en/privacy-policy
WMO Register of Alerting Authorities,https://alertingauthority.wmo.int/authorities.php?recId=423,Disclaimer,https://public.wmo.int/en/disclaimer
WMO Register of Alerting Authorities,https://alertingauthority.wmo.int/authorities.php?recId=423,Map disclaimer,https://public.wmo.int/en/disclaimer#mapdisclaimer
WMO Register of Alerting Authorities,https://alertingauthority.wmo.int/authorities.php?recId=424,,https://public.wmo.int/en
WMO Register of Alerting Authorities,https://alertingauthority.wmo.int/authorities.php?recId=424,HOME,https://public.wmo.int/en
WMO Register of Alerting Authorities,https://alertingauthority.wmo.int/authorities.php?recId=424,WORLDWEATHER,https://worldweather.wmo.int
WMO Register of Alerting Authorities,https://alertingauthority.wmo.int/authorities.php?recId=424,SEVERE WEATHER,https://severeweather.wmo.int
WMO Register of Alerting Authorities,https://alertingauthority.wmo.int/authorities.php?recId=424,Public Weather Services,https://public.wmo.int/en/programmes/public-weather-services-programme
WMO Register of Alerting Authorities,https://alertingauthority.wmo.int/authorities.php?recId=424,please contact us,https://public.wmo.int/en/about-us/contact-us
WMO Register of Alerting Authorities,https://alertingauthority.wmo.int/authorities.php?recId=424,© World Meteorological Organization,https://old.wmo.int/extranet/pages/documents/wmo.vcf
WMO Register of Alerting Authorities,https://alertingauthority.wmo.int/authorities.php?recId=424,Copyright,https://public.wmo.int/en/copyright
WMO Register of Alerting Authorities,https://alertingauthority.wmo.int/authorities.php?recId=424,Privacy Policy,https://public.wmo.int/en/privacy-policy
WMO Register of Alerting Authorities,https://alertingauthority.wmo.int/authorities.php?recId=424,Disclaimer,https://public.wmo.int/en/disclaimer
WMO Register of Alerting Authorities,https://alertingauthority.wmo.int/authorities.php?recId=424,Map disclaimer,https://public.wmo.int/en/disclaimer#mapdisclaimer
WMO Register of Alerting Authorities,https://alertingauthority.wmo.int/authorities.php?recId=425,,https://public.wmo.int/en
WMO Register of Alerting Authorities,https://alertingauthority.wmo.int/authorities.php?recId=425,HOME,https://public.wmo.int/en
WMO Register of Alerting Authorities,https://alertingauthority.wmo.int/authorities.php?recId=425,WORLDWEATHER,https://worldweather.wmo.int
WMO Register of Alerting Authorities,https://alertingauthority.wmo.int/authorities.php?recId=425,SEVERE WEATHER,https://severeweather.wmo.int
WMO Register of Alerting Authorities,https://alertingauthority.wmo.int/authorities.php?recId=425,Public Weather Services,https://public.wmo.int/en/programmes/public-weather-services-programme
WMO Register of Alerting Authorities,https://alertingauthority.wmo.int/authorities.php?recId=425,please contact us,https://public.wmo.int/en/about-us/contact-us
WMO Register of Alerting Authorities,https://alertingauthority.wmo.int/authorities.php?recId=425,© World Meteorological Organization,https://old.wmo.int/extranet/pages/documents/wmo.vcf
WMO Register of Alerting Authorities,https://alertingauthority.wmo.int/authorities.php?recId=425,Copyright,https://public.wmo.int/en/copyright
WMO Register of Alerting Authorities,https://alertingauthority.wmo.int/authorities.php?recId=425,Privacy Policy,https://public.wmo.int/en/privacy-policy
WMO Register of Alerting Authorities,https://alertingauthority.wmo.int/authorities.php?recId=425,Disclaimer,https://public.wmo.int/en/disclaimer
WMO Register of Alerting Authorities,https://alertingauthority.wmo.int/authorities.php?recId=425,Map disclaimer,https://public.wmo.int/en/disclaimer#mapdisclaimer
WMO Register of Alerting Authorities,https://alertingauthority.wmo.int/authorities.php?recId=426,,https://public.wmo.int/en
WMO Register of Alerting Authorities,https://alertingauthority.wmo.int/authorities.php?recId=426,HOME,https://public.wmo.int/en
WMO Register of Alerting Authorities,https://alertingauthority.wmo.int/authorities.php?recId=426,WORLDWEATHER,https://worldweather.wmo.int
WMO Register of Alerting Authorities,https://alertingauthority.wmo.int/authorities.php?recId=426,SEVERE WEATHER,https://severeweather.wmo.int
WMO Register of Alerting Authorities,https://alertingauthority.wmo.int/authorities.php?recId=426,Public Weather Services,https://public.wmo.int/en/programmes/public-weather-services-programme
WMO Register of Alerting Authorities,https://alertingauthority.wmo.int/authorities.php?recId=426,please contact us,https://public.wmo.int/en/about-us/contact-us
WMO Register of Alerting Authorities,https://alertingauthority.wmo.int/authorities.php?recId=426,© World Meteorological Organization,https://old.wmo.int/extranet/pages/documents/wmo.vcf
WMO Register of Alerting Authorities,https://alertingauthority.wmo.int/authorities.php?recId=426,Copyright,https://public.wmo.int/en/copyright
WMO Register of Alerting Authorities,https://alertingauthority.wmo.int/authorities.php?recId=426,Privacy Policy,https://public.wmo.int/en/privacy-policy
WMO Register of Alerting Authorities,https://alertingauthority.wmo.int/authorities.php?recId=426,Disclaimer,https://public.wmo.int/en/disclaimer
WMO Register of Alerting Authorities,https://alertingauthority.wmo.int/authorities.php?recId=426,Map disclaimer,https://public.wmo.int/en/disclaimer#mapdisclaimer
WMO Register of Alerting Authorities,https://alertingauthority.wmo.int/authorities.php?recId=427,,https://public.wmo.int/en
WMO Register of Alerting Authorities,https://alertingauthority.wmo.int/authorities.php?recId=427,HOME,https://public.wmo.int/en
WMO Register of Alerting Authorities,https://alertingauthority.wmo.int/authorities.php?recId=427,WORLDWEATHER,https://worldweather.wmo.int
WMO Register of Alerting Authorities,https://alertingauthority.wmo.int/authorities.php?recId=427,SEVERE WEATHER,https://severeweather.wmo.int
WMO Register of Alerting Authorities,https://alertingauthority.wmo.int/authorities.php?recId=427,Public Weather Services,https://public.wmo.int/en/programmes/public-weather-services-programme
WMO Register of Alerting Authorities,https://alertingauthority.wmo.int/authorities.php?recId=427,please contact us,https://public.wmo.int/en/about-us/contact-us
WMO Register of Alerting Authorities,https://alertingauthority.wmo.int/authorities.php?recId=427,© World Meteorological Organization,https://old.wmo.int/extranet/pages/documents/wmo.vcf
WMO Register of Alerting Authorities,https://alertingauthority.wmo.int/authorities.php?recId=427,Copyright,https://public.wmo.int/en/copyright
WMO Register of Alerting Authorities,https://alertingauthority.wmo.int/authorities.php?recId=427,Privacy Policy,https://public.wmo.int/en/privacy-policy
WMO Register of Alerting Authorities,https://alertingauthority.wmo.int/authorities.php?recId=427,Disclaimer,https://public.wmo.int/en/disclaimer
WMO Register of Alerting Authorities,https://alertingauthority.wmo.int/authorities.php?recId=427,Map disclaimer,https://public.wmo.int/en/disclaimer#mapdisclaimer
WMO Register of Alerting Authorities,https://alertingauthority.wmo.int/authorities.php?recId=428,,https://public.wmo.int/en
WMO Register of Alerting Authorities,https://alertingauthority.wmo.int/authorities.php?recId=428,HOME,https://public.wmo.int/en
WMO Register of Alerting Authorities,https://alertingauthority.wmo.int/authorities.php?recId=428,WORLDWEATHER,https://worldweather.wmo.int
WMO Register of Alerting Authorities,https://alertingauthority.wmo.int/authorities.php?recId=428,SEVERE WEATHER,https://severeweather.wmo.int
WMO Register of Alerting Authorities,https://alertingauthority.wmo.int/authorities.php?recId=428,Public Weather Services,https://public.wmo.int/en/programmes/public-weather-services-programme
WMO Register of Alerting Authorities,https://alertingauthority.wmo.int/authorities.php?recId=428,please contact us,https://public.wmo.int/en/about-us/contact-us
WMO Register of Alerting Authorities,https://alertingauthority.wmo.int/authorities.php?recId=428,© World Meteorological Organization,https://old.wmo.int/extranet/pages/documents/wmo.vcf
WMO Register of Alerting Authorities,https://alertingauthority.wmo.int/authorities.php?recId=428,Copyright,https://public.wmo.int/en/copyright
WMO Register of Alerting Authorities,https://alertingauthority.wmo.int/authorities.php?recId=428,Privacy Policy,https://public.wmo.int/en/privacy-policy
WMO Register of Alerting Authorities,https://alertingauthority.wmo.int/authorities.php?recId=428,Disclaimer,https://public.wmo.int/en/disclaimer
WMO Register of Alerting Authorities,https://alertingauthority.wmo.int/authorities.php?recId=428,Map disclaimer,https://public.wmo.int/en/disclaimer#mapdisclaimer
WMO Register of Alerting Authorities,https://alertingauthority.wmo.int/authorities.php?recId=429,,https://public.wmo.int/en
WMO Register of Alerting Authorities,https://alertingauthority.wmo.int/authorities.php?recId=429,HOME,https://public.wmo.int/en
WMO Register of Alerting Authorities,https://alertingauthority.wmo.int/authorities.php?recId=429,WORLDWEATHER,https://worldweather.wmo.int
WMO Register of Alerting Authorities,https://alertingauthority.wmo.int/authorities.php?recId=429,SEVERE WEATHER,https://severeweather.wmo.int
WMO Register of Alerting Authorities,https://alertingauthority.wmo.int/authorities.php?recId=429,Public Weather Services,https://public.wmo.int/en/programmes/public-weather-services-programme
WMO Register of Alerting Authorities,https://alertingauthority.wmo.int/authorities.php?recId=429,please contact us,https://public.wmo.int/en/about-us/contact-us
WMO Register of Alerting Authorities,https://alertingauthority.wmo.int/authorities.php?recId=429,© World Meteorological Organization,https://old.wmo.int/extranet/pages/documents/wmo.vcf
WMO Register of Alerting Authorities,https://alertingauthority.wmo.int/authorities.php?recId=429,Copyright,https://public.wmo.int/en/copyright
WMO Register of Alerting Authorities,https://alertingauthority.wmo.int/authorities.php?recId=429,Privacy Policy,https://public.wmo.int/en/privacy-policy
WMO Register of Alerting Authorities,https://alertingauthority.wmo.int/authorities.php?recId=429,Disclaimer,https://public.wmo.int/en/disclaimer
WMO Register of Alerting Authorities,https://alertingauthority.wmo.int/authorities.php?recId=429,Map disclaimer,https://public.wmo.int/en/disclaimer#mapdisclaimer
WMO Register of Alerting Authorities,https://alertingauthority.wmo.int/authorities.php?recId=430,,https://public.wmo.int/en
WMO Register of Alerting Authorities,https://alertingauthority.wmo.int/authorities.php?recId=430,HOME,https://public.wmo.int/en
WMO Register of Alerting Authorities,https://alertingauthority.wmo.int/authorities.php?recId=430,WORLDWEATHER,https://worldweather.wmo.int
WMO Register of Alerting Authorities,https://alertingauthority.wmo.int/authorities.php?recId=430,SEVERE WEATHER,https://severeweather.wmo.int
WMO Register of Alerting Authorities,https://alertingauthority.wmo.int/authorities.php?recId=430,Public Weather Services,https://public.wmo.int/en/programmes/public-weather-services-programme
WMO Register of Alerting Authorities,https://alertingauthority.wmo.int/authorities.php?recId=430,please contact us,https://public.wmo.int/en/about-us/contact-us
WMO Register of Alerting Authorities,https://alertingauthority.wmo.int/authorities.php?recId=430,© World Meteorological Organization,https://old.wmo.int/extranet/pages/documents/wmo.vcf
WMO Register of Alerting Authorities,https://alertingauthority.wmo.int/authorities.php?recId=430,Copyright,https://public.wmo.int/en/copyright
WMO Register of Alerting Authorities,https://alertingauthority.wmo.int/authorities.php?recId=430,Privacy Policy,https://public.wmo.int/en/privacy-policy
WMO Register of Alerting Authorities,https://alertingauthority.wmo.int/authorities.php?recId=430,Disclaimer,https://public.wmo.int/en/disclaimer
WMO Register of Alerting Authorities,https://alertingauthority.wmo.int/authorities.php?recId=430,Map disclaimer,https://public.wmo.int/en/disclaimer#mapdisclaimer
WMO Register of Alerting Authorities,https://alertingauthority.wmo.int/authorities.php?recId=431,,https://public.wmo.int/en
WMO Register of Alerting Authorities,https://alertingauthority.wmo.int/authorities.php?recId=431,HOME,https://public.wmo.int/en
WMO Register of Alerting Authorities,https://alertingauthority.wmo.int/authorities.php?recId=431,WORLDWEATHER,https://worldweather.wmo.int
WMO Register of Alerting Authorities,https://alertingauthority.wmo.int/authorities.php?recId=431,SEVERE WEATHER,https://severeweather.wmo.int
WMO Register of Alerting Authorities,https://alertingauthority.wmo.int/authorities.php?recId=431,Public Weather Services,https://public.wmo.int/en/programmes/public-weather-services-programme
WMO Register of Alerting Authorities,https://alertingauthority.wmo.int/authorities.php?recId=431,please contact us,https://public.wmo.int/en/about-us/contact-us
WMO Register of Alerting Authorities,https://alertingauthority.wmo.int/authorities.php?recId=431,© World Meteorological Organization,https://old.wmo.int/extranet/pages/documents/wmo.vcf
WMO Register of Alerting Authorities,https://alertingauthority.wmo.int/authorities.php?recId=431,Copyright,https://public.wmo.int/en/copyright
WMO Register of Alerting Authorities,https://alertingauthority.wmo.int/authorities.php?recId=431,Privacy Policy,https://public.wmo.int/en/privacy-policy
WMO Register of Alerting Authorities,https://alertingauthority.wmo.int/authorities.php?recId=431,Disclaimer,https://public.wmo.int/en/disclaimer
WMO Register of Alerting Authorities,https://alertingauthority.wmo.int/authorities.php?recId=431,Map disclaimer,https://public.wmo.int/en/disclaimer#mapdisclaimer
WMO Register of Alerting Authorities,https://alertingauthority.wmo.int/authorities.php?recId=432,,https://public.wmo.int/en
WMO Register of Alerting Authorities,https://alertingauthority.wmo.int/authorities.php?recId=432,HOME,https://public.wmo.int/en
WMO Register of Alerting Authorities,https://alertingauthority.wmo.int/authorities.php?recId=432,WORLDWEATHER,https://worldweather.wmo.int
WMO Register of Alerting Authorities,https://alertingauthority.wmo.int/authorities.php?recId=432,SEVERE WEATHER,https://severeweather.wmo.int
WMO Register of Alerting Authorities,https://alertingauthority.wmo.int/authorities.php?recId=432,Public Weather Services,https://public.wmo.int/en/programmes/public-weather-services-programme
WMO Register of Alerting Authorities,https://alertingauthority.wmo.int/authorities.php?recId=432,please contact us,https://public.wmo.int/en/about-us/contact-us
WMO Register of Alerting Authorities,https://alertingauthority.wmo.int/authorities.php?recId=432,© World Meteorological Organization,https://old.wmo.int/extranet/pages/documents/wmo.vcf
WMO Register of Alerting Authorities,https://alertingauthority.wmo.int/authorities.php?recId=432,Copyright,https://public.wmo.int/en/copyright
WMO Register of Alerting Authorities,https://alertingauthority.wmo.int/authorities.php?recId=432,Privacy Policy,https://public.wmo.int/en/privacy-policy
WMO Register of Alerting Authorities,https://alertingauthority.wmo.int/authorities.php?recId=432,Disclaimer,https://public.wmo.int/en/disclaimer
WMO Register of Alerting Authorities,https://alertingauthority.wmo.int/authorities.php?recId=432,Map disclaimer,https://public.wmo.int/en/disclaimer#mapdisclaimer
WMO Register of Alerting Authorities,https://alertingauthority.wmo.int/authorities.php?recId=433,,https://public.wmo.int/en
WMO Register of Alerting Authorities,https://alertingauthority.wmo.int/authorities.php?recId=433,HOME,https://public.wmo.int/en
WMO Register of Alerting Authorities,https://alertingauthority.wmo.int/authorities.php?recId=433,WORLDWEATHER,https://worldweather.wmo.int
WMO Register of Alerting Authorities,https://alertingauthority.wmo.int/authorities.php?recId=433,SEVERE WEATHER,https://severeweather.wmo.int
WMO Register of Alerting Authorities,https://alertingauthority.wmo.int/authorities.php?recId=433,Public Weather Services,https://public.wmo.int/en/programmes/public-weather-services-programme
WMO Register of Alerting Authorities,https://alertingauthority.wmo.int/authorities.php?recId=433,please contact us,https://public.wmo.int/en/about-us/contact-us
WMO Register of Alerting Authorities,https://alertingauthority.wmo.int/authorities.php?recId=433,© World Meteorological Organization,https://old.wmo.int/extranet/pages/documents/wmo.vcf
WMO Register of Alerting Authorities,https://alertingauthority.wmo.int/authorities.php?recId=433,Copyright,https://public.wmo.int/en/copyright
WMO Register of Alerting Authorities,https://alertingauthority.wmo.int/authorities.php?recId=433,Privacy Policy,https://public.wmo.int/en/privacy-policy
WMO Register of Alerting Authorities,https://alertingauthority.wmo.int/authorities.php?recId=433,Disclaimer,https://public.wmo.int/en/disclaimer
WMO Register of Alerting Authorities,https://alertingauthority.wmo.int/authorities.php?recId=433,Map disclaimer,https://public.wmo.int/en/disclaimer#mapdisclaimer
WMO Register of Alerting Authorities,https://alertingauthority.wmo.int/authorities.php?recId=434,,https://public.wmo.int/en
WMO Register of Alerting Authorities,https://alertingauthority.wmo.int/authorities.php?recId=434,HOME,https://public.wmo.int/en
WMO Register of Alerting Authorities,https://alertingauthority.wmo.int/authorities.php?recId=434,WORLDWEATHER,https://worldweather.wmo.int
WMO Register of Alerting Authorities,https://alertingauthority.wmo.int/authorities.php?recId=434,SEVERE WEATHER,https://severeweather.wmo.int
WMO Register of Alerting Authorities,https://alertingauthority.wmo.int/authorities.php?recId=434,Public Weather Services,https://public.wmo.int/en/programmes/public-weather-services-programme
WMO Register of Alerting Authorities,https://alertingauthority.wmo.int/authorities.php?recId=434,please contact us,https://public.wmo.int/en/about-us/contact-us
WMO Register of Alerting Authorities,https://alertingauthority.wmo.int/authorities.php?recId=434,© World Meteorological Organization,https://old.wmo.int/extranet/pages/documents/wmo.vcf
WMO Register of Alerting Authorities,https://alertingauthority.wmo.int/authorities.php?recId=434,Copyright,https://public.wmo.int/en/copyright
WMO Register of Alerting Authorities,https://alertingauthority.wmo.int/authorities.php?recId=434,Privacy Policy,https://public.wmo.int/en/privacy-policy
WMO Register of Alerting Authorities,https://alertingauthority.wmo.int/authorities.php?recId=434,Disclaimer,https://public.wmo.int/en/disclaimer
WMO Register of Alerting Authorities,https://alertingauthority.wmo.int/authorities.php?recId=434,Map disclaimer,https://public.wmo.int/en/disclaimer#mapdisclaimer
WMO Register of Alerting Authorities,https://alertingauthority.wmo.int/authorities.php?recId=435,,https://public.wmo.int/en
WMO Register of Alerting Authorities,https://alertingauthority.wmo.int/authorities.php?recId=435,HOME,https://public.wmo.int/en
WMO Register of Alerting Authorities,https://alertingauthority.wmo.int/authorities.php?recId=435,WORLDWEATHER,https://worldweather.wmo.int
WMO Register of Alerting Authorities,https://alertingauthority.wmo.int/authorities.php?recId=435,SEVERE WEATHER,https://severeweather.wmo.int
WMO Register of Alerting Authorities,https://alertingauthority.wmo.int/authorities.php?recId=435,Public Weather Services,https://public.wmo.int/en/programmes/public-weather-services-programme
WMO Register of Alerting Authorities,https://alertingauthority.wmo.int/authorities.php?recId=435,please contact us,https://public.wmo.int/en/about-us/contact-us
WMO Register of Alerting Authorities,https://alertingauthority.wmo.int/authorities.php?recId=435,© World Meteorological Organization,https://old.wmo.int/extranet/pages/documents/wmo.vcf
WMO Register of Alerting Authorities,https://alertingauthority.wmo.int/authorities.php?recId=435,Copyright,https://public.wmo.int/en/copyright
WMO Register of Alerting Authorities,https://alertingauthority.wmo.int/authorities.php?recId=435,Privacy Policy,https://public.wmo.int/en/privacy-policy
WMO Register of Alerting Authorities,https://alertingauthority.wmo.int/authorities.php?recId=435,Disclaimer,https://public.wmo.int/en/disclaimer
WMO Register of Alerting Authorities,https://alertingauthority.wmo.int/authorities.php?recId=435,Map disclaimer,https://public.wmo.int/en/disclaimer#mapdisclaimer
WMO Register of Alerting Authorities,https://alertingauthority.wmo.int/authorities.php?recId=436,,https://public.wmo.int/en
WMO Register of Alerting Authorities,https://alertingauthority.wmo.int/authorities.php?recId=436,HOME,https://public.wmo.int/en
WMO Register of Alerting Authorities,https://alertingauthority.wmo.int/authorities.php?recId=436,WORLDWEATHER,https://worldweather.wmo.int
WMO Register of Alerting Authorities,https://alertingauthority.wmo.int/authorities.php?recId=436,SEVERE WEATHER,https://severeweather.wmo.int
WMO Register of Alerting Authorities,https://alertingauthority.wmo.int/authorities.php?recId=436,Public Weather Services,https://public.wmo.int/en/programmes/public-weather-services-programme
WMO Register of Alerting Authorities,https://alertingauthority.wmo.int/authorities.php?recId=436,please contact us,https://public.wmo.int/en/about-us/contact-us
WMO Register of Alerting Authorities,https://alertingauthority.wmo.int/authorities.php?recId=436,© World Meteorological Organization,https://old.wmo.int/extranet/pages/documents/wmo.vcf
WMO Register of Alerting Authorities,https://alertingauthority.wmo.int/authorities.php?recId=436,Copyright,https://public.wmo.int/en/copyright
WMO Register of Alerting Authorities,https://alertingauthority.wmo.int/authorities.php?recId=436,Privacy Policy,https://public.wmo.int/en/privacy-policy
WMO Register of Alerting Authorities,https://alertingauthority.wmo.int/authorities.php?recId=436,Disclaimer,https://public.wmo.int/en/disclaimer
WMO Register of Alerting Authorities,https://alertingauthority.wmo.int/authorities.php?recId=436,Map disclaimer,https://public.wmo.int/en/disclaimer#mapdisclaimer
WMO Register of Alerting Authorities,https://alertingauthority.wmo.int/authorities.php?recId=437,,https://public.wmo.int/en
WMO Register of Alerting Authorities,https://alertingauthority.wmo.int/authorities.php?recId=437,HOME,https://public.wmo.int/en
WMO Register of Alerting Authorities,https://alertingauthority.wmo.int/authorities.php?recId=437,WORLDWEATHER,https://worldweather.wmo.int
WMO Register of Alerting Authorities,https://alertingauthority.wmo.int/authorities.php?recId=437,SEVERE WEATHER,https://severeweather.wmo.int
WMO Register of Alerting Authorities,https://alertingauthority.wmo.int/authorities.php?recId=437,Public Weather Services,https://public.wmo.int/en/programmes/public-weather-services-programme
WMO Register of Alerting Authorities,https://alertingauthority.wmo.int/authorities.php?recId=437,please contact us,https://public.wmo.int/en/about-us/contact-us
WMO Register of Alerting Authorities,https://alertingauthority.wmo.int/authorities.php?recId=437,© World Meteorological Organization,https://old.wmo.int/extranet/pages/documents/wmo.vcf
WMO Register of Alerting Authorities,https://alertingauthority.wmo.int/authorities.php?recId=437,Copyright,https://public.wmo.int/en/copyright
WMO Register of Alerting Authorities,https://alertingauthority.wmo.int/authorities.php?recId=437,Privacy Policy,https://public.wmo.int/en/privacy-policy
WMO Register of Alerting Authorities,https://alertingauthority.wmo.int/authorities.php?recId=437,Disclaimer,https://public.wmo.int/en/disclaimer
WMO Register of Alerting Authorities,https://alertingauthority.wmo.int/authorities.php?recId=437,Map disclaimer,https://public.wmo.int/en/disclaimer#mapdisclaimer
WMO Register of Alerting Authorities,https://alertingauthority.wmo.int/authorities.php?recId=438,,https://public.wmo.int/en
WMO Register of Alerting Authorities,https://alertingauthority.wmo.int/authorities.php?recId=438,HOME,https://public.wmo.int/en
WMO Register of Alerting Authorities,https://alertingauthority.wmo.int/authorities.php?recId=438,WORLDWEATHER,https://worldweather.wmo.int
WMO Register of Alerting Authorities,https://alertingauthority.wmo.int/authorities.php?recId=438,SEVERE WEATHER,https://severeweather.wmo.int
WMO Register of Alerting Authorities,https://alertingauthority.wmo.int/authorities.php?recId=438,Public Weather Services,https://public.wmo.int/en/programmes/public-weather-services-programme
WMO Register of Alerting Authorities,https://alertingauthority.wmo.int/authorities.php?recId=438,please contact us,https://public.wmo.int/en/about-us/contact-us
WMO Register of Alerting Authorities,https://alertingauthority.wmo.int/authorities.php?recId=438,© World Meteorological Organization,https://old.wmo.int/extranet/pages/documents/wmo.vcf
WMO Register of Alerting Authorities,https://alertingauthority.wmo.int/authorities.php?recId=438,Copyright,https://public.wmo.int/en/copyright
WMO Register of Alerting Authorities,https://alertingauthority.wmo.int/authorities.php?recId=438,Privacy Policy,https://public.wmo.int/en/privacy-policy
WMO Register of Alerting Authorities,https://alertingauthority.wmo.int/authorities.php?recId=438,Disclaimer,https://public.wmo.int/en/disclaimer
WMO Register of Alerting Authorities,https://alertingauthority.wmo.int/authorities.php?recId=438,Map disclaimer,https://public.wmo.int/en/disclaimer#mapdisclaimer
WMO Register of Alerting Authorities,https://alertingauthority.wmo.int/authorities.php?recId=439,,https://public.wmo.int/en
WMO Register of Alerting Authorities,https://alertingauthority.wmo.int/authorities.php?recId=439,HOME,https://public.wmo.int/en
WMO Register of Alerting Authorities,https://alertingauthority.wmo.int/authorities.php?recId=439,WORLDWEATHER,https://worldweather.wmo.int
WMO Register of Alerting Authorities,https://alertingauthority.wmo.int/authorities.php?recId=439,SEVERE WEATHER,https://severeweather.wmo.int
WMO Register of Alerting Authorities,https://alertingauthority.wmo.int/authorities.php?recId=439,Public Weather Services,https://public.wmo.int/en/programmes/public-weather-services-programme
WMO Register of Alerting Authorities,https://alertingauthority.wmo.int/authorities.php?recId=439,please contact us,https://public.wmo.int/en/about-us/contact-us
WMO Register of Alerting Authorities,https://alertingauthority.wmo.int/authorities.php?recId=439,© World Meteorological Organization,https://old.wmo.int/extranet/pages/documents/wmo.vcf
WMO Register of Alerting Authorities,https://alertingauthority.wmo.int/authorities.php?recId=439,Copyright,https://public.wmo.int/en/copyright
WMO Register of Alerting Authorities,https://alertingauthority.wmo.int/authorities.php?recId=439,Privacy Policy,https://public.wmo.int/en/privacy-policy
WMO Register of Alerting Authorities,https://alertingauthority.wmo.int/authorities.php?recId=439,Disclaimer,https://public.wmo.int/en/disclaimer
WMO Register of Alerting Authorities,https://alertingauthority.wmo.int/authorities.php?recId=439,Map disclaimer,https://public.wmo.int/en/disclaimer#mapdisclaimer
WMO Register of Alerting Authorities,https://alertingauthority.wmo.int/authorities.php?recId=440,,https://public.wmo.int/en
WMO Register of Alerting Authorities,https://alertingauthority.wmo.int/authorities.php?recId=440,HOME,https://public.wmo.int/en
WMO Register of Alerting Authorities,https://alertingauthority.wmo.int/authorities.php?recId=440,WORLDWEATHER,https://worldweather.wmo.int
WMO Register of Alerting Authorities,https://alertingauthority.wmo.int/authorities.php?recId=440,SEVERE WEATHER,https://severeweather.wmo.int
WMO Register of Alerting Authorities,https://alertingauthority.wmo.int/authorities.php?recId=440,Public Weather Services,https://public.wmo.int/en/programmes/public-weather-services-programme
WMO Register of Alerting Authorities,https://alertingauthority.wmo.int/authorities.php?recId=440,please contact us,https://public.wmo.int/en/about-us/contact-us
WMO Register of Alerting Authorities,https://alertingauthority.wmo.int/authorities.php?recId=440,© World Meteorological Organization,https://old.wmo.int/extranet/pages/documents/wmo.vcf
WMO Register of Alerting Authorities,https://alertingauthority.wmo.int/authorities.php?recId=440,Copyright,https://public.wmo.int/en/copyright
WMO Register of Alerting Authorities,https://alertingauthority.wmo.int/authorities.php?recId=440,Privacy Policy,https://public.wmo.int/en/privacy-policy
WMO Register of Alerting Authorities,https://alertingauthority.wmo.int/authorities.php?recId=440,Disclaimer,https://public.wmo.int/en/disclaimer
WMO Register of Alerting Authorities,https://alertingauthority.wmo.int/authorities.php?recId=440,Map disclaimer,https://public.wmo.int/en/disclaimer#mapdisclaimer
WMO Register of Alerting Authorities,https://alertingauthority.wmo.int/authorities.php?recId=441,,https://public.wmo.int/en
WMO Register of Alerting Authorities,https://alertingauthority.wmo.int/authorities.php?recId=441,HOME,https://public.wmo.int/en
WMO Register of Alerting Authorities,https://alertingauthority.wmo.int/authorities.php?recId=441,WORLDWEATHER,https://worldweather.wmo.int
WMO Register of Alerting Authorities,https://alertingauthority.wmo.int/authorities.php?recId=441,SEVERE WEATHER,https://severeweather.wmo.int
WMO Register of Alerting Authorities,https://alertingauthority.wmo.int/authorities.php?recId=441,Public Weather Services,https://public.wmo.int/en/programmes/public-weather-services-programme
WMO Register of Alerting Authorities,https://alertingauthority.wmo.int/authorities.php?recId=441,please contact us,https://public.wmo.int/en/about-us/contact-us
WMO Register of Alerting Authorities,https://alertingauthority.wmo.int/authorities.php?recId=441,© World Meteorological Organization,https://old.wmo.int/extranet/pages/documents/wmo.vcf
WMO Register of Alerting Authorities,https://alertingauthority.wmo.int/authorities.php?recId=441,Copyright,https://public.wmo.int/en/copyright
WMO Register of Alerting Authorities,https://alertingauthority.wmo.int/authorities.php?recId=441,Privacy Policy,https://public.wmo.int/en/privacy-policy
WMO Register of Alerting Authorities,https://alertingauthority.wmo.int/authorities.php?recId=441,Disclaimer,https://public.wmo.int/en/disclaimer
WMO Register of Alerting Authorities,https://alertingauthority.wmo.int/authorities.php?recId=441,Map disclaimer,https://public.wmo.int/en/disclaimer#mapdisclaimer
WMO Register of Alerting Authorities,https://alertingauthority.wmo.int/authorities.php?recId=442,,https://public.wmo.int/en
WMO Register of Alerting Authorities,https://alertingauthority.wmo.int/authorities.php?recId=442,HOME,https://public.wmo.int/en
WMO Register of Alerting Authorities,https://alertingauthority.wmo.int/authorities.php?recId=442,WORLDWEATHER,https://worldweather.wmo.int
WMO Register of Alerting Authorities,https://alertingauthority.wmo.int/authorities.php?recId=442,SEVERE WEATHER,https://severeweather.wmo.int
WMO Register of Alerting Authorities,https://alertingauthority.wmo.int/authorities.php?recId=442,Public Weather Services,https://public.wmo.int/en/programmes/public-weather-services-programme
WMO Register of Alerting Authorities,https://alertingauthority.wmo.int/authorities.php?recId=442,please contact us,https://public.wmo.int/en/about-us/contact-us
WMO Register of Alerting Authorities,https://alertingauthority.wmo.int/authorities.php?recId=442,© World Meteorological Organization,https://old.wmo.int/extranet/pages/documents/wmo.vcf
WMO Register of Alerting Authorities,https://alertingauthority.wmo.int/authorities.php?recId=442,Copyright,https://public.wmo.int/en/copyright
WMO Register of Alerting Authorities,https://alertingauthority.wmo.int/authorities.php?recId=442,Privacy Policy,https://public.wmo.int/en/privacy-policy
WMO Register of Alerting Authorities,https://alertingauthority.wmo.int/authorities.php?recId=442,Disclaimer,https://public.wmo.int/en/disclaimer
WMO Register of Alerting Authorities,https://alertingauthority.wmo.int/authorities.php?recId=442,Map disclaimer,https://public.wmo.int/en/disclaimer#mapdisclaimer
WMO Register of Alerting Authorities,https://alertingauthority.wmo.int/authorities.php?recId=443,,https://public.wmo.int/en
WMO Register of Alerting Authorities,https://alertingauthority.wmo.int/authorities.php?recId=443,HOME,https://public.wmo.int/en
WMO Register of Alerting Authorities,https://alertingauthority.wmo.int/authorities.php?recId=443,WORLDWEATHER,https://worldweather.wmo.int
WMO Register of Alerting Authorities,https://alertingauthority.wmo.int/authorities.php?recId=443,SEVERE WEATHER,https://severeweather.wmo.int
WMO Register of Alerting Authorities,https://alertingauthority.wmo.int/authorities.php?recId=443,Public Weather Services,https://public.wmo.int/en/programmes/public-weather-services-programme
WMO Register of Alerting Authorities,https://alertingauthority.wmo.int/authorities.php?recId=443,please contact us,https://public.wmo.int/en/about-us/contact-us
WMO Register of Alerting Authorities,https://alertingauthority.wmo.int/authorities.php?recId=443,© World Meteorological Organization,https://old.wmo.int/extranet/pages/documents/wmo.vcf
WMO Register of Alerting Authorities,https://alertingauthority.wmo.int/authorities.php?recId=443,Copyright,https://public.wmo.int/en/copyright
WMO Register of Alerting Authorities,https://alertingauthority.wmo.int/authorities.php?recId=443,Privacy Policy,https://public.wmo.int/en/privacy-policy
WMO Register of Alerting Authorities,https://alertingauthority.wmo.int/authorities.php?recId=443,Disclaimer,https://public.wmo.int/en/disclaimer
WMO Register of Alerting Authorities,https://alertingauthority.wmo.int/authorities.php?recId=443,Map disclaimer,https://public.wmo.int/en/disclaimer#mapdisclaimer
WMO Register of Alerting Authorities,https://alertingauthority.wmo.int/authorities.php?recId=444,,https://public.wmo.int/en
WMO Register of Alerting Authorities,https://alertingauthority.wmo.int/authorities.php?recId=444,HOME,https://public.wmo.int/en
WMO Register of Alerting Authorities,https://alertingauthority.wmo.int/authorities.php?recId=444,WORLDWEATHER,https://worldweather.wmo.int
WMO Register of Alerting Authorities,https://alertingauthority.wmo.int/authorities.php?recId=444,SEVERE WEATHER,https://severeweather.wmo.int
WMO Register of Alerting Authorities,https://alertingauthority.wmo.int/authorities.php?recId=444,Public Weather Services,https://public.wmo.int/en/programmes/public-weather-services-programme
WMO Register of Alerting Authorities,https://alertingauthority.wmo.int/authorities.php?recId=444,please contact us,https://public.wmo.int/en/about-us/contact-us
WMO Register of Alerting Authorities,https://alertingauthority.wmo.int/authorities.php?recId=444,© World Meteorological Organization,https://old.wmo.int/extranet/pages/documents/wmo.vcf
WMO Register of Alerting Authorities,https://alertingauthority.wmo.int/authorities.php?recId=444,Copyright,https://public.wmo.int/en/copyright
WMO Register of Alerting Authorities,https://alertingauthority.wmo.int/authorities.php?recId=444,Privacy Policy,https://public.wmo.int/en/privacy-policy
WMO Register of Alerting Authorities,https://alertingauthority.wmo.int/authorities.php?recId=444,Disclaimer,https://public.wmo.int/en/disclaimer
WMO Register of Alerting Authorities,https://alertingauthority.wmo.int/authorities.php?recId=444,Map disclaimer,https://public.wmo.int/en/disclaimer#mapdisclaimer
WMO Register of Alerting Authorities,https://alertingauthority.wmo.int/authorities.php?recId=445,,https://public.wmo.int/en
WMO Register of Alerting Authorities,https://alertingauthority.wmo.int/authorities.php?recId=445,HOME,https://public.wmo.int/en
WMO Register of Alerting Authorities,https://alertingauthority.wmo.int/authorities.php?recId=445,WORLDWEATHER,https://worldweather.wmo.int
WMO Register of Alerting Authorities,https://alertingauthority.wmo.int/authorities.php?recId=445,SEVERE WEATHER,https://severeweather.wmo.int
WMO Register of Alerting Authorities,https://alertingauthority.wmo.int/authorities.php?recId=445,Public Weather Services,https://public.wmo.int/en/programmes/public-weather-services-programme
WMO Register of Alerting Authorities,https://alertingauthority.wmo.int/authorities.php?recId=445,please contact us,https://public.wmo.int/en/about-us/contact-us
WMO Register of Alerting Authorities,https://alertingauthority.wmo.int/authorities.php?recId=445,© World Meteorological Organization,https://old.wmo.int/extranet/pages/documents/wmo.vcf
WMO Register of Alerting Authorities,https://alertingauthority.wmo.int/authorities.php?recId=445,Copyright,https://public.wmo.int/en/copyright
WMO Register of Alerting Authorities,https://alertingauthority.wmo.int/authorities.php?recId=445,Privacy Policy,https://public.wmo.int/en/privacy-policy
WMO Register of Alerting Authorities,https://alertingauthority.wmo.int/authorities.php?recId=445,Disclaimer,https://public.wmo.int/en/disclaimer
WMO Register of Alerting Authorities,https://alertingauthority.wmo.int/authorities.php?recId=445,Map disclaimer,https://public.wmo.int/en/disclaimer#mapdisclaimer
WMO Register of Alerting Authorities,https://alertingauthority.wmo.int/authorities.php?recId=446,,https://public.wmo.int/en
WMO Register of Alerting Authorities,https://alertingauthority.wmo.int/authorities.php?recId=446,HOME,https://public.wmo.int/en
WMO Register of Alerting Authorities,https://alertingauthority.wmo.int/authorities.php?recId=446,WORLDWEATHER,https://worldweather.wmo.int
WMO Register of Alerting Authorities,https://alertingauthority.wmo.int/authorities.php?recId=446,SEVERE WEATHER,https://severeweather.wmo.int
WMO Register of Alerting Authorities,https://alertingauthority.wmo.int/authorities.php?recId=446,Public Weather Services,https://public.wmo.int/en/programmes/public-weather-services-programme
WMO Register of Alerting Authorities,https://alertingauthority.wmo.int/authorities.php?recId=446,please contact us,https://public.wmo.int/en/about-us/contact-us
WMO Register of Alerting Authorities,https://alertingauthority.wmo.int/authorities.php?recId=446,© World Meteorological Organization,https://old.wmo.int/extranet/pages/documents/wmo.vcf
WMO Register of Alerting Authorities,https://alertingauthority.wmo.int/authorities.php?recId=446,Copyright,https://public.wmo.int/en/copyright
WMO Register of Alerting Authorities,https://alertingauthority.wmo.int/authorities.php?recId=446,Privacy Policy,https://public.wmo.int/en/privacy-policy
WMO Register of Alerting Authorities,https://alertingauthority.wmo.int/authorities.php?recId=446,Disclaimer,https://public.wmo.int/en/disclaimer
WMO Register of Alerting Authorities,https://alertingauthority.wmo.int/authorities.php?recId=446,Map disclaimer,https://public.wmo.int/en/disclaimer#mapdisclaimer
WMO Register of Alerting Authorities,https://alertingauthority.wmo.int/authorities.php?recId=447,,https://public.wmo.int/en
WMO Register of Alerting Authorities,https://alertingauthority.wmo.int/authorities.php?recId=447,HOME,https://public.wmo.int/en
WMO Register of Alerting Authorities,https://alertingauthority.wmo.int/authorities.php?recId=447,WORLDWEATHER,https://worldweather.wmo.int
WMO Register of Alerting Authorities,https://alertingauthority.wmo.int/authorities.php?recId=447,SEVERE WEATHER,https://severeweather.wmo.int
WMO Register of Alerting Authorities,https://alertingauthority.wmo.int/authorities.php?recId=447,Public Weather Services,https://public.wmo.int/en/programmes/public-weather-services-programme
WMO Register of Alerting Authorities,https://alertingauthority.wmo.int/authorities.php?recId=447,please contact us,https://public.wmo.int/en/about-us/contact-us
WMO Register of Alerting Authorities,https://alertingauthority.wmo.int/authorities.php?recId=447,© World Meteorological Organization,https://old.wmo.int/extranet/pages/documents/wmo.vcf
WMO Register of Alerting Authorities,https://alertingauthority.wmo.int/authorities.php?recId=447,Copyright,https://public.wmo.int/en/copyright
WMO Register of Alerting Authorities,https://alertingauthority.wmo.int/authorities.php?recId=447,Privacy Policy,https://public.wmo.int/en/privacy-policy
WMO Register of Alerting Authorities,https://alertingauthority.wmo.int/authorities.php?recId=447,Disclaimer,https://public.wmo.int/en/disclaimer
WMO Register of Alerting Authorities,https://alertingauthority.wmo.int/authorities.php?recId=447,Map disclaimer,https://public.wmo.int/en/disclaimer#mapdisclaimer
WMO Register of Alerting Authorities,https://alertingauthority.wmo.int/authorities.php?recId=448,,https://public.wmo.int/en
WMO Register of Alerting Authorities,https://alertingauthority.wmo.int/authorities.php?recId=448,HOME,https://public.wmo.int/en
WMO Register of Alerting Authorities,https://alertingauthority.wmo.int/authorities.php?recId=448,WORLDWEATHER,https://worldweather.wmo.int
WMO Register of Alerting Authorities,https://alertingauthority.wmo.int/authorities.php?recId=448,SEVERE WEATHER,https://severeweather.wmo.int
WMO Register of Alerting Authorities,https://alertingauthority.wmo.int/authorities.php?recId=448,Public Weather Services,https://public.wmo.int/en/programmes/public-weather-services-programme
WMO Register of Alerting Authorities,https://alertingauthority.wmo.int/authorities.php?recId=448,please contact us,https://public.wmo.int/en/about-us/contact-us
WMO Register of Alerting Authorities,https://alertingauthority.wmo.int/authorities.php?recId=448,© World Meteorological Organization,https://old.wmo.int/extranet/pages/documents/wmo.vcf
WMO Register of Alerting Authorities,https://alertingauthority.wmo.int/authorities.php?recId=448,Copyright,https://public.wmo.int/en/copyright
WMO Register of Alerting Authorities,https://alertingauthority.wmo.int/authorities.php?recId=448,Privacy Policy,https://public.wmo.int/en/privacy-policy
WMO Register of Alerting Authorities,https://alertingauthority.wmo.int/authorities.php?recId=448,Disclaimer,https://public.wmo.int/en/disclaimer
WMO Register of Alerting Authorities,https://alertingauthority.wmo.int/authorities.php?recId=448,Map disclaimer,https://public.wmo.int/en/disclaimer#mapdisclaimer
WMO Register of Alerting Authorities,https://alertingauthority.wmo.int/authorities.php?recId=449,,https://public.wmo.int/en
WMO Register of Alerting Authorities,https://alertingauthority.wmo.int/authorities.php?recId=449,HOME,https://public.wmo.int/en
WMO Register of Alerting Authorities,https://alertingauthority.wmo.int/authorities.php?recId=449,WORLDWEATHER,https://worldweather.wmo.int
WMO Register of Alerting Authorities,https://alertingauthority.wmo.int/authorities.php?recId=449,SEVERE WEATHER,https://severeweather.wmo.int
WMO Register of Alerting Authorities,https://alertingauthority.wmo.int/authorities.php?recId=449,Public Weather Services,https://public.wmo.int/en/programmes/public-weather-services-programme
WMO Register of Alerting Authorities,https://alertingauthority.wmo.int/authorities.php?recId=449,please contact us,https://public.wmo.int/en/about-us/contact-us
WMO Register of Alerting Authorities,https://alertingauthority.wmo.int/authorities.php?recId=449,© World Meteorological Organization,https://old.wmo.int/extranet/pages/documents/wmo.vcf
WMO Register of Alerting Authorities,https://alertingauthority.wmo.int/authorities.php?recId=449,Copyright,https://public.wmo.int/en/copyright
WMO Register of Alerting Authorities,https://alertingauthority.wmo.int/authorities.php?recId=449,Privacy Policy,https://public.wmo.int/en/privacy-policy
WMO Register of Alerting Authorities,https://alertingauthority.wmo.int/authorities.php?recId=449,Disclaimer,https://public.wmo.int/en/disclaimer
WMO Register of Alerting Authorities,https://alertingauthority.wmo.int/authorities.php?recId=449,Map disclaimer,https://public.wmo.int/en/disclaimer#mapdisclaimer
WMO Register of Alerting Authorities,https://alertingauthority.wmo.int/authorities.php?recId=450,,https://public.wmo.int/en
WMO Register of Alerting Authorities,https://alertingauthority.wmo.int/authorities.php?recId=450,HOME,https://public.wmo.int/en
WMO Register of Alerting Authorities,https://alertingauthority.wmo.int/authorities.php?recId=450,WORLDWEATHER,https://worldweather.wmo.int
WMO Register of Alerting Authorities,https://alertingauthority.wmo.int/authorities.php?recId=450,SEVERE WEATHER,https://severeweather.wmo.int
WMO Register of Alerting Authorities,https://alertingauthority.wmo.int/authorities.php?recId=450,Public Weather Services,https://public.wmo.int/en/programmes/public-weather-services-programme
WMO Register of Alerting Authorities,https://alertingauthority.wmo.int/authorities.php?recId=450,please contact us,https://public.wmo.int/en/about-us/contact-us
WMO Register of Alerting Authorities,https://alertingauthority.wmo.int/authorities.php?recId=450,© World Meteorological Organization,https://old.wmo.int/extranet/pages/documents/wmo.vcf
WMO Register of Alerting Authorities,https://alertingauthority.wmo.int/authorities.php?recId=450,Copyright,https://public.wmo.int/en/copyright
WMO Register of Alerting Authorities,https://alertingauthority.wmo.int/authorities.php?recId=450,Privacy Policy,https://public.wmo.int/en/privacy-policy
WMO Register of Alerting Authorities,https://alertingauthority.wmo.int/authorities.php?recId=450,Disclaimer,https://public.wmo.int/en/disclaimer
WMO Register of Alerting Authorities,https://alertingauthority.wmo.int/authorities.php?recId=450,Map disclaimer,https://public.wmo.int/en/disclaimer#mapdisclaimer
